tree
version=v4
num_class=1
num_tree_per_iteration=1
label_index=0
max_feature_idx=146
objective=binary sigmoid:1
feature_names=age years_at_employer account_age_months dependents_count num_products_held declared_annual_income verified_income_ratio income_volatility_cv income_months_missing_12m total_credit_limit credit_utilization_ratio revolving_balance num_open_loans dti_ratio num_credit_inquiries_12m delinquencies_30d_12m delinquencies_60d_24m delinquencies_90d_24m max_days_past_due_24m months_since_last_delinquency prior_default_flag num_bounced_payments_12m bureau_score payment_history_score avg_monthly_balance min_monthly_balance balance_volatility overdraft_events_12m overdraft_days_12m savings_to_income_ratio loan_to_value collateral_coverage_ratio txn_count_90d txn_volume_90d avg_txn_amount cash_intensity_ratio large_cash_deposits_90d cross_border_txn_count_90d cross_border_txn_ratio night_txn_ratio new_counterparty_ratio_90d merchant_category_entropy txn_velocity_change_pct gambling_spend_ratio_90d crypto_exposure_ratio_90d structuring_score expected_vs_actual_turnover_ratio pass_through_velocity_hours volume_spike_ratio_6m vpn_or_high_risk_ip_flag device_change_frequency_30d cash_to_total_volume_ratio crypto_vasp_exposure_flag pep_flag sanctions_screen_hits adverse_media_hits_12m high_risk_jurisdiction_exposure medium_risk_jurisdiction_exposure offshore_entity_links source_of_funds_verified kyc_document_completeness kyc_refresh_overdue_days sar_filed_prior edd_required complex_ownership_structure_flag recent_ubo_change_flag credit_limit_to_income revolving_balance_to_income balance_months_of_income min_balance_months_of_income overdraft_days_per_event delinquency_severity inquiries_per_open_loan products_per_tenure_year tenure_to_age_ratio screening_hit_total kyc_deficiency_score aml_flag_count cash_and_crypto_exposure bureau_score_is_missing verified_income_ratio_is_missing income_volatility_cv_is_missing education_level_is_missing years_at_employer_is_missing source_of_funds_verified_is_missing loan_to_value_is_missing collateral_coverage_ratio_is_missing segment occupation employment_status education_level marital_status preferred_channel residency_status country_of_residence pep_relationship source_of_funds_declared beneficial_ownership_transparency jurisdiction_risk_tier cash_deposit_amount_90d cash_deposit_count_90d chargeback_amount_90d chargeback_count_90d crypto_transfer_amount_90d crypto_transfer_count_90d days_since_last_cash_deposit days_since_last_event days_since_last_missed_payment days_since_last_trigger_event distinct_counterparty_countries_180d distinct_counterparty_countries_30d distinct_counterparty_countries_90d event_count_180d event_count_30d event_count_90d event_count_velocity_ratio foreign_event_ratio_180d foreign_event_ratio_30d foreign_event_ratio_90d has_event_history inflow_180d inflow_30d inflow_90d max_abs_amount_180d max_abs_amount_30d max_abs_amount_90d missed_payment_amount_90d missed_payment_count_90d net_flow_180d net_flow_30d net_flow_90d night_event_ratio_180d night_event_ratio_30d night_event_ratio_90d outflow_180d outflow_30d outflow_90d outflow_velocity_ratio overdraft_breach_amount_90d overdraft_breach_count_90d trigger_event_count_90d wire_transfer_out_amount_90d wire_transfer_out_count_90d text_distress_level text_distress_confidence text_concealment_level text_concealment_confidence
feature_infos=[18:92] [0:40.899999999999999] [1:298] [0:7] [1:8] [3200:8995400] [0.41999999999999998:1] [0.010999999999999999:2.9129999999999998] [0:6] [2000:5423900] [0.0030999999999999999:1.2385999999999999] [90:1972530] [0:10] [0.01:1.0327999999999999] [0:14] [0:12] [0:7] [0:4] [0:211] [0:152] [0:1] [0:9] [300:850] [0:100] [0:2872650] [-233610:2729020] [0.01:1.5683] [0:27] [0:142] [0.00020000000000000001:6] [0.066000000000000003:1.3272999999999999] [0.753:12] [8:229] [868.79999999999995:2843252.2999999998] [10.289999999999999:59777.889999999999] [0:0.80369999999999997] [0:6] [0:109] [0:0.82150000000000001] [0.00059999999999999995:0.67320000000000002] [0.0047999999999999996:0.88] [0.58599999999999997:4.2000000000000002] [-0.94999999999999996:8] [0:0.29780000000000001] [3.0000000000000001e-05:0.39473000000000003] [0.0001:0.97289999999999999] [0:3.4980000000000002] [4.1500000000000004:1160.5799999999999] [0.22:4.7320000000000002] [0:1] [0:14] [0:0.82520000000000004] [0:1] [0:1] [0:4] [0:5] [0:1] [0:1] [0:12] [0:1] [0.16650000000000001:0.99990000000000001] [0:948] [0:1] [0:1] [0:1] [0:1] [0.02932551319648094:1.3677884615384615] [0.0012396694214876034:0.93361111111111106] [0:6.7823383644965087] [-3.3416403785488962:6.4433430952917332] [0:36] [0:40] [0:14] [0.059999999999999998:50] [0.0010548523206751054:0.54791666666666672] [0:6] [9.9999999999988987e-05:1.8334999999999999] [0:5] [0.0017100000000000001:0.98919000000000001] [0:1] [0:1] [0:1] [0:1] [0:1] [0:1] [0:1] [0:1] -1:2:3:1:0 -1:6:9:20:21:10:1:4:26:14:2:11:17:19:5:24:0:28:16:8:15:13:18:27:3:12:23:22:7:25:29 -1:2:3:0:1:4:5 -1:0:2:3:4:5:1 -1:1:2:0:3 -1:1:2:0:3 -1:0:1:2:3 -1:12:28:9:7:8:0:19:6:4:5:26:2:23:10:13:17:21:20:27:14:18:32:29:22:3:1:16:31:25:15:30:24 -1:2:1:3 -1:7:0:4:2:3:6:1:8:5 -1:0:2:1 -1:1:2:0 [0:488065.25] [0:6] [0:294585.15000000002] [0:2] [0:106343.92] [0:7] [0:179] [0:175] [0:179] [0:30] [0:19] [0:8] [0:15] [0:49] [0:12] [0:29] [0:3] [0:1] [0:1] [0:1] [0:1] [0:1349367.8800000001] [0:488065.25] [0:735953.12] [0:703747.31000000006] [0:488065.25] [0:488065.25] [0:382232.98999999999] [0:6] [-799232.09999999998:846718.54000000015] [-455649.84000000003:447043.75] [-925873.59000000008:610797.34999999998] [0:1] [0:1] [0:1] [0:1155764.1000000001] [0:499812.07000000001] [0:925873.59000000008] [0:3.0000000000000004] [0:447043.75] [0:3] [0:6] [0:448460] [0:7] [0:3] [0.65000000000000002:0.94999999999999996] [0:3] [0.65000000000000002:0.94999999999999996]
tree_sizes=2632 2701 2697 2690 2706 2724 2704 2712 2715 2725 2716 2726 2710 2733 2706 2690 2704 2714 2723 2729 2725 2730 2741 2709 2719 2759 2722 2722 2737 2717 2735 2736 2719 2735 2718 2742 2730 2730 2714 2730 2769 2753 2725 2726 2746 2729 2744 2728 2747 2754 2759 2766 2745 2747 2768 2736 2742 2721 2771 2728 2727 2746 2739 2727 2737 2757 2761 2737 2755 2746 2767 2729 2767 2753 2764 2757 2754 2746 2756 2739 2745 2782 2732 2749 2773 2754 2748 2761 2765 2754 2732 2754 2755 2755 2743 2756 2744 2736 2753 2751 2747 2731 2744 2752 2761 2769 2717 2780 2768 2756 2745 2755 2732 2727 2752 2761 2745 2748 2754 2754 2745 2746 2711 2761 2741 2703 2766 2745 2710 2735 2751 2730 2726 2744 2732 2731 2749 2742 2763 2749 2741 2763 2733 2755 2747 2744 2695 2748 2741 2726 2718 2740 2764 2741 2750 2741 2743 2739 2716 2762

Tree=0
num_leaves=24
num_cat=0
split_feature=10 10 15 143 7 143 13 25 25 143 7 10 13 74 13 141 22 74 13 45 25 19 43
split_gain=2428.2 459.521 348.281 195.232 193.531 107.699 96.5284 79.2961 72.7055 51.2471 49.7474 41.9147 32.1218 31.7286 31.5367 28.8103 28.5946 31.9961 28.0177 24.7977 24.5907 24.1073 23.7563
threshold=0.95325000000000015 0.5545500000000001 3.5000000000000004 1.5000000000000002 0.43450000000000005 1.5000000000000002 0.52715000000000012 95.000000000000014 75.000000000000014 2.5000000000000004 0.27250000000000008 0.72705000000000009 0.48015000000000008 0.023177449601500238 0.38365000000000005 5088.170000000001 637.50000000000011 0.067388923654568222 0.47245000000000004 0.058150000000000007 1455.0000000000002 16.500000000000004 0.018175000000000004
decision_type=2 2 2 2 8 2 2 2 2 2 10 2 2 2 2 2 10 2 2 2 2 2 2
left_child=1 9 4 8 5 10 13 -4 16 20 19 -8 -7 -5 -11 -6 17 18 -3 -2 -1 -13 -14
right_child=2 3 7 6 15 12 11 -9 -10 14 -12 21 22 -15 -16 -17 -18 -19 -20 -21 -22 -23 -24
leaf_value=-2.8562319918986443 -2.8389517431918594 -2.8242326365069266 -2.6412391547988294 -2.7677247627370378 -2.6818225306230428 -2.80290935130596 -2.8207117178668129 -2.8012436470350535 -2.852199694043307 -2.8502147366116333 -2.7634394530044033 -2.7251400356673523 -2.8081389651672803 -2.8231130469727508 -2.8053569771058799 -2.8197998197834595 -2.8426548494636674 -2.8327588790867346 -2.775840194903314 -2.7993261043725606 -2.8669560929188402 -2.805050838852281 -2.7117691446894647
leaf_weight=240.8911170437932 30.741009116172791 24.405868723988533 32.298830524086952 8.775727264583109 24.198159202933315 9.035364165902136 9.8662022501230222 4.4138273224234572 270.80128807574511 61.741655133664608 18.174583092331886 19.213130697607998 4.6215368434786823 104.58174385130405 16.149415262043476 2.2848047316074362 70.517382398247719 62.364783696830273 21.549862809479237 25.600198470056057 1115.2443459257483 7.2698332369327536 22.951902076601982
leaf_count=4639 592 470 622 169 466 174 190 85 5215 1189 350 370 89 2014 311 44 1358 1201 415 493 21477 140 442
internal_value=-2.84525 -2.8545 -2.73845 -2.83247 -2.7625 -2.78192 -2.80304 -2.65723 -2.84241 -2.86371 -2.80444 -2.76154 -2.74056 -2.81756 -2.84016 -2.69113 -2.82767 -2.81813 -2.79961 -2.82 -2.86507 -2.74274 -2.72434
internal_weight=2207.69 2033.37 174.32 599.346 137.608 111.125 149.707 36.7127 449.639 1434.03 74.5158 36.3492 36.6088 113.357 77.8911 26.483 178.838 108.321 45.9557 56.3412 1356.14 26.483 27.5734
internal_count=42515 39158 3357 11542 2650 2140 2883 707 8659 27616 1435 700 705 2183 1500 510 3444 2086 885 1085 26116 510 531
is_linear=0
shrinkage=1


Tree=1
num_leaves=24
num_cat=0
split_feature=10 24 10 22 143 143 69 13 143 2 7 7 7 29 10 69 145 143 7 6 10 141 29
split_gain=2080.66 344.573 307.604 207.113 139.28 71.9983 71.5623 69.8047 49.1212 44.8061 41.851 40.7052 38.4008 36.9474 44.5 34.5256 28.5752 27.9615 26.7025 26.0572 26.0406 27.3939 25.6505
threshold=0.88635000000000008 1225.0000000000002 0.5545500000000001 521.50000000000011 1.5000000000000002 1.5000000000000002 0.083329258353708233 0.47245000000000004 1.5000000000000002 15.500000000000002 0.076500000000000012 0.38650000000000007 0.24650000000000002 0.050950000000000002 0.94545000000000012 0.005028635382374841 1.0000000180025095e-35 1.5000000000000002 0.19050000000000003 0.7895000000000002 0.31145000000000006 12942.500000000002 0.15495000000000003
decision_type=2 2 2 8 2 2 2 2 2 2 8 8 8 2 2 2 2 2 10 10 2 2 2
left_child=2 3 8 7 15 11 12 -2 -1 22 -7 -5 17 14 -14 -4 -11 -3 -9 -15 -10 -22 -6
right_child=1 6 4 5 9 10 -8 18 20 16 -12 -13 13 19 -16 -17 -18 -19 -20 -21 21 -23 -24
leaf_value=-0.020562646316756635 0.027810890439812039 0.010523724712663524 0.011016410738884064 0.041886838525741064 0.096933653353561897 -0.0030923130886888971 0.0099753519475351375 0.11747549426575338 -0.015458719174667658 0.042661022463841222 0.1267751526052675 0.098459192286355343 0.017404223327601859 0.077485534087947547 0.12183192781183065 -0.0072857463800214571 0.012748437271562477 0.063989988378672064 0.20230655882775042 0.010730699641439956 0.0018046838544842911 0.061644546889064823 -0.00048517816731347656
leaf_weight=1217.497370608151 4.0937218293547621 23.5973249822855 145.32973467931151 46.484556268900633 12.469629336148499 2.2970249503850928 45.47868449613452 17.896096482872963 95.990132160484791 56.464901436120272 30.533316552639008 16.891681578010321 5.3895196802914169 7.9083944149315384 18.310812626034021 248.47738493606448 61.379565522074699 13.055822659283875 24.259740337729454 12.871196907013653 96.498002953827381 5.4263170920312396 2.9001912586390963
leaf_count=23872 74 441 2765 864 226 41 852 307 1872 1056 534 294 101 142 317 4813 1149 233 407 232 1869 105 53
internal_value=-0.000179183 0.0776861 -0.011034 0.109524 0.00850724 0.0814818 0.0407184 0.162059 -0.0183118 0.0347772 0.118033 0.0595159 0.0572967 0.0759564 0.101287 -0.000510021 0.0275537 0.0318939 0.173246 0.0407091 -0.00439814 0.00611551 0.080612
internal_weight=2211.5 269.068 1942.43 142.456 527.021 96.2066 126.612 46.2496 1415.41 133.214 32.8303 63.3762 81.1331 44.4799 23.7003 393.807 117.844 36.6531 42.1558 20.7796 197.914 101.924 15.3698
internal_count=42619 4839 37780 2521 10062 1733 2318 788 27718 2484 575 1158 1466 792 418 7578 2205 674 714 374 3846 1974 279
is_linear=0
shrinkage=0.03


Tree=2
num_leaves=24
num_cat=0
split_feature=10 10 24 7 143 19 143 7 15 19 143 25 2 143 26 45 13 13 130 128 26 10 45
split_gain=1941.14 290.658 265.293 158.152 119.362 103.365 83.1806 63.0859 55.5595 47.7776 46.3525 37.179 36.9176 36.4818 36.2272 35.4507 26.1389 24.9611 23.0284 22.1537 21.6234 19.8252 19.4182
threshold=0.88635000000000008 0.5545500000000001 1705.0000000000002 0.27850000000000008 1.5000000000000002 15.500000000000002 1.5000000000000002 0.18850000000000003 2.5000000000000004 10.500000000000002 2.5000000000000004 55.000000000000007 15.500000000000002 1.5000000000000002 0.63485000000000014 0.010450000000000003 0.28975000000000006 0.47245000000000004 -1.0000000180025095e-35 -28408.919999999995 0.47455000000000008 0.36485000000000006 0.17715000000000003
decision_type=2 2 2 8 2 2 2 8 2 2 2 2 2 2 2 2 2 2 2 2 2 2 2
left_child=1 10 3 6 11 19 8 -4 22 15 21 -3 20 14 -9 -8 -12 -14 -19 -5 -6 -1 -2
right_child=2 4 7 5 12 -7 9 13 -10 -11 16 -13 17 -15 -16 -17 -18 18 -20 -21 -22 -23 -24
leaf_value=-0.021852505804883838 0.013568158381273164 0.011323962445298031 0.012220628402440944 0.035511579081430551 0.031223831880312698 0.042690320878524105 0.013599409045288559 0.014551482096334303 0.085055742110353952 0.039408017392677033 -0.011316869480507205 -0.0076790314270193984 0.014325110714735459 0.08782712965090822 0.066783350508626466 0.13997607439027959 0.022446597935297474 0.023605971082132238 0.06987948240131292 0.15268232495651987 0.10638249141775151 -0.013593469800742754 0.064057732261713768
leaf_weight=932.94933157414198 35.053717993199825 144.90814340859652 52.542533945292234 2.9394404031336299 9.4498799815773982 12.091824147850273 2.6799510568380382 27.789805460721254 20.293425753712654 9.7989881671965104 43.744498550891876 248.95430603995919 79.971781875938177 21.807694043964148 21.113396018743515 21.890586391091347 35.690410982817411 28.342191781848669 16.01795519143343 54.788342632353306 7.1321456320583811 382.95270558819175 7.1059835515916339
leaf_count=18630 635 2730 964 47 161 197 42 499 321 158 852 4852 1474 366 358 340 678 510 287 837 120 7617 127
internal_value=-3.74735e-05 -0.0109312 0.0720707 0.0966694 0.00785262 0.131546 0.0693664 0.0378 0.04627 0.106483 -0.0181313 -0.000665645 0.0313378 0.0559481 0.0388399 0.128253 0.00403189 0.0249311 0.0426086 0.148105 0.0715212 -0.0194732 0.0245939
internal_weight=2220.01 1930.11 289.896 166.642 534.776 69.8196 96.8227 123.253 62.4531 34.3695 1395.34 393.862 140.914 70.7109 48.9032 24.5705 79.4349 124.332 44.3601 57.7278 16.582 1315.9 42.1597
internal_count=42802 37911 4891 2704 10134 1081 1623 2187 1083 540 27777 7582 2552 1223 857 382 1530 2271 797 884 281 26247 762
is_linear=0
shrinkage=0.03


Tree=3
num_leaves=24
num_cat=0
split_feature=10 10 23 143 143 26 26 143 7 19 25 25 68 2 134 42 9 13 43 30 24 145 124
split_gain=1722.27 256.491 235.697 132.66 111.082 85.2885 72.3144 55.2967 48.8652 40.9358 36.4435 36.1493 34.6025 26.4386 28.9186 25.3736 30.7981 21.8151 27.0214 29.4619 21.6803 21.0185 22.6189
threshold=0.88635000000000008 0.56375000000000008 39.550000000000004 1.5000000000000002 1.5000000000000002 0.62495000000000012 0.71375000000000011 2.5000000000000004 0.32750000000000007 12.500000000000002 95.000000000000014 55.000000000000007 0.64875494365166941 45.500000000000007 26547.505000000001 -0.017649999999999996 16650.000000000004 0.48015000000000008 0.018175000000000004 0.89545000000000008 905.00000000000011 2.5000000000000004 1708.2150000000004
decision_type=2 2 2 2 2 2 2 2 8 2 2 2 2 2 2 2 2 2 2 10 2 2 2
left_child=1 7 6 5 11 20 12 -1 17 10 21 -3 -2 14 15 -7 -17 -5 -19 -20 -4 22 -6
right_child=2 4 3 8 9 13 -8 -9 -10 -11 -12 -13 -14 -15 -16 16 -18 18 19 -21 -22 -23 -24
leaf_value=-0.019069069675749277 0.090794440228741544 0.010462226913590594 0.030007423728280674 0.026274865335297871 0.041935647756899404 0.0093251513026524745 0.14728252912384002 0.0062229697231673663 0.11750768211098994 0.012255109897431329 0.023751743031760114 -0.0084401960871790423 0.016338283678331594 0.032891598669648484 0.009072234667282365 0.021731709559450373 0.12489428854721149 0.011897037292778929 0.094859558481143885 0.0013984640182881788 0.0016665403374556366 0.027326291430610883 0.11360128442864841
leaf_weight=1303.0312260985374 51.088190194219351 144.28188675269485 41.087073262780905 16.065230332314968 11.039576638489963 3.1725487634539666 29.36556089296937 81.821489550173283 23.041945684701204 66.716081690043211 39.546787977218628 239.25393230095506 7.3907117806375018 21.5852613709867 4.6561341397464266 4.2039098218083408 15.213749308139084 6.265737257897853 25.636551957577471 3.4779809154570094 56.270503725856543 11.217954117804764 11.007308676838873
leaf_count=26430 736 2690 692 267 190 53 392 1568 335 1196 695 4695 127 349 76 68 241 100 389 53 1027 194 188
internal_value=-0.000161446 -0.0108148 0.0653648 0.0480698 0.00706353 0.0307657 0.106775 -0.0175679 0.0803383 0.0297793 0.0450796 -0.00131193 0.082236 0.062345 0.0818339 0.0948733 0.106675 0.0599162 0.0729687 0.0845024 0.0139903 0.06765 0.0841885
internal_weight=2216.44 1907.92 308.521 220.677 523.064 146.189 87.8445 1384.85 74.4874 139.528 72.8116 383.536 58.4789 48.8316 27.2463 22.5902 19.4177 51.4455 35.3803 29.1145 97.3576 33.2648 22.0469
internal_count=42751 37846 4905 3650 9848 2506 1255 27998 1144 2463 1267 7385 863 787 438 362 309 809 542 442 1719 572 378
is_linear=0
shrinkage=0.03


Tree=4
num_leaves=24
num_cat=0
split_feature=13 15 143 13 24 143 7 69 22 69 60 69 2 67 107 143 7 143 67 9 7 108 61
split_gain=1394.58 376.92 144.568 143.565 98.5169 75.5056 71.7615 53.9045 48.4319 45.9545 41.2326 41.2249 36.4297 32.5433 26.7678 25.946 23.4217 22.9686 22.3 22.0449 21.28 23.6848 18.7036
threshold=0.47245000000000004 1.5000000000000002 1.5000000000000002 0.31155000000000005 1535.0000000000002 1.5000000000000002 0.19850000000000004 0.005028635382374841 640.50000000000011 0.0075736034387666679 0.77285000000000015 0.006757392384324711 17.500000000000004 0.25607656341889234 47.500000000000007 1.5000000000000002 0.16450000000000004 1.0000000180025095e-35 0.20952128732849076 149850.00000000003 0.32450000000000007 15.500000000000002 24.500000000000004
decision_type=2 2 2 2 2 2 8 2 10 2 2 2 2 2 10 2 8 2 2 2 8 10 2
left_child=3 2 7 15 6 9 -3 10 11 18 16 22 -7 -6 -14 -1 -2 -8 -5 -15 -20 -22 -4
right_child=1 4 8 5 13 12 17 -9 -10 -11 -12 -13 14 19 -16 -17 -18 -19 20 -21 21 -23 -24
leaf_value=-0.02028248773931712 0.0047467977165822966 0.062737132387539696 0.11069443524033749 -0.0056734087123056637 0.023686540282492879 0.053938853810196585 0.089942447228882214 -0.0045206568841203486 0.023061557743723898 -0.012903517847155391 0.014039954373903691 0.03497996759919577 0.0070079544178553834 0.080417985285729188 0.052294953098885356 -0.0069248451016498298 0.067631673818814797 0.14277563945928901 0.0042110620933909623 0.0008337798027941005 0.020040990950738982 0.08077358883197408 0.056892681636658463
leaf_weight=972.01803652942181 7.1100865043699768 38.699986934661865 21.724075250327587 69.41568710282445 28.708298996090889 20.027478482574224 32.270578451454639 95.188584927469492 29.6432239189744 314.92342281341553 80.873671941459179 23.107109043747187 115.3802267126739 24.408654399216179 11.217233095318077 154.30462581664324 23.919412653893232 33.697737090289593 51.382711905986071 3.6019738316535941 29.257108941674232 6.0168133266270152 18.876667343080044
leaf_count=20005 128 565 323 1334 475 341 432 1863 502 6359 1414 382 2104 392 195 3043 406 412 956 62 529 106 277
internal_value=0.000180621 0.0464191 0.0262603 -0.0121034 0.0831664 -0.000474326 0.100616 0.0120541 0.0568619 -0.00633373 0.0259849 0.0714085 0.0181795 0.0486347 0.0117715 -0.018468 0.0543822 0.120338 0.00691834 0.0709216 0.0169053 0.0341786 0.0895255
internal_weight=2205.77 461.83 300.443 1743.94 161.387 617.621 104.668 207.092 93.3511 470.996 111.903 63.7079 146.625 56.7189 126.597 1126.32 31.0295 65.9683 156.072 28.0106 86.6566 35.2739 40.6007
internal_count=42605 7633 5295 34972 2338 11924 1409 3811 1484 9284 1948 982 2640 929 2299 23048 534 844 2925 454 1591 635 600
is_linear=0
shrinkage=0.03


Tree=5
num_leaves=24
num_cat=0
split_feature=10 10 23 143 143 143 25 19 25 25 15 143 74 10 24 24 13 29 72 33 24 10 145
split_gain=1462.84 224.482 185.448 94.5057 85.4111 76.6142 43.6213 39.9362 37.6553 31.8544 30.9421 29.5401 28.6164 24.4764 22.5446 22.2491 18.6719 18.1876 17.2706 17.1423 16.8707 18.3685 16.6779
threshold=0.86625000000000008 0.52775000000000005 46.350000000000001 1.5000000000000002 1.5000000000000002 1.0000000180025095e-35 65.000000000000014 10.500000000000002 55.000000000000007 285.00000000000006 1.0000000180025095e-35 1.0000000180025095e-35 0.11853155972874284 0.95325000000000015 225.00000000000003 11115.000000000002 0.42985000000000007 0.12325000000000001 0.22500000000000003 167057.46000000005 2025.0000000000002 0.75025000000000008 1.0000000180025095e-35
decision_type=2 2 2 2 2 2 2 2 2 2 2 2 2 2 2 2 2 2 2 2 2 2 2
left_child=1 11 5 8 6 12 -4 15 20 17 22 -1 13 -2 -14 -7 -13 -6 -12 -20 -3 -22 -5
right_child=2 3 4 10 9 7 -8 -9 -10 -11 18 16 14 -15 -16 -17 -18 -19 19 -21 21 -23 -24
leaf_value=-0.020428007577326223 0.017632447766255704 0.021188054281725641 0.034018687815252961 0.025843503333629312 0.079258128482357693 0.11732214336698342 -0.001075816500555903 0.044978732223791396 -0.0096365586366617198 0.022373630967930356 0.012558821509885031 -0.011729344076482276 0.050246081340752105 0.076751634385358369 -0.0064569727056559443 0.032999081395949592 0.014858510564341228 0.018276664425678067 0.055189360267126251 -0.012818856167772926 -0.0079859771172338719 0.020606131430252736 0.00042651943612588154
leaf_weight=1001.5051715932786 8.9216366037726385 59.723720580339432 85.95538729429245 44.748046323657036 48.163466095924377 58.242637358605862 49.806858085095882 13.482327863574026 262.3370741866529 16.770156238228083 16.250333372503519 257.22989741712809 11.787116035819055 44.616428282111883 10.889747727662323 4.9548381306231013 24.468710720539093 6.3690349571406832 41.688446287065744 2.8806879371404639 63.622529443353415 27.232583489269018 46.329550821334124
leaf_count=21049 143 1094 1375 769 652 694 921 173 5264 266 274 5224 154 600 163 74 474 91 684 47 1186 496 820
internal_value=-0.000290844 -0.0110818 0.0548648 0.00466704 0.0358031 0.0798843 0.0213149 0.101598 -0.0027986 0.0620547 0.0247342 -0.0180103 0.0559993 0.0678897 0.0247001 0.111926 -0.00933142 0.0730345 0.0410347 0.050432 0.00908459 0.000843362 0.0132013
internal_weight=2207.98 1848.02 359.96 564.813 207.065 152.895 135.762 76.6798 412.916 71.3027 151.897 1283.2 76.2149 53.5381 22.6769 63.1975 281.699 54.5325 60.8195 44.5691 150.579 90.8551 91.0776
internal_count=42687 37381 5306 10634 3305 2001 2296 941 8040 1009 2594 26747 1060 743 317 768 5698 743 1005 731 2776 1682 1589
is_linear=0
shrinkage=0.03


Tree=6
num_leaves=24
num_cat=0
split_feature=10 10 10 7 144 26 23 10 13 144 13 13 137 19 128 24 25 2 7 136 116 30 66
split_gain=1215.11 223.593 146.335 78.7282 50.483 38.7622 34.773 30.737 28.7362 25.3002 24.4292 24.3556 23.2423 24.5163 23.8725 21.7049 19.588 18.7041 17.6675 17.2326 16.691 16.6539 16.4649
threshold=0.86625000000000008 0.5545500000000001 1.0613500000000002 0.17950000000000002 0.67500000000000016 0.86325000000000007 78.550000000000011 1.1591500000000001 0.36955000000000005 0.80000000000000016 0.53055000000000008 0.45115000000000005 0.63658674717150998 29.500000000000004 -19456.044999999995 2865.0000000000005 25.000000000000004 14.500000000000002 0.28050000000000008 8546.2050000000017 0.044466403162055343 0.76165000000000016 0.11442634228106636
decision_type=2 2 2 8 2 2 2 2 2 2 2 2 10 2 2 2 2 2 8 2 10 10 2
left_child=1 8 3 15 6 11 10 18 -1 16 -3 -5 14 -14 -13 -2 17 19 -4 -6 -20 -7 -16
right_child=2 4 7 5 9 21 -8 -9 -10 -11 -12 12 13 -15 22 -17 -18 -19 20 -21 -22 -23 -24
leaf_value=-0.019033897445281119 0.026643613806068195 0.018475202836817504 0.048158224138760967 0.019004377331164606 0.058430798569301584 0.10725770727810595 -0.020807244873992482 0.10473705541903881 -0.0060840316940410427 0.045149300481491919 0.050329338197701745 -0.005027891259284557 0.042085598977898514 -0.012765762826349331 0.016295858398208803 -0.001162732770265741 -0.0061898913024642883 0.0040468653973483549 0.027533775452071581 -0.010649222992369766 0.089465769095501926 0.020976162569983532 0.079382887493896451
leaf_weight=1130.8271684087813 52.489750850945711 101.64583686739206 49.185399454087019 35.578466642647982 9.3216163069009763 12.169155292212961 14.589885599911211 29.70299768820405 181.29291860386729 8.9253565482795221 27.514869302511215 3.6505267247557631 57.08147719502449 7.4536276720464221 5.4489369019865981 46.805880397558212 240.25602370128036 113.29601094126701 6.9794447347521773 3.7945285961031905 32.726597249507904 3.6733233332633963 36.070428803563118
leaf_count=24044 803 1812 653 571 160 157 265 316 3714 146 450 54 801 116 74 819 4723 2037 80 64 368 47 503
internal_value=-0.000539459 -0.0106694 0.0482091 0.0351681 0.00597551 0.0480232 0.0209615 0.0757875 -0.0172566 0.000159285 0.025925 0.0420622 0.049066 0.0355571 0.0660404 0.0137721 -0.00117484 0.0083046 0.0640223 0.039681 0.0804219 0.0918457 0.0722328
internal_weight=2210.48 1831.46 379.016 260.422 519.344 161.126 143.751 118.594 1312.12 375.594 129.161 145.283 109.705 64.5351 45.1699 99.2956 366.668 126.412 88.8914 13.1161 39.706 15.8425 41.5194
internal_count=42777 37415 5362 3945 9657 2323 2527 1417 27758 7130 2262 2119 1548 917 631 1622 6984 2261 1101 224 448 204 577
is_linear=0
shrinkage=0.03


Tree=7
num_leaves=24
num_cat=0
split_feature=24 15 143 22 67 143 22 69 71 19 69 25 27 35 67 69 22 41 25 66 69 143 71
split_gain=929.177 259.957 214.684 98.5223 84.0733 83.0253 66.4583 46.9268 42.9238 42.7473 36.9818 34.3667 31.9997 29.9517 29.561 24.6292 23.8034 23.0296 22.4676 21.1402 18.4205 20.2094 23.1744
threshold=1535.0000000000002 1.5000000000000002 1.5000000000000002 625.50000000000011 0.19778771889577121 2.5000000000000004 521.50000000000011 0.0019055183630243204 1.5000000000000002 16.500000000000004 0.0015309394297470355 35.000000000000007 1.5000000000000002 0.17845000000000003 0.31772897440318298 -0.18474000316105577 649.50000000000011 2.4495000000000005 4445.0000000000009 0.29271309617988983 -0.0037368631586603145 1.0000000180025095e-35 2.5000000000000004
decision_type=2 2 2 8 2 2 8 2 2 2 2 2 2 2 2 2 10 2 2 2 2 2 2
left_child=1 5 3 15 19 7 10 -1 12 16 -3 14 -6 -10 -5 -2 -7 -14 -15 -4 -8 -22 -23
right_child=2 6 4 11 8 9 20 -9 13 -11 -12 -13 17 18 -16 -17 -18 -19 -20 -21 21 22 -24
leaf_value=0.028272368143413499 0.02716093692826967 0.10674036029562922 0.010914787689272164 -0.010584943575014331 0.011908771399673891 0.095440594247234722 0.077453826407967039 0.00039837550633640609 0.030618911351908609 0.01922674288294705 0.043924281295503631 -0.019337858674331118 0.011351478337861001 0.10485411463668526 0.02150770036871491 -0.00015577436412912696 0.013802241321878756 0.085617767349200763 0.01203130497933841 -0.0091900928010189079 0.022747342170552201 0.0045846687796035797 0.070715754597348829
leaf_weight=108.62819053977728 32.910791449248791 52.821502935141325 77.030149355530739 131.90927088260651 99.887578841298819 21.171735703945163 20.79455578699708 106.98342334106565 24.729406796395779 16.707668840885162 14.78413302823901 1060.2843025811017 7.0520613044500342 11.346024628728626 30.063620511442423 199.07511841878295 4.6025241911411277 8.21378295868635 3.5343891680240622 114.43115530535579 32.357789672911167 6.1627902202308205 24.627765312790871
leaf_count=1757 528 521 1340 2670 1739 269 239 2016 372 260 170 22845 113 157 534 3806 71 127 59 2343 494 81 300
internal_value=0.000363556 0.0410305 -0.00892424 -0.0139765 0.0122552 0.0224284 0.0720059 0.0145725 0.0285462 0.0598522 0.0946604 -0.0173739 0.0186985 0.0549004 -0.00443858 0.00391856 0.082906 0.0565994 0.0868445 -0.00107213 0.0519822 0.0414742 0.0585664
internal_weight=2210.11 409.642 1800.47 1454.24 346.225 258.094 151.549 215.612 154.763 42.4819 67.6056 1222.26 115.153 39.6098 161.973 231.986 25.7743 15.2658 14.8804 191.461 83.9429 63.1483 30.7906
internal_count=42811 6178 36633 30383 6250 4373 1805 3773 2567 600 691 26049 1979 588 3204 4334 340 240 216 3683 1114 875 381
is_linear=0
shrinkage=0.03


Tree=8
num_leaves=24
num_cat=0
split_feature=10 10 10 143 26 143 143 23 74 69 22 69 24 143 109 129 18 6 47 72 23 74 78
split_gain=1093.2 213.009 95.3974 93.6348 91.0774 58.6186 48.2245 41.2614 39.3211 40.793 37.9949 23.5411 19.6634 18.5111 18.3071 18.2435 17.83 18.0452 17.6349 17.4986 16.8819 18.6274 18.1328
threshold=0.73255000000000015 0.95325000000000015 0.44855000000000006 1.0000000180025095e-35 0.75285000000000013 2.5000000000000004 1.5000000000000002 46.350000000000001 0.073627260981912149 0.006757392384324711 642.50000000000011 0.059886106998908624 1865.0000000000002 1.0000000180025095e-35 4.5000000000000009 -3902.6849999999995 61.500000000000007 0.9275000000000001 42.445000000000007 0.69047619047619058 82.15000000000002 0.042647194536729431 0.22141500000000003
decision_type=2 2 2 2 2 2 2 2 2 2 10 2 2 2 2 2 2 8 2 2 2 2 2
left_child=2 3 13 11 5 7 12 -3 9 10 -5 15 -4 -1 -11 -2 -10 -18 -8 -9 21 22 -20
right_child=1 4 6 8 -6 -7 18 19 16 14 -12 -13 -14 -15 -16 -17 17 -19 20 -21 -22 -23 -24
leaf_value=-0.02049652995610101 -0.013729319680097078 0.048149732781137017 0.0065489820003340722 0.088681585891891929 0.083423685950090379 0.073077688438595287 -0.0051595471860775757 -0.002173340156634312 0.014599333978185433 0.0041956357463095832 0.016603963202131238 -0.009930191411350495 -0.010937444426809717 -0.010574643125697942 0.057199648342803271 0.01690687559502449 0.088447719771678812 0.004197621440658177 0.017144333808208994 0.02728161738296115 -0.017301520789801298 0.015207091893334865 0.076290613231467755
leaf_weight=838.4760321341455 19.5455631762743 83.849121183156967 68.551848631352186 28.692539598792791 68.853876061737537 44.486797612160444 33.946699522435665 26.973425261676311 68.515842594206333 18.764786671847109 9.7388436272740346 69.884119648486376 333.25505722686648 220.83780803531408 6.7749453783035269 99.828548077493906 4.4889210835099194 3.8566783852875242 10.876679804176094 51.807082641869783 8.579950023442505 64.84403982385993 8.8316659443080407
leaf_count=18561 337 983 1314 394 702 492 594 411 1084 310 147 1396 6892 4633 110 1706 65 56 181 765 160 1131 147
internal_value=-0.000182375 0.0340302 -0.0132643 0.017603 0.0534108 0.0427309 -0.00284372 0.0336427 0.0359429 0.0531417 0.0721413 0.00372258 -0.00793644 -0.0184519 0.0213889 0.0117471 0.0206438 0.0578521 0.0131323 0.0173925 0.0197679 0.0238424 0.0482357
internal_weight=2194.26 606.061 1588.2 330.091 275.97 207.116 528.886 162.63 140.833 63.9711 38.4314 189.258 401.807 1059.31 25.5397 119.374 76.8614 8.3456 127.079 78.7805 93.1323 84.5524 19.7083
internal_count=42571 8958 33613 5605 3353 2651 10419 2159 2166 961 541 3439 8206 23194 420 2043 1205 121 2213 1176 1619 1459 328
is_linear=0
shrinkage=0.03


Tree=9
num_leaves=24
num_cat=0
split_feature=10 10 15 143 68 26 143 26 10 25 13 13 133 22 39 39 143 44 43 26 13 74 44
split_gain=1025.39 196.074 115.111 57.2275 47.1645 41.6913 38.5024 26.3897 25.7636 22.6569 20.239 19.8213 22.9163 19.1505 19.6077 18.8159 17.388 16.962 22.2413 17.2597 15.7702 15.4791 14.9693
threshold=0.86625000000000008 0.5545500000000001 1.5000000000000002 1.5000000000000002 0.042243739020304781 0.49785000000000007 1.0000000180025095e-35 0.71375000000000011 0.94545000000000012 25.000000000000004 0.40775000000000006 0.44135000000000008 0.43614130434782611 609.50000000000011 0.17825000000000002 0.093350000000000002 1.5000000000000002 0.040145000000000007 0.089920000000000014 0.62495000000000012 0.34635000000000005 0.039501799370220435 0.027675000000000002
decision_type=2 2 2 2 2 2 2 2 2 2 2 2 10 10 2 2 2 2 2 2 2 2 2
left_child=1 6 5 9 7 16 -1 15 -6 -3 -5 22 17 14 -12 -4 -2 19 -19 -13 -8 -17 -7
right_child=2 3 4 10 8 11 20 -9 -10 -11 13 12 -14 -15 -16 21 -18 18 -20 -21 -22 -23 -24
leaf_value=-0.019426201531789384 0.00082054857677621516 0.009041194896601934 0.029824499633484609 0.0074051578877806917 0.0041379660296657463 0.052628484659360049 -0.010970181674979745 0.089470043154812551 0.046472317566887487 -0.0064319669557055268 0.065006050098659798 -0.0023288353493485874 0.018465979378848769 0.01783288507804363 0.016085906822535089 0.097440470848862759 0.027881601460053616 0.068973691645214816 -0.0026301456012334805 0.047861597315797914 0.0049936247274681832 0.053719833204726418 -0.0013047469383021032
leaf_weight=964.52807008475065 60.278678596019745 129.19133979082108 23.609309483319521 61.904633138328791 17.057978287339211 4.0503523312509087 210.83862545713782 44.636242963373661 57.583891995251179 240.85820912569761 20.204427767544985 10.04260363802314 27.888845853507519 53.797563783824444 13.560063529759644 12.918827973306177 31.214987266808748 43.078164961189032 4.1168825253844252 13.275302693247793 74.097628597170115 50.558810345828533 19.361448809504509
leaf_count=21640 1048 2294 252 1023 267 59 4488 382 709 4898 291 140 361 840 199 137 415 550 51 164 1460 540 289
internal_value=-0.000122163 -0.0101327 0.0419216 0.0053422 0.0578856 0.0260829 -0.0165653 0.0688996 0.0371581 -0.00101043 0.0208757 0.0374648 0.043307 0.0300211 0.0473576 0.0565844 0.0104519 0.0523517 0.0628746 0.0277691 -0.00681293 0.0653223 0.0114336
internal_weight=2188.65 1768.98 419.672 519.516 206.365 213.307 1249.46 131.723 74.6419 370.05 149.467 121.814 98.4018 87.5621 33.7645 87.0869 91.4937 70.513 47.195 23.3179 284.936 63.4776 23.4118
internal_count=42497 37133 5364 9545 2287 3077 27588 1311 976 7192 2353 1614 1266 1330 490 929 1463 905 601 304 5948 677 348
is_linear=0
shrinkage=0.03


Tree=10
num_leaves=24
num_cat=0
split_feature=13 23 143 143 143 25 26 14 69 7 42 13 76 11 129 68 23 18 9 67 34 130 26
split_gain=929.81 220.049 74.667 72.8089 68.5049 39.1149 38.7989 34.7416 29.3993 29.2718 27.6705 23.7754 20.2284 19.0807 18.9586 18.955 18.775 16.9965 16.9639 16.8077 14.9037 22.2847 14.1802
threshold=0.43435000000000007 56.350000000000001 1.0000000180025095e-35 1.5000000000000002 2.5000000000000004 765.00000000000011 0.78515000000000013 4.5000000000000009 0.006757392384324711 0.39850000000000008 0.23725000000000004 0.59705000000000008 0.14754999999999999 96765.000000000015 -126.13499999999998 0.042243739020304781 75.15000000000002 6.5000000000000009 66650.000000000015 0.03495867324240387 823.87500000000011 -6894.579999999999 0.48295000000000005
decision_type=2 2 2 2 2 2 2 2 2 10 2 2 2 2 2 2 2 2 2 2 2 2 2
left_child=3 2 6 5 8 13 14 11 10 17 -3 -4 -12 18 22 -16 -6 -5 -1 -13 -14 -22 -2
right_child=1 4 7 9 16 -7 -8 -9 -10 -11 12 19 20 -15 15 -17 -18 -19 -20 -21 21 -23 -24
leaf_value=-0.002105507535713418 -0.00092911376457566284 0.00020752063180236224 0.03831570545901155 -0.0062942624511235284 0.048508754925360498 -0.018788754701376701 0.063473139208689411 0.08972488581677826 -0.0038953102603423158 0.031038117170837223 -0.0081170775093564393 0.0094742993239037565 0.017452850514718801 0.017482238637026404 0.051898313762754424 0.01752097045632698 0.0030071991313500427 0.012643935955930895 -0.018558511119655993 0.070371398197981022 0.0096095128195533477 0.06295861353969899 0.024981330165262158
leaf_weight=146.87372437492013 33.494115419685841 61.170934297144413 70.159531243145466 187.92102321609855 48.645631898194551 987.75493814051151 27.268485154956579 32.79437480866909 139.35022532567382 24.701130706816912 11.817421618849037 5.0882028490304938 33.633148215711117 26.670123696327209 32.59140632301569 29.987953342497349 10.057409882545469 53.041361406445503 90.167659405618906 60.338522531092167 11.022593587636946 22.61157988011837 41.541393857449293
leaf_count=2900 537 1019 854 3687 666 22342 277 298 2768 441 186 53 526 506 397 474 162 895 1890 605 181 359 541
internal_value=-1.86363e-05 0.0293196 0.0465573 -0.013027 0.0121652 -0.0160507 0.0315682 0.0606922 0.00584825 0.0012302 0.0154476 0.0524678 0.0269397 -0.00573077 0.0244275 0.0364775 0.041069 -0.00205576 -0.00846694 0.066057 0.0331549 0.0469957 0.0136917
internal_weight=2188.7 671.573 333.264 1517.13 338.309 1251.47 164.883 168.381 279.606 265.664 140.256 135.586 79.0847 263.712 137.615 62.5794 58.703 240.962 237.041 65.4267 67.2673 33.6342 75.0355
internal_count=42564 9903 4036 32661 5867 27638 2226 1810 5039 5023 2271 1512 1252 5296 1949 871 828 4582 4790 658 1066 540 1078
is_linear=0
shrinkage=0.03


Tree=11
num_leaves=24
num_cat=0
split_feature=10 10 10 143 18 143 69 2 107 118 66 19 78 143 71 141 69 68 22 68 25 6 6
split_gain=882.135 139.581 83.5224 73.4809 53.2094 37.8265 34.9147 27.922 24.5306 24.3407 23.4783 22.7132 21.9554 19.5443 18.4094 20.1075 17.7597 29.6006 17.2803 15.6039 16.4631 14.8345 13.7546
threshold=0.73255000000000015 1.0237500000000004 0.41525000000000006 1.0000000180025095e-35 21.500000000000004 1.5000000000000002 0.054352103232614121 30.500000000000004 10.500000000000002 0.18465909090909094 0.24303839593586327 10.500000000000002 0.25331000000000009 1.0000000180025095e-35 5.5000000000000009 1919.8200000000002 0.0019055183630243204 1.1213153897311687 614.50000000000011 0.010397862715777488 25.000000000000004 0.90250000000000019 0.79750000000000021
decision_type=2 2 2 2 2 2 2 2 10 8 2 2 2 2 2 2 2 2 10 2 2 10 10
left_child=2 3 13 6 11 19 8 16 -2 18 -10 12 -3 -1 -6 -16 17 21 -9 20 22 -5 -4
right_child=1 4 5 7 14 -7 -8 9 10 -11 -12 -13 -14 -15 15 -17 -18 -19 -20 -21 -22 -23 -24
leaf_value=-0.020278521869871963 0.0102192119620105 0.054702317781072464 -0.010822201949779731 0.091196910816746857 0.041672189881076432 0.009420356238312548 -0.0080424972060631119 0.023598490646600315 0.0027364162965274621 0.037443174949057301 0.057141473645810306 0.0056745780089110329 0.0085150621753708692 -0.0094744229021641105 0.07592017947002834 0.029236716732160193 0.029728327437737661 -0.0048738326998790625 -0.0060098704255013872 -0.009918826461340095 -0.0080352459307828448 0.037461807945596746 0.041422721291168627
leaf_weight=750.24584973230958 133.58226249366999 29.453780818730593 5.2929672114551094 18.502184800803665 44.210714362561703 147.18501421064138 78.042843386530876 41.606439344584942 10.849275749176742 64.726175054907799 20.121359158307314 27.539706062525511 14.320673562586306 195.25272723287344 74.209353603422642 13.186404518783091 32.283515729010105 4.6595170013606539 28.776247166097164 397.24238020554185 23.501030698418617 11.662463687360285 14.415564179420469
leaf_count=17515 2108 295 95 210 477 2532 1555 548 153 894 294 342 143 4213 665 125 471 63 429 8478 467 138 259
internal_value=-0.000159075 0.029142 -0.0125603 0.0195872 0.0496911 -0.00366072 0.00834441 0.0328613 0.0161195 0.0243786 0.039405 0.0276508 0.0406245 -0.0180721 0.0610414 0.0696882 0.0487397 0.0637923 0.0116614 -0.00805482 0.0087624 0.0740427 0.0276873
internal_weight=2180.87 647.733 1533.14 444.812 202.921 587.637 242.596 202.217 164.553 135.109 30.9706 71.3142 43.7745 945.499 131.606 87.3958 67.1077 34.8242 70.3827 440.452 43.2096 30.1646 19.7085
internal_count=42469 8910 33559 6863 2047 11831 4110 2753 2555 1871 447 780 438 21728 1267 790 882 411 977 9299 821 348 354
is_linear=0
shrinkage=0.03


Tree=12
num_leaves=24
num_cat=0
split_feature=10 13 10 7 143 143 7 22 73 68 143 10 22 2 143 11 73 60 133 24 67 143 135
split_gain=808.135 171.824 91.5573 68.573 61.3691 55.07 36.8766 34.2309 25.6135 21.9726 20.8116 19.5107 17.9836 17.2762 17.2089 16.0105 15.6351 15.5653 19.1175 17.2284 14.7184 14.2022 13.6339
threshold=0.73255000000000015 0.54195000000000015 0.44855000000000006 0.43450000000000005 1.5000000000000002 1.5000000000000002 0.23450000000000001 589.50000000000011 2.2601351351351355 0.042243739020304781 1.0000000180025095e-35 0.97745000000000015 521.50000000000011 18.500000000000004 1.5000000000000002 63005.000000000007 0.74150439098892706 0.77285000000000015 0.43614130434782611 8305.0000000000018 0.11582149184865242 1.0000000180025095e-35 4272.1100000000015
decision_type=2 2 2 8 2 2 8 10 2 2 2 2 10 2 2 2 2 2 10 2 2 2 2
left_child=2 3 10 7 6 13 8 9 -3 14 -1 21 20 16 -2 -12 -4 18 -8 -19 -6 -5 -22
right_child=1 4 5 11 12 -7 17 -9 -10 -11 15 -13 -14 -15 -16 -17 -18 19 -20 -21 22 -23 -24
leaf_value=-0.0194521220146214 0.018912514456495569 0.011182051767982612 0.051655763915020816 0.012642281058667694 0.03519927261183714 0.014960027397052855 0.07774164067799981 -0.0024345253644239969 0.064310967091646326 0.0077450711471843264 -0.01181112304917078 0.067057751510196828 0.048162082676315048 -0.0099290690448327716 0.057205557792834295 0.01267631799868417 0.0022418297300594715 0.041635067325818842 0.018898137204072032 0.0038460308825365667 0.0920161925732247 0.046695806425762189 0.028106242389920197
leaf_weight=780.19263409823179 32.361716266721487 80.56069066748023 4.5243899784982196 26.881028287112713 11.282284438610075 132.00554632768035 20.864221096038822 163.79709773510695 7.3087296821176997 74.486379485577345 186.75073898583651 17.369355324655771 84.663780864328146 331.84397895634174 16.544317126274109 25.868122886866331 51.258443612605333 58.257650673389435 8.3733978867530805 13.773267325013874 32.400752130895853 19.581307984888554 5.7382181584835044
leaf_count=18519 450 1123 95 446 89 2218 218 2761 99 1189 4049 174 868 6987 176 550 1070 607 93 199 258 268 48
internal_value=0.000326876 0.0275942 -0.0118492 0.0129488 0.0433218 -0.00163643 0.0317304 0.00656822 0.016934 0.0183671 -0.0171805 0.0405845 0.0589657 -0.0073361 0.0336051 -0.00874151 0.00789886 0.0439924 0.0631783 0.0347084 0.0748804 0.0283288 0.0842802
internal_weight=2186.69 674.244 1512.44 351.021 323.223 519.632 189.138 287.19 87.8694 123.392 992.811 63.8317 134.085 387.627 48.906 212.619 55.7828 101.269 29.2376 72.0309 49.4213 46.4623 38.139
internal_count=42554 9066 33488 5464 3602 10370 2339 4576 1222 1815 23118 888 1263 8152 626 4599 1165 1117 311 806 395 714 306
is_linear=0
shrinkage=0.03


Tree=13
num_leaves=24
num_cat=1
split_feature=10 13 10 143 7 143 7 23 24 24 45 73 23 73 143 24 109 41 74 26 38 97 51
split_gain=744.469 118.637 96.1396 81.1978 46.4262 44.7246 34.1876 23.7447 23.7163 22.7891 31.0185 22.5623 21.447 18.9233 17.3448 17.084 18.2137 16.9397 16.4642 14.7281 20.6977 17.2072 14.5089
threshold=0.73255000000000015 0.47245000000000004 0.41525000000000006 1.5000000000000002 0.27850000000000008 1.5000000000000002 0.32950000000000007 46.350000000000001 1865.0000000000002 4505.0000000000009 0.12195000000000002 2.2601351351351355 57.550000000000004 0.77598566308243744 1.0000000180025095e-35 155.00000000000003 4.5000000000000009 2.8915000000000002 0.039501799370220435 0.36795000000000005 0.096750000000000017 0 0.16125000000000003
decision_type=2 2 2 2 8 2 8 2 2 2 2 2 2 2 2 2 2 2 2 2 2 1 2
left_child=2 6 14 4 11 8 -2 -6 19 -5 -11 12 15 -8 -1 -3 -17 -15 22 -4 21 -21 -7
right_child=1 3 5 9 7 18 13 -9 -10 10 -12 -13 -14 17 -16 16 -18 -19 -20 20 -22 -23 -24
leaf_value=-0.019391411939184082 0.00057633240588747428 0.033171478401423177 -0.0054625283519378637 0.058012977862517447 0.053030197673989185 0.010676302376824778 0.010325373972309135 0.025002389546950957 -0.0096527634929152225 0.014140257081269222 0.061753383093817664 0.049269545978038176 -0.006639056224479592 0.054931529358608712 -0.0091499585211766692 -0.0014967201872059051 0.033246925012394672 -0.0031092966435422149 0.0070395544550159771 0.082734266423254377 0.0076535569493322497 0.00137813472484415 0.052361937116383248
leaf_weight=728.00360279530287 155.85474618524313 38.432229723781347 33.663521103560925 126.82065338268876 56.405650414526463 16.986404851078991 32.419111952185631 63.944036345928907 365.6700805798173 34.891951955854893 18.561481773853302 13.026753056794403 45.420357801020145 22.355175748467449 193.97473828867078 49.085787437856197 16.690031215548515 5.3045076802372924 117.86804527416825 5.3604876622557622 29.984958115965128 3.5309596285223961 13.648595508188007
leaf_count=17624 2637 420 693 1122 505 273 489 864 7981 417 213 179 785 321 4255 698 231 79 2017 97 554 66 215
internal_value=0.000510691 0.0265466 -0.0112303 0.0350808 0.0247634 -0.00172673 0.00808284 0.0387906 -0.00654792 0.0508282 0.0323046 0.0140394 0.0103628 0.0269101 -0.0172612 0.0177587 0.00804011 0.0443415 0.0123978 0.00894249 0.0210729 0.056612 0.031319
internal_weight=2187.9 679.212 1508.69 463.279 283.005 586.713 215.934 120.35 438.21 180.274 53.4534 162.655 149.628 60.0788 921.978 104.208 65.7758 27.6597 148.503 72.5399 38.8764 8.89145 30.635
internal_count=42735 8960 33775 5434 3682 11896 3526 1369 9391 1752 630 2313 2134 889 21879 1349 929 400 2505 1410 717 163 488
cat_boundaries=0 1
cat_threshold=1
is_linear=0
shrinkage=0.03


Tree=14
num_leaves=24
num_cat=0
split_feature=10 27 7 10 143 143 10 15 19 123 123 2 24 15 13 24 7 48 47 13 2 133 125
split_gain=762.254 124.324 86.4953 83.3756 45.9268 41.8871 36.7956 34.7632 28.9897 25.3726 23.2543 21.9867 20.5864 19.5642 19.1703 18.3503 17.9263 18.5413 17.846 16.5576 15.5234 15.3626 14.5796
threshold=0.73255000000000015 1.5000000000000002 0.27050000000000007 0.36135000000000006 1.5000000000000002 1.0000000180025095e-35 0.94545000000000012 3.5000000000000004 12.500000000000002 4078.6500000000005 28232.275000000005 15.500000000000002 1865.0000000000002 2.5000000000000004 0.38565000000000005 145.00000000000003 0.39050000000000007 1.4265000000000001 23.445000000000004 0.27705000000000007 19.500000000000004 0.27888888888888896 3543.6000000000008
decision_type=2 2 8 2 2 2 2 2 2 2 2 2 2 2 2 2 10 2 2 2 2 10 2
left_child=3 2 4 -1 13 12 -4 9 11 -3 -8 -6 -5 -2 -11 21 -7 19 -16 -18 -20 -15 -13
right_child=1 7 6 5 8 16 10 -9 -10 14 -12 22 -14 15 18 -17 17 -19 20 -21 -22 -23 -24
leaf_value=-0.018364587856133766 -0.0037316296303639218 0.022926724822592007 0.020964355166783574 0.0055483740705654103 0.070410957361856957 0.0029729105021295689 0.051502650135536628 0.070623025548090718 0.00013429205233745422 -0.0032175095953294098 -0.0070692748785235382 0.010679128002961015 -0.012107451682523477 0.0071431901158651159 -0.0014400672702135407 0.00098549356299906798 -0.010953274339277513 -0.01587029132089916 0.093719328029544399 0.051807741542065279 0.048689264315150575 0.067953661611210234 0.038522770613159445
leaf_weight=797.09013100340962 172.96181755140424 59.563089963048697 100.70285661891103 68.900454014539719 11.031053029000757 210.59701774269342 88.205106507986784 45.4434196613729 32.89444874227047 5.380690097808837 6.0592561848461619 33.850875522941351 388.44765464216471 6.9067867398262006 4.7308333665132514 20.191357798874378 3.9334180839359822 5.664259858429431 10.283778104931114 17.357985332608223 56.019246857613325 7.7626305222511292 36.64830981194973
leaf_count=19294 3006 689 1506 1357 120 3882 820 328 455 86 62 366 8745 68 54 265 76 97 111 296 655 75 398
internal_value=0.000353905 0.0261714 0.0185508 -0.0117542 0.0089127 -0.00414068 0.0342287 0.0474577 0.0239976 0.0388044 0.047669 0.0333918 -0.00943499 0.000457558 0.0502802 0.020317 0.00604586 0.0281903 0.0543097 0.0402682 0.0582133 0.0436146 0.0258168
internal_weight=2190.63 698.636 517.214 1491.99 322.247 694.901 194.967 181.421 114.425 135.978 94.2644 81.5302 457.348 207.823 76.4145 34.8608 237.553 26.9557 71.0339 21.2914 66.303 14.6694 70.4992
internal_count=42811 9064 7141 33747 4753 14453 2388 1923 1339 1595 882 884 10102 3414 906 408 4351 469 820 372 766 143 764
is_linear=0
shrinkage=0.03


Tree=15
num_leaves=24
num_cat=0
split_feature=10 13 10 7 2 74 74 23 24 72 118 24 1 7 26 73 132 48 26 134 1 25 32
split_gain=706.038 115.84 80.8758 46.6777 34.346 32.8428 26.3346 23.9148 21.2954 21.1586 19.7181 19.4944 17.9914 17.863 16.1096 15.9703 15.58 15.5369 17.255 14.9341 16.3346 14.1749 13.6881
threshold=0.73255000000000015 0.56775000000000009 0.36135000000000006 0.21050000000000002 25.500000000000004 0.039501799370220435 0.056927506775067756 51.850000000000001 1705.0000000000002 0.69047619047619058 0.2752525252525253 435.00000000000006 13.450000000000001 0.20250000000000004 0.73635000000000017 0.53418259023354575 0.44949494949494956 1.0795000000000001 0.48845000000000005 4494.3750000000009 7.4500000000000011 -4864.9999999999991 47.500000000000007
decision_type=2 2 2 8 2 2 2 2 2 2 8 2 8 8 2 2 10 2 2 2 10 2 2
left_child=2 3 -1 7 14 -4 17 -2 13 -8 -11 15 -10 -6 16 -7 -3 -5 -19 -12 -21 -13 -18
right_child=1 4 5 6 8 11 9 -9 12 10 19 21 -14 -15 -16 -17 22 18 -20 20 -22 -23 -24
leaf_value=-0.01805851623649744 0.019999407601824962 0.056479956952782288 0.0090117259139971938 0.05104449206945616 0.023977598493222275 0.025720450572663006 0.0018423849295962991 -0.0023796931053644017 0.011536332620068427 0.014829257265694363 0.0018609729579048833 0.0088260701885357565 0.054533866884732655 0.047451620391904953 0.081623289551066361 -0.0048270149503060727 0.04900839936262965 -0.012665079575515185 0.033879880714592428 0.071310925133864625 0.012208557966809854 -0.010581530012494979 -0.0019077534865341976
leaf_weight=784.67168010771275 59.193175327032804 36.387276824563742 138.0476199798286 41.104192923754454 52.807581778615713 25.645565066486597 55.502163663506508 143.18484183773398 60.447807531803846 59.483705658465624 5.8688238635659244 35.055195990949869 8.6674420908093435 92.795906245708466 20.535700011998415 33.612982105463743 6.0251631848514107 8.74266793951392 23.5532311424613 15.55358197912574 6.7912517748773089 462.29670272022486 11.301761139184235
leaf_count=19316 788 370 2823 525 549 464 813 2412 759 795 75 690 107 747 161 618 62 128 295 197 96 9917 122
internal_value=0.000319222 0.0249169 -0.01147 0.0147269 0.0394888 -0.00399722 0.0243429 0.00429758 0.0328284 0.01647 0.02548 -0.00724434 0.0183105 0.0393783 0.0573833 0.00880125 0.0455187 0.0388582 0.0212761 0.0454673 0.0558267 -0.00918374 0.0190369
internal_weight=2187.28 707.946 1479.33 418.978 288.969 694.658 216.6 202.378 214.719 143.2 87.6974 556.61 69.1152 145.603 74.2499 59.2585 53.7142 73.4001 32.2959 28.2137 22.3448 497.352 17.3269
internal_count=42829 9001 33828 6124 2877 14512 2924 3200 2162 1976 1163 11689 866 1296 715 1082 554 948 423 368 293 10607 184
is_linear=0
shrinkage=0.03


Tree=16
num_leaves=24
num_cat=0
split_feature=13 10 10 143 143 7 143 25 71 41 18 18 61 7 7 68 22 1 67 143 33 99 105
split_gain=645.328 115.972 86.3501 48.7182 47.8627 40.9548 33.6344 31.3575 27.0641 27.2537 26.893 22.7902 21.1644 20.9498 19.3561 20.3365 18.4497 18.3614 15.8224 15.7967 14.8923 14.4073 14.194
threshold=0.43435000000000007 0.86625000000000008 0.44855000000000006 2.5000000000000004 2.5000000000000004 0.27850000000000008 1.5000000000000002 35.000000000000007 12.500000000000002 2.3875000000000006 9.5000000000000018 5.5000000000000009 134.50000000000003 0.39850000000000008 0.31850000000000006 0.010058870273768528 560.50000000000011 1.9500000000000002 0.23497906942463892 1.0000000180025095e-35 78467.670000000013 6596.9400000000014 127.50000000000001
decision_type=2 2 2 2 2 10 2 2 2 2 2 2 2 10 8 2 10 8 2 2 2 2 8
left_child=2 3 19 7 5 8 14 12 -3 -10 -7 -5 16 -8 -4 -16 -2 -6 22 -1 -13 -18 -12
right_child=1 4 6 11 17 10 13 -9 9 -11 18 20 -14 -15 15 -17 21 -19 -20 -21 -22 -23 -24
leaf_value=-0.019137439278382802 0.039850165591915981 0.014658994263907276 -0.010245923501854246 0.015277592518891353 0.013011190800303316 0.016628484668690532 0.0064010860209929516 -0.0055064465487270143 0.0047986994864253722 0.071832527952985753 0.0507158433083277 0.066969092513712483 0.051684637362671523 0.041794093618360936 0.043300053162740895 0.00031675131751253622 0.00098351034466716346 0.056608250300034427 0.058690895163686224 -0.0093556666242627703 0.0093477870618737888 0.043180758410609893 0.011855430980646739
leaf_weight=719.25514300912619 14.228715788573025 185.7993232421577 284.72429225966334 30.75221012160182 11.237772844731806 34.498789746314287 120.78822347521782 150.22948685660958 8.7485027089715022 13.99051422998309 14.808868505060671 18.460096485912803 10.921773862093685 15.40019430965185 9.1551906652748567 88.771765187382698 80.471133422106504 83.40839246660471 58.928235810250044 194.88845767080784 5.9284402057528487 6.0181799717247477 20.359371714293957
leaf_count=18252 206 2259 6041 446 96 383 1944 3015 75 110 125 232 176 223 141 1763 1332 690 498 4415 74 99 174
internal_value=0.000252412 0.022788 -0.0115387 0.00892873 0.0328753 0.0272859 -0.00175252 0.0034247 0.0187765 0.0485152 0.0405865 0.0340332 0.0153284 0.0109503 -0.00630697 0.00512147 0.0104564 0.0518081 0.0488414 -0.017077 0.0547324 0.00482931 0.0300675
internal_weight=2181.77 748.79 1432.98 317.01 431.78 337.134 518.84 261.869 208.538 22.739 128.595 55.1407 111.64 136.188 382.651 97.927 100.718 94.6462 94.0965 914.144 24.3885 86.4893 35.1682
internal_count=42769 9990 32779 5580 4410 3624 10112 4828 2444 185 1180 752 1813 2167 7945 1904 1637 786 797 22667 306 1431 299
is_linear=0
shrinkage=0.03


Tree=17
num_leaves=24
num_cat=0
split_feature=10 10 143 7 143 71 23 27 24 10 74 7 23 78 67 26 26 143 41 74 7 2 71
split_gain=581.626 104.809 74.1588 58.064 39.9876 30.7955 30.4525 26.2665 24.8733 21.5738 19.9892 18.8281 18.6973 18.0956 25.5809 17.7115 17.5988 16.3628 15.5159 14.7998 14.1251 15.3092 13.9131
threshold=0.77405000000000013 0.41525000000000006 1.5000000000000002 0.23450000000000001 1.5000000000000002 4.5000000000000009 53.45000000000001 3.5000000000000004 1865.0000000000002 0.94545000000000012 0.039501799370220435 0.47650000000000003 57.550000000000004 0.22011500000000003 0.17063652332230686 0.19235000000000002 0.36795000000000005 1.0000000180025095e-35 2.3265000000000007 0.12304639804639807 0.13150000000000003 27.500000000000004 12.500000000000002
decision_type=2 2 2 8 2 2 2 2 2 2 2 10 2 2 2 2 2 2 2 2 8 2 2
left_child=1 17 3 6 8 20 9 12 16 -2 13 -12 -5 -6 -15 -11 -3 -1 -17 -9 -4 -22 -20
right_child=2 4 5 7 10 -7 -8 19 -10 15 11 -13 -14 14 -16 18 -18 -19 22 -21 21 -23 -24
leaf_value=-0.019579786501600391 -0.0065852575784858232 -0.0068221152660933948 0.0095131342012473447 0.02908803891242541 0.0091053692129513374 0.049664130148389295 -0.0087079086861135153 0.073914882246316024 -0.0093049878682446002 0.066635565948240563 0.0020115481900236081 0.041609235767012642 0.0090907001376952998 -0.0053753630047293603 0.073082739811246952 -0.0026742038618093539 0.019873083677663741 -0.0093765954271567177 0.017532874279021095 0.010906536192160872 0.048115734303524595 0.02414010242119977 0.059195855382623654
leaf_weight=681.4381401091814 29.780178442597389 37.999547220766544 34.557355377823114 122.77222554385662 19.793991781771183 93.041303928941488 96.137003000825644 13.333785131573679 383.16849886626005 5.8791387714445582 129.90569813922048 9.8141407743096334 67.206869628280401 4.8295547403395203 11.386696573346851 22.37462130188942 48.992021922022104 185.73002631217241 35.785099405795336 5.2943075411021701 37.223445080220699 89.343136854469776 8.2333991155028325
leaf_count=17628 485 775 410 1266 301 721 1702 104 8495 74 2154 145 983 72 161 248 862 4258 416 43 349 935 64
internal_value=-0.000364161 -0.010619 0.0230721 0.0150092 -0.00146093 0.035759 0.00331814 0.0259795 -0.00602232 0.0145967 0.0106734 0.0053409 0.0221822 0.0299937 0.0516915 0.0232672 0.00832087 -0.0174211 0.0175906 0.0588009 0.027219 0.0318302 0.0275597
internal_weight=2174.02 1513.06 660.962 406.797 645.89 254.165 198.189 208.607 470.16 102.052 175.73 139.72 189.979 36.0102 16.2163 72.2723 86.9916 867.168 66.3931 18.6281 161.124 126.567 44.0185
internal_count=42651 34851 7800 5385 12965 2415 2989 2396 10132 1287 2833 2299 2249 534 233 802 1637 21886 728 147 1694 1284 480
is_linear=0
shrinkage=0.03


Tree=18
num_leaves=24
num_cat=0
split_feature=10 10 10 143 29 143 19 7 26 143 2 143 25 37 143 18 11 44 47 13 68 74 35
split_gain=592.314 94.5894 74.7435 40.9649 38.5707 33.6138 27.5903 26.0994 22.0504 22.0293 21.2254 21.2084 17.3167 17.581 14.8524 13.6515 13.415 13.6851 13.3535 14.8703 14.7102 13.1195 15.2004
threshold=0.73255000000000015 0.93755000000000011 0.41525000000000006 1.5000000000000002 0.048950000000000007 1.5000000000000002 11.500000000000002 0.26650000000000007 0.7974500000000001 1.0000000180025095e-35 15.500000000000002 1.5000000000000002 -13314.999999999998 12.500000000000002 1.0000000180025095e-35 54.500000000000007 63005.000000000007 0.019895000000000006 87.485000000000014 0.47495000000000004 1.1098271148662167 0.041895604395604406 0.19605000000000003
decision_type=2 2 2 2 2 2 2 8 2 2 2 2 2 2 2 2 2 2 2 2 2 2 2
left_child=2 3 14 7 6 12 8 -2 9 15 -5 -6 13 -4 -1 -3 -16 -18 19 -12 -21 22 -7
right_child=1 4 5 10 11 21 -8 -9 -10 -11 18 -13 -14 -15 16 -17 17 -19 -20 20 -22 -23 -24
leaf_value=-0.019140398987465269 -0.0058218150812245498 0.014934174622841419 0.056681441267005937 0.053202915444022225 0.0075528918789613438 0.0076586779260697496 0.017251459794163891 0.014957547263326869 0.060843298902508218 0.04703228881685257 0.009579946445658476 0.032009959498761037 -0.0083746136057257711 -0.015762165480345758 -0.012308776182008948 0.043087835587144727 0.057570103488578189 0.00049961565449631144 0.0035842244899580698 0.045918565717145018 -0.0048289745224572855 0.0039141315390344234 0.047304864928666396
leaf_weight=667.90719534829259 137.19625278934836 54.961718291044235 5.505944821983574 17.293218411505222 78.395662851631641 22.119844678789377 50.717610258609056 87.369552552700043 50.574649624526501 87.319402389228344 30.844153244048357 53.861196357756853 412.85005217045546 3.8664113320410252 164.50735345482826 22.037319354712963 2.7500252872705486 18.722437459975481 38.148460529744625 31.257659140974283 5.656862646341323 117.26369811967015 13.460325844585894
leaf_count=17592 2497 571 110 169 936 341 540 1328 335 685 433 466 9121 78 3820 210 62 417 469 337 69 1969 192
internal_value=-0.000116642 0.0215245 -0.0114234 0.0100111 0.0314877 -0.00304703 0.0380985 0.00232327 0.0428142 0.0366002 0.0237633 0.0178414 -0.00740467 0.0292798 -0.0170443 0.0238787 -0.00939297 0.0120913 0.0180592 0.0258723 0.0382934 0.00893086 0.0243765
internal_weight=2174.59 745.634 1428.95 347.766 397.868 575.066 265.611 224.566 214.893 164.318 123.2 132.257 422.222 9.37236 853.887 76.999 185.98 21.4725 105.907 67.7587 36.9145 152.844 35.5802
internal_count=42747 9045 33702 5302 3743 11811 2341 3825 1801 1466 1477 1402 9309 188 21891 781 4299 479 1308 839 406 2502 533
is_linear=0
shrinkage=0.03


Tree=19
num_leaves=24
num_cat=0
split_feature=10 13 143 19 143 24 7 24 7 7 10 74 13 10 4 27 25 134 116 78 74 71 47
split_gain=534.681 79.0244 74.0682 53.0197 38.8915 38.5994 27.0425 25.1317 25.0176 24.6157 17.7649 17.3021 17.0402 15.4758 15.2429 14.5512 14.2739 14.0941 14.042 14.3079 13.9098 13.5792 13.5746
threshold=0.74425000000000008 0.47245000000000004 1.0000000180025095e-35 12.500000000000002 2.5000000000000004 1865.0000000000002 0.43450000000000005 24865.000000000004 0.34550000000000003 0.27850000000000008 0.30195000000000005 0.070679622310057102 0.38365000000000005 0.49135000000000006 7.5000000000000009 1.5000000000000002 55.000000000000007 5970.8600000000006 0.15075757575757578 0.19527500000000003 0.034603289791969048 12.500000000000002 69.765000000000015
decision_type=2 2 2 2 2 2 8 2 10 8 2 2 2 2 2 2 2 2 10 2 2 2 2
left_child=2 6 5 4 9 16 14 -6 12 21 -7 -11 -4 -10 -2 -5 -1 -17 19 -14 -12 -3 -15
right_child=1 3 8 15 7 10 -8 -9 13 11 20 -13 18 22 -16 17 -18 -19 -20 -21 -22 -23 -24
leaf_value=0.016569033978457812 -0.00077858760772757374 0.015272349496856436 -0.0070226893894225978 0.0014352737617729947 0.053014769063830486 -0.020396208894200182 0.027401221102052561 -0.01427078719908061 0.0014031758052128157 0.047655403686456099 -0.00012056188788720461 0.025672980294769002 0.0021552155232752914 0.011737685092733286 0.052225909355848234 -0.0060685984752911291 -0.0076879233862461793 0.039190970127339853 -0.0028576260167631744 0.033765946174645026 -0.014323551070636804 0.03997381055885809 0.0524451197696644
leaf_weight=42.673046454787254 175.68031058460474 150.97618325054646 237.71132130175829 78.570208765566349 87.527525417506695 486.78721363842487 40.174278907477856 4.4949370771646491 26.318724498152733 65.96100939065218 73.818814966827631 81.747579123824835 25.292700152844191 16.512924470007423 3.0213045664131633 8.0729128308594245 40.994904682040215 19.148587923496962 57.701499540358782 24.905941274017096 388.68493235483766 22.594503045082092 13.960588183254002
leaf_count=799 2804 1818 5189 1078 644 13130 517 46 574 552 1740 706 438 264 49 92 926 223 1002 420 9366 177 212
internal_value=0.000260727 0.0209802 -0.0104062 0.027337 0.0321737 -0.0146527 0.00579298 0.0494945 0.000512838 0.0269371 -0.016372 0.035995 -0.00255083 0.0186094 0.000685675 0.00819493 0.00478181 0.0262719 0.00724951 0.0185316 -0.0120669 0.0189066 0.0324681
internal_weight=2173.33 737.969 1435.36 519.093 413.302 1032.96 218.876 92.0225 402.404 321.279 949.291 147.709 345.611 56.7922 178.702 105.792 83.668 27.2215 107.9 50.1986 462.504 173.571 30.4735
internal_count=42766 8706 34060 5336 3943 25961 3370 690 8099 3253 24236 1258 7049 1050 2853 1393 1725 315 1860 858 11106 1995 476
is_linear=0
shrinkage=0.03


Tree=20
num_leaves=24
num_cat=0
split_feature=13 25 25 22 143 143 107 125 73 14 143 143 135 71 61 128 125 125 39 29 63 4 18
split_gain=541.604 86.4407 60.9126 51.8207 45.9874 34.0041 23.9231 22.0756 21.6162 20.9272 18.9371 18.7449 17.6079 16.4251 16.4007 16.3636 16.0024 15.8905 15.0912 14.369 15.5549 14.0213 13.8215
threshold=0.41865000000000008 95.000000000000014 1305.0000000000002 521.50000000000011 2.5000000000000004 1.5000000000000002 61.500000000000007 1306.1950000000002 0.27195685670261949 2.5000000000000004 1.5000000000000002 1.0000000180025095e-35 1392.7450000000001 9.5000000000000018 60.500000000000007 -53783.559999999998 4608.6900000000014 1125.0950000000003 0.17925000000000002 0.041550000000000011 1.0000000180025095e-35 1.5000000000000002 71.500000000000014
decision_type=2 2 2 10 2 2 10 2 2 2 2 2 2 2 2 2 2 2 2 2 2 2 2
left_child=2 3 10 9 6 19 13 -8 -6 12 15 -4 -2 14 -5 -1 18 21 -10 20 -3 -17 -15
right_child=1 5 11 4 8 -7 7 -9 16 -11 -12 -13 -14 22 -16 17 -18 -19 -20 -21 -22 -23 -24
leaf_value=0.036105027243697262 0.01171360315596677 0.0031928712882181749 -0.017964668242904217 0.0042029940419457228 -0.0063062739058998779 0.019601503513011192 -0.0043434244333463287 0.04691314122465997 0.04460546451728279 0.048802720800708591 0.010962796053741558 -0.0081702370374820785 0.043602537651603664 0.053532262546004725 0.021457098566014746 0.030248733980659311 0.062803933346789659 -0.010204237339989255 0.0086518924383204489 -0.007057608210083343 0.044639965237895936 -0.0022534938967326912 -0.0017045313925466096
leaf_weight=6.4667084999382487 39.077545706182718 42.293570019304752 737.28204919397831 187.77400913089514 7.834326058626174 98.275009337812662 9.3889385648071748 31.081847880035639 27.403557270765305 99.242217648774385 87.52088014408946 237.54622889310122 26.502117946743965 11.971110958606006 66.072007484734058 15.494278609752653 27.87676677107811 199.70635969936848 18.150871556252241 136.92086393758655 8.2054087594151479 36.885506585240364 5.5868579372763625
leaf_count=141 331 754 19513 2525 77 1278 107 344 242 685 1445 5134 232 109 863 334 259 4317 169 2838 142 796 56
internal_value=0.000219323 0.0189709 -0.0117679 0.0258246 0.0197297 0.00549918 0.0143233 0.0353774 0.0396354 0.0399518 -0.000946978 -0.0155996 0.0255096 0.010948 0.00882659 -0.00503168 0.0445741 -0.00636283 0.0312464 -0.00202437 0.0113715 0.00811977 0.0375792
internal_weight=2164.56 843.657 1320.9 557.962 393.14 285.695 311.875 40.4708 81.2655 164.822 346.074 974.828 65.5797 271.404 253.846 258.553 73.4312 252.086 45.5544 187.42 50.499 52.3798 17.558
internal_count=42691 11011 31680 5999 4751 5012 4004 451 747 1248 7033 24647 563 3553 3388 5588 670 5447 411 3734 896 1130 165
is_linear=0
shrinkage=0.03


Tree=21
num_leaves=24
num_cat=0
split_feature=10 25 10 19 143 143 24 8 2 74 115 143 2 105 37 48 108 61 73 42 115 43 2
split_gain=460.734 65.3449 63.5529 33.2311 32.9016 29.0234 22.5814 20.5551 20.3521 16.7155 18.8685 16.6142 15.5684 14.3725 14.1107 13.6543 13.4883 13.3615 13.2022 15.6707 13.1439 12.7843 15.3999
threshold=0.73255000000000015 115.00000000000001 0.36135000000000006 11.500000000000002 1.5000000000000002 1.5000000000000002 1535.0000000000002 1.0000000180025095e-35 18.500000000000004 0.042647194536729431 0.56696428571428581 1.5000000000000002 13.500000000000002 61.500000000000007 18.500000000000004 0.63350000000000006 19.500000000000004 162.50000000000003 0.91868131868131886 0.019950000000000006 1.7255639097744362 0.055475000000000003 55.500000000000007
decision_type=2 2 2 2 2 2 2 2 2 2 10 2 2 8 2 2 8 2 2 2 8 2 2
left_child=2 3 -1 6 8 -3 11 -5 18 10 -6 15 -8 -14 -7 -2 -16 -10 19 -4 -13 -11 -23
right_child=1 5 4 7 9 14 12 -9 17 21 -12 20 13 -15 16 -17 -18 -19 -20 -21 -22 22 -24
leaf_value=-0.016730750930434569 -0.00096739652929256294 -0.0037371334512863873 -0.0069180779529181124 -0.0034747566050489626 -0.011521669768277594 0.011655019528618022 0.043794815274211203 0.019471019638418293 -0.011691621514569402 -0.0036752587082967479 0.033931360580553752 0.045192575059223243 0.031054070762849863 0.0051794867602810175 0.0045414264891297691 0.028750223247772815 0.061190229499542677 0.010483675640819728 0.00026998242526875325 0.054288453748723285 0.012199219326126986 -0.00055330351791417498 0.037673408939829067
leaf_weight=717.0991783067584 15.158371061086653 141.49599952250719 5.4442472085356695 52.639232330024242 9.7344349250197393 64.777532465755939 14.627879261970518 100.53411450982094 398.98053276538849 99.642065800726414 31.964215245097876 106.20277500152588 24.359797134995461 76.546945091336966 6.0712471567094299 151.82465304434299 9.8013928905129433 24.536538667976856 59.448771171271801 7.8222563602030277 14.073594227433203 20.934939466416836 15.255792587995527
leaf_count=19343 154 2570 123 671 151 770 151 1211 9256 1718 483 729 259 852 70 1431 116 568 1331 172 99 348 258
internal_value=-0.000188211 0.0182704 -0.0105262 0.0237508 -0.00389263 0.00446501 0.028275 0.0116424 -0.00785093 0.00713572 0.0232788 0.0328146 0.0166217 0.011908 0.0185974 0.026073 0.0424551 -0.0103637 0.00666966 0.031555 0.0415947 0.00191416 0.0166898
internal_weight=2168.98 778.114 1390.86 555.967 673.764 222.146 402.794 153.173 496.232 177.531 41.6987 287.259 115.535 100.907 80.6502 166.983 15.8726 423.517 72.7153 13.2665 120.276 135.833 36.1907
internal_count=42834 9083 33751 5557 14408 3526 3675 1882 11450 2958 634 2413 1262 1111 956 1585 186 9824 1626 295 828 2324 606
is_linear=0
shrinkage=0.03


Tree=22
num_leaves=24
num_cat=0
split_feature=13 15 25 143 69 143 68 74 68 19 74 67 124 128 74 3 14 34 136 116 67 7 22
split_gain=447.152 89.0058 58.0734 42.0072 28.1888 24.9392 23.0852 22.0955 21.9995 20.0869 19.9027 18.8475 17.4683 16.3748 14.6275 14.0579 16.7699 14.0412 20.7719 18.6832 13.9185 12.5538 12.3821
threshold=0.42315000000000008 1.5000000000000002 1455.0000000000002 2.5000000000000004 0.0015309394297470355 1.0000000180025095e-35 0.042243739020304781 0.088583002645502659 0.0098432693950786087 15.500000000000002 0.070090788840788856 0.13675121353968722 364.2050000000001 -44081.999999999993 0.04585674157303371 1.0000000180025095e-35 3.5000000000000004 521.55500000000006 6920.1400000000012 0.12660256410256412 0.41527200036975415 0.19650000000000004 666.50000000000011
decision_type=2 2 2 2 2 2 2 2 2 2 2 2 2 2 2 2 2 2 2 8 2 10 10
left_child=2 3 9 4 7 -4 10 8 -2 13 -3 -8 -13 -1 -6 -14 -17 -10 19 -19 -7 -12 -21
right_child=1 6 5 -5 14 20 11 -9 17 -11 21 12 15 -15 -16 16 -18 18 -20 22 -22 -23 -24
leaf_value=0.049711568342109859 0.056738775996926921 0.047822483845754118 -0.017352278039072449 0.026176147619600548 0.010860231913670131 -0.0072883513271728212 -0.0041798502160514369 0.0018748350189157507 -7.5461188208907675e-05 -0.0069716138664753669 0.014323456669502219 -0.0003656769484938335 0.042268330025478688 0.0049478250776394108 -0.0065656967100180203 0.0011142503567544381 0.047134539910782619 0.010998020638192369 0.008594580592035158 0.068672498259476578 0.033511374299865164 0.035576727946644085 0.0029563846754525388
leaf_weight=5.750191953033208 12.657695237547157 82.169624917209148 713.11620499193668 109.13631355389953 56.77156825736165 227.97765677794814 24.514139037579298 86.774235416203737 31.765362840145826 197.73164632171392 46.183621115982533 19.540468595921993 43.462784335017204 163.49380840361118 163.63968632742763 23.938735291361809 8.2085628993809205 13.057741153985264 39.885677166283131 15.692434933036568 5.8256262056529513 66.253482930362225 3.2378607131540766
leaf_count=103 143 583 19437 1140 1038 5039 289 1193 420 4309 387 215 467 3086 3128 278 67 170 532 194 95 447 54
internal_value=0.000303739 0.0172791 -0.0106476 0.00974801 0.00541114 -0.0145669 0.0299003 0.0134179 0.0218533 -0.000510449 0.0363344 0.0190114 0.0249493 0.00703154 -0.00201998 0.0313325 0.0149376 0.0165991 0.0237712 0.0410755 -0.00599614 0.0272498 0.0587889
internal_weight=2160.79 846.89 1313.9 532.619 423.482 946.919 314.271 203.071 116.297 366.976 194.607 119.665 95.1506 169.244 220.411 75.6101 32.1473 103.639 71.8737 31.988 233.803 112.437 18.9303
internal_count=42814 10745 32069 8012 6872 24571 2733 2706 1513 7498 1417 1316 1027 3189 4166 812 345 1370 950 418 5134 834 248
is_linear=0
shrinkage=0.03


Tree=23
num_leaves=24
num_cat=0
split_feature=10 19 10 69 143 143 2 27 78 66 41 50 143 67 131 99 14 108 143 67 32 136 41
split_gain=420.302 78.384 52.137 44.9841 39.1191 26.0096 22.445 15.1562 14.803 15.4306 13.6962 13.605 13.5896 19.0481 13.4532 13.3639 14.2182 12.6971 12.6736 12.0791 12.5512 12.2931 12.0773
threshold=0.65515000000000012 12.500000000000002 0.41525000000000006 0.02103252400341829 1.5000000000000002 1.5000000000000002 30.500000000000004 3.5000000000000004 0.11648500000000002 0.20159741006096085 2.8535000000000008 5.5000000000000009 2.5000000000000004 0.36664090674909844 0.39009661835748799 5151.6100000000015 3.5000000000000004 13.500000000000002 2.5000000000000004 0.10370878105056093 77.500000000000014 6845.045000000001 2.3475000000000006
decision_type=2 2 2 2 2 2 2 2 2 2 2 2 2 2 10 2 2 10 2 2 2 2 2
left_child=2 3 18 4 7 -4 14 19 -5 -10 15 12 -3 -14 17 16 -8 -6 -1 -2 -21 -22 -15
right_child=1 11 5 8 6 -7 10 -9 9 -11 -12 -13 13 22 -16 -17 -18 -19 -20 20 21 -23 -24
leaf_value=-0.01696094683085075 0.00047252540065257471 -0.0027921960158064389 -0.0075227126466689588 -0.01055797161138286 0.064770929959201445 0.0089320496855199109 0.02602455873519768 0.041228579706477357 -0.0072336675397784902 0.017435433096131162 0.0079656272187452141 0.034859782135821499 0.00016306672844901521 0.0033571934367709576 0.027135100772328273 -0.0034551548168507864 0.053056516397727599 0.019393314960974677 -0.00067370561699021936 0.015517629164110586 0.050772156841018705 0.010051555943838204 0.055412976062103082
leaf_weight=749.63369296491146 39.343671783804893 217.85380743816495 319.31439645588398 33.709419772028923 41.344506971538067 116.41392607986927 63.450732782483101 22.204890076071024 28.966506719589233 91.229383949190378 28.554387990385294 8.7458734028041345 31.301631361246109 6.299048442393544 24.900521516799927 8.3442817591130716 28.632426008582115 8.8488317281007749 45.786376558244228 205.24560952559114 18.069685857743028 11.782273314893244 10.532889325171707
leaf_count=20810 422 3650 7469 544 296 1938 524 162 449 1471 225 134 380 70 185 65 181 64 1020 2281 185 133 119
internal_value=2.213e-05 0.0152336 -0.0114667 0.0208634 0.0252127 -0.00310575 0.0353464 0.0180513 0.00657113 0.0114692 0.0269978 0.00176524 0.000425026 0.0145168 0.0486136 0.032148 0.0353791 0.0578208 -0.0160275 0.0158913 0.0184459 0.0363404 0.0383575
internal_weight=2160.51 929.36 1231.15 654.627 500.722 435.728 204.076 296.646 153.905 120.196 128.982 274.733 265.987 48.1336 75.0939 100.427 92.0832 50.1933 795.42 274.441 235.098 29.852 16.8319
internal_count=42777 11540 31237 7187 4723 9407 1540 3183 2464 1920 995 4353 4219 569 545 770 705 360 21830 3021 2599 318 189
is_linear=0
shrinkage=0.03


Tree=24
num_leaves=24
num_cat=0
split_feature=13 15 24 143 143 7 25 13 13 23 60 133 7 112 105 131 134 19 22 27 108 47 136
split_gain=388.338 69.2025 53.9425 34.8636 33.3725 27.8236 22.6246 19.9944 18.6927 17.4831 17.3198 15.8855 14.8333 16.6839 14.0634 13.7282 15.6372 13.5058 13.091 12.8353 12.5376 11.7943 11.6717
threshold=0.42985000000000007 1.5000000000000002 3165.0000000000005 2.5000000000000004 2.5000000000000004 0.31550000000000006 35.000000000000007 0.60925000000000007 0.16835000000000003 47.95000000000001 0.77285000000000015 1.0000000180025095e-35 0.30750000000000005 9.5000000000000018 45.500000000000007 0.26975051975051983 3204.6050000000009 7.5000000000000009 631.50000000000011 1.5000000000000002 10.500000000000002 21.735000000000003 9403.3900000000012
decision_type=2 2 2 2 2 10 2 2 2 2 2 8 10 2 10 10 2 2 10 2 8 2 2
left_child=2 3 5 6 8 9 10 -3 -4 -1 15 14 -6 -14 -5 19 -17 -13 -18 22 -7 -10 -2
right_child=1 7 4 11 12 20 -8 -9 21 -11 -12 17 13 -15 -16 16 18 -19 -20 -21 -22 -23 -24
leaf_value=0.03480175348700687 0.035895804311404149 0.018500870172621066 -0.019383413725181098 0.022872507062207368 -0.0013396747874577244 -0.0070030908106937205 -0.0024863106077778569 0.033932879136088716 0.0064287344122173368 -0.0037014287209516704 0.0061057269279225597 0.033800240227408317 -0.017450689673631684 0.04327166253257235 0.08499583613380346 -0.025096082874947322 0.03311405695010694 0.0098119074218090824 -0.0057163312618342737 0.076233483542862163 0.03747730564097039 -0.01185977875332739 -0.019930443780452695
leaf_weight=9.539567679166792 11.531235672533514 152.71275758743286 378.28268217295408 10.198420602828262 74.802992030978203 6.3863554000854483 192.48365429416299 170.4807164222002 32.18401301279664 130.36760845407844 153.31802970170975 32.296608563512564 4.3163437135517624 13.158990398049353 5.1022875122725955 6.1213589906692496 23.679310992360115 61.74451070278883 10.477844089269636 5.9489593133330336 27.160088948905468 639.00266844406724 3.053136069327592
leaf_count=122 150 1517 10756 104 1442 102 3668 1196 800 2621 2026 279 68 225 51 79 274 665 159 64 434 15956 41
internal_value=2.24681e-05 0.0159465 -0.0101465 0.00907092 -0.0125121 0.00539037 0.00497039 0.0267997 -0.0140314 -0.000622605 0.0116343 0.0239565 0.00469715 0.0280216 0.0510195 0.0249345 0.0136051 0.0185825 0.0215454 0.0439784 0.0290918 -0.0109663 0.0232148
internal_weight=2154.35 839.149 1315.2 515.955 1141.75 173.454 406.614 323.193 1049.47 139.907 214.13 109.342 92.2783 17.4753 15.3007 60.8118 40.2785 94.0411 34.1572 20.5333 33.5464 671.187 14.5844
internal_count=42799 10273 32526 7560 29247 3279 6461 2713 27512 2743 2793 1099 1735 293 155 767 512 944 433 255 536 16756 191
is_linear=0
shrinkage=0.03


Tree=25
num_leaves=24
num_cat=1
split_feature=13 19 10 26 7 7 27 88 23 74 10 0 128 99 68 47 126 51 132 26 6 137 72
split_gain=359.954 65.4082 61.3816 33.6533 22.7506 19.9715 19.5898 17.0435 18.8249 16.3713 17.5694 16.7908 15.2554 14.155 13.8992 12.73 12.7228 14.4257 13.2489 12.6743 12.1058 12.6764 14.6576
threshold=0.41865000000000008 11.500000000000002 0.42285000000000006 0.73635000000000017 0.57650000000000012 0.40650000000000003 1.5000000000000002 0 66.550000000000011 0.043732923497267769 0.82785000000000009 36.500000000000007 -6008.4049999999997 1865.6300000000003 0.0098432693950786087 94.155000000000015 950.50000000000011 0.15755000000000002 0.84523809523809534 0.31535000000000007 0.95850000000000002 0.47595632835673779 0.46428571428571436
decision_type=2 2 2 2 10 10 2 1 2 2 2 2 2 2 2 2 2 2 10 2 8 8 2
left_child=2 3 19 4 9 7 14 8 20 11 13 -2 15 -11 -3 -5 17 18 -12 -1 21 -4 -23
right_child=1 6 5 12 -6 -7 -8 -9 -10 10 16 -13 -14 -15 -16 -17 -18 -19 -20 -21 -22 22 -24
leaf_value=-0.018279866695025734 0.049751204616998092 0.025368944853419235 0.0022796940965644375 0.026780903222117156 0.049578670305510296 0.014128161384959658 0.018180512856101158 -0.0075863685516009997 -0.0034398754558548879 -0.0061036164072629604 0.0017504206193430943 0.018880679049724659 0.040077841340847235 0.023814245134764645 -0.0019790051432266244 -0.011073403698733912 0.03484446895890591 0.021588609058576083 0.036374151895571728 -0.0096669442166535877 4.5659830591669869e-05 0.0059927292286800059 0.061069161878644695
leaf_weight=527.94986935332417 18.706652443856001 15.96622212231159 9.5295565463602561 24.032181549817324 16.358659110963345 57.593236971646547 64.513548959046602 326.5600462667644 74.856281753629446 70.345808148384094 98.659605413675308 96.550995133817196 96.558306735008955 15.718909949064253 240.23109834268689 10.213707353919743 26.147985555231571 90.024738103151321 9.093530770391224 228.03736905753613 16.843537922948599 6.8175645098090198 12.855662200599907
leaf_count=15138 220 204 187 192 146 1019 786 6818 1647 1204 962 1130 679 267 4048 81 230 863 90 6263 316 134 235
internal_value=-1.09955e-06 0.0145525 -0.0103153 0.0206135 0.0165207 -0.00220382 0.00367406 -0.00435944 0.00488722 0.0150228 0.0113067 0.0246542 0.0339742 -0.000222661 -9.13739e-05 0.0155029 0.0157007 0.0128463 0.00528199 -0.0157142 0.020547 0.0316109 0.0442972
internal_weight=2154.17 893.122 1261.04 572.411 441.607 505.056 320.711 447.463 120.903 425.248 309.991 115.258 130.804 86.0647 256.197 34.2459 223.926 197.778 107.753 755.987 46.0463 29.2028 19.6732
internal_count=42859 11102 31757 6064 5112 10356 5038 9337 2519 4966 3616 1350 952 1471 4252 273 2145 1915 1052 21401 872 556 369
cat_boundaries=0 1
cat_threshold=574096897
is_linear=0
shrinkage=0.03


Tree=26
num_leaves=24
num_cat=0
split_feature=10 10 13 22 7 143 7 143 130 69 1 143 66 6 107 145 107 51 120 73 6 22 123
split_gain=335.47 54.5716 52.4688 34.8488 25.336 23.2091 22.1098 19.8342 19.8034 18.9994 18.5219 18.2853 17.6802 16.7203 15.8989 15.2558 15.043 13.6561 20.4056 15.1059 13.0418 12.3269 12.3224
threshold=0.73255000000000015 0.45605000000000007 0.47245000000000004 526.50000000000011 0.57650000000000012 2.5000000000000004 0.52350000000000019 1.5000000000000002 -334.15500000000014 0.0015309394297470355 9.8500000000000032 1.0000000180025095e-35 0.52810603672865253 0.96950000000000014 162.50000000000003 2.5000000000000004 4.5000000000000009 0.22705000000000003 8327.8800000000028 0.9948453608247424 0.87550000000000006 623.50000000000011 14636.800000000001
decision_type=2 2 2 10 8 2 8 2 2 2 8 2 2 10 10 2 10 2 2 2 10 8 2
left_child=1 11 6 9 5 -5 12 -3 -6 10 -4 -1 14 -7 -2 -13 20 -9 19 -19 21 -14 -10
right_child=2 7 3 4 8 13 -8 17 22 -11 -12 15 16 -15 -16 -17 -18 18 -20 -21 -22 -23 -24
leaf_value=-0.01644789733906174 -0.0055575966877658752 -0.0052438773996174278 0.02860992788987593 0.0063509343015598265 0.016555122252785635 0.018808927949187343 0.024627525678587663 0.0017895492312230161 0.064772412542221283 0.014037683023979751 0.054547028690312548 4.7703862316639762e-06 0.062313655765050276 0.059747427205199738 0.047122964936967396 -0.017539741843073119 0.062552408848880123 0.017788592302635308 0.00039143170732214028 0.070773225893344074 -0.013219863470808436 0.0010307961508636346 0.0082798352015598462
leaf_weight=643.12156908214092 174.85433936491609 346.50538025796413 112.78691054880619 242.07191607728601 33.431798871606588 64.528255119919777 34.687230620533228 99.180451229214668 17.212721016258005 54.222872655838728 35.875706635415554 131.89239885658026 3.7405079491436526 9.3995887264609319 3.3232516124844542 65.400731634348631 4.3546789549291125 13.650823697447779 20.998834408819675 7.6184416189789763 10.799842011183499 6.2272017486393461 5.0296594910323611
leaf_count=18924 2713 7820 714 2890 299 519 425 1532 148 508 218 3193 56 74 47 1581 63 211 321 107 177 102 41
internal_value=-9.04229e-05 -0.00937391 0.0150722 0.019965 0.0143755 0.0109513 0.00319167 -0.00138445 0.0327571 0.0299645 0.0355102 -0.0139984 -0.000670029 0.0254508 -0.00406287 -0.00592872 0.0219186 0.00801126 0.0218699 0.0412189 0.00865181 0.0305984 0.0537348
internal_weight=2140.92 1328.37 812.546 574.559 371.674 316 237.987 487.954 55.6742 202.885 148.663 840.415 203.3 73.9278 178.178 197.293 25.1222 141.449 42.2681 21.2693 20.7676 9.96771 22.2424
internal_count=42683 33689 8994 5411 3971 3483 3583 9991 488 1440 932 23698 3158 593 2760 4774 398 2171 639 318 335 158 189
is_linear=0
shrinkage=0.03


Tree=27
num_leaves=24
num_cat=0
split_feature=10 10 7 143 143 23 25 46 19 0 134 67 141 30 24 19 120 7 10 23 76 107 71
split_gain=335.513 58.8101 55.3438 43.3276 30.0026 21.5258 19.0256 16.2206 15.9219 14.5964 13.1174 12.8571 13.9447 16.365 15.0354 12.8267 12.0431 12.0385 14.294 11.8443 11.8101 11.6638 14.6463
threshold=0.73255000000000015 0.35465000000000008 0.27850000000000008 1.5000000000000002 2.5000000000000004 57.550000000000004 695.00000000000011 1.6745000000000003 20.500000000000004 44.500000000000007 2150.6800000000007 0.10705201124280754 1030.6900000000003 0.65275000000000005 17945.000000000004 14.500000000000002 11351.000000000002 0.56250000000000011 1.1242500000000002 76.15000000000002 0.31285000000000002 69.500000000000014 12.500000000000002
decision_type=2 2 8 2 2 2 2 2 2 2 2 2 2 10 2 2 2 8 2 2 2 10 2
left_child=1 10 3 5 15 21 7 17 11 -6 -1 16 14 -14 -13 -3 -5 18 -4 20 -11 22 -2
right_child=2 4 6 8 9 -7 -8 -9 -10 19 -12 12 13 -15 -16 -17 -18 -19 -20 -21 -22 -23 -24
leaf_value=0.0019557369592049607 -0.00032137636683356581 -0.00054256159575159725 0.018934771624985445 -0.011493857895966807 0.00048048417866589462 -0.0097006330830430604 0.0029286287162901118 0.0014691855723260603 -0.00019903772070147319 0.0038060987772294431 -0.016987553794370641 0.024729554822800055 0.057122248029644836 0.0042910917333391354 -0.011394361883585011 -0.0095493365785120164 0.028890642809689473 0.036379420086692531 0.041608771378014144 0.0003466667118758362 0.045259003831440728 0.023407672619994154 0.027860237554023965
leaf_weight=34.341771699488163 125.38093824312091 245.22410839423537 159.8719327300787 16.696595381945375 43.852810200303793 109.84811424463987 36.083494674414396 22.638892121613026 31.785887409001589 8.8649976626038569 614.26597334444523 90.396033372730017 21.701668124645952 7.2297367230057707 10.513959318399428 337.90622651949525 8.3374228700995427 105.07592271268368 30.48113802075386 12.928901985287665 21.971388347446918 30.428792342543602 17.121915336698294
leaf_count=994 1627 5377 1527 137 694 1974 539 186 390 130 18029 750 190 59 120 8008 70 850 162 221 322 344 129
internal_value=-0.00017994 -0.00955405 0.0148237 0.00801531 -0.00330961 0.000582517 0.0237528 0.0260822 0.01915 0.0128711 -0.0159816 0.023073 0.0268188 0.0450512 0.0208175 -0.00577651 0.00309827 0.0279457 0.0229604 0.0247229 0.0342996 0.00715072 0.00340342
internal_weight=2142.95 1319.36 823.592 469.441 670.748 282.78 354.151 318.068 186.661 87.6181 648.608 154.875 129.841 28.9314 100.91 583.13 25.034 295.429 190.353 43.7653 30.8364 172.932 142.503
internal_count=42829 33775 9054 5790 14752 4074 3264 2725 1716 1367 19023 1326 1119 249 870 13385 207 2539 1689 673 452 2100 1756
is_linear=0
shrinkage=0.03


Tree=28
num_leaves=24
num_cat=0
split_feature=10 10 143 143 29 23 26 74 13 143 5 43 2 13 26 9 13 23 44 13 133 6 32
split_gain=321.717 67.183 33.5236 31.3583 27.5672 17.4755 16.7312 15.4979 15.0519 14.0574 18.3478 13.7267 15.0386 12.9996 16.5226 14.6585 13.176 15.2093 13.3331 11.4936 11.5493 11.2942 11.0096
threshold=0.5545500000000001 0.92975000000000008 1.0000000180025095e-35 1.0000000180025095e-35 0.048950000000000007 78.750000000000014 0.7974500000000001 0.10192095080154782 0.58115000000000017 1.5000000000000002 189150.00000000003 0.096860000000000016 12.500000000000002 0.27705000000000007 0.32455000000000006 220950.00000000003 0.20995000000000003 83.15000000000002 0.056305000000000008 0.47245000000000004 0.60769230769230786 0.79750000000000021 84.500000000000014
decision_type=2 2 2 2 2 2 2 2 2 2 2 2 2 2 2 2 2 2 2 2 8 8 2
left_child=2 3 -1 7 6 11 -3 8 -2 21 -11 12 -5 14 -4 -15 17 18 -16 22 -21 -6 -14
right_child=1 4 13 5 9 -7 -8 -9 -10 10 -12 -13 19 15 16 -17 -18 -19 -20 20 -22 -23 -24
leaf_value=-0.015395655645621358 0.0013198179249794488 0.021052829039589528 -0.016223955987604528 0.03503408347149313 0.024495438248446813 -0.013414286369459828 0.038283964255635308 -0.0087103956150924797 0.026136222753739089 0.0075848228422800163 0.040357738264159441 0.039469820668025304 0.00083518377675131635 0.00037868414936015468 0.0038607553923023833 0.031401710472073345 -0.013311057846977144 -0.0025515347507336712 0.064548749770041547 0.013358393673279218 0.045506104657365785 -0.0028897256743711307 0.030532655864621932
leaf_weight=739.04080167412758 209.52075171098113 237.91296315938234 91.803085476160049 22.303036134690046 14.368319362401961 20.565604545176029 69.279733546078205 136.8701482899487 22.611901637166739 42.898780174553394 23.07786750793457 16.645343147218227 116.19680660590529 105.72041878849268 5.7333480790257472 13.758518807590006 18.025155249983072 14.784533847123383 6.4705323651432991 100.56931370869279 9.8290054947137815 77.131927501410246 10.452999342232941
leaf_count=21772 4049 1965 2360 234 146 340 406 2676 342 323 176 213 1772 2211 136 294 423 374 154 1142 110 865 158
internal_value=0.000264015 0.0112075 -0.0121602 0.00507047 0.0199384 0.0122991 0.0251614 -0.000774072 0.00393978 0.00956198 0.0198985 0.0142979 0.0123926 -0.00278357 -0.00903797 0.00440929 0.00568424 0.018414 0.0405959 0.00998708 0.0169794 0.00184256 0.00372281
internal_weight=2125.57 1130.23 995.336 665.565 464.67 296.562 307.193 369.003 232.133 157.477 65.9766 275.997 259.351 256.296 136.817 119.479 45.0136 26.9884 12.2039 237.048 110.398 91.5002 126.65
internal_count=42641 14917 27724 11036 3881 3969 2371 7067 4391 1510 499 3629 3416 5952 3447 2505 1087 664 290 3182 1252 1011 1930
is_linear=0
shrinkage=0.03


Tree=29
num_leaves=24
num_cat=0
split_feature=10 10 143 7 7 13 143 71 118 2 11 106 66 23 66 78 32 30 107 33 41 33 47
split_gain=290.616 59.2593 46.8283 32.309 27.268 24.589 18.4171 17.0765 16.8028 16.5553 15.5314 13.8622 13.7083 17.6125 13.6027 12.9011 23.6072 12.7895 12.4783 13.9803 11.814 11.7137 11.6262
threshold=0.73255000000000015 0.36485000000000006 1.0000000180025095e-35 0.26650000000000007 0.43950000000000006 0.53815000000000013 2.5000000000000004 11.500000000000002 0.54195804195804198 13.500000000000002 4435.0000000000009 12.500000000000002 0.23989962908453574 46.350000000000001 0.29020844931032358 0.25969500000000006 59.500000000000007 0.88965000000000016 71.500000000000014 23002.730000000003 2.6625000000000001 50371.955000000009 134.32000000000002
decision_type=2 2 2 8 10 2 2 2 10 2 2 10 2 2 2 2 2 8 10 2 2 2 2
left_child=1 -1 3 7 5 8 10 -2 18 -7 -3 -6 -5 -14 -15 22 -17 -18 -4 -20 -10 -9 -8
right_child=2 6 4 12 11 9 15 21 20 -11 -12 -13 13 14 -16 16 17 -19 19 -21 -22 -23 -24
leaf_value=-0.015491429214815274 -0.0040634521693379989 0.017639444167462284 0.0022904637023946186 0.0040893714536998256 0.048972159154092601 0.052038285681726755 -0.0053382882466158589 0.037333903028955923 0.060684601358784826 0.021195499848803638 -0.0057686246963108779 0.018541675001675081 0.038221501260721019 0.039565646058631304 0.0076762301720034627 0.0030761938806271381 -0.00076687304795680113 0.069784499591704047 -0.01425962825060729 0.041407405450273549 0.001949970542658937 -0.0089477823060221968 0.026842586201629316
leaf_weight=644.72548247873783 203.41821020841599 24.890169084072113 136.07025942206383 64.31535404548049 40.559533912688494 16.63920933753252 47.013652432709932 13.994859833270313 6.9633196145296079 178.50317235663533 527.02727925032377 25.056560218334198 36.901917900890112 12.846058741211889 72.438257217407227 19.186692129820589 2.8815239705145359 8.8856468722224218 4.3604102097451714 13.534199643880127 4.905706811696291 6.1553237885236731 10.732827715575693
leaf_count=19398 3127 559 1585 635 278 106 728 115 80 1331 12145 173 262 154 897 287 43 128 44 141 53 55 164
internal_value=-0.000132146 -0.00908454 0.0136101 0.00632501 0.0205507 0.0171416 -0.00260842 -0.00137665 0.00849757 0.0243266 -0.0046531 0.0382439 0.015474 0.0213042 0.0132761 0.00993616 0.0249161 0.0549064 0.00557035 0.027773 0.0401904 0.0236647 0.00134122
internal_weight=2122.01 1285.34 836.662 410.07 426.592 360.976 640.618 223.568 165.834 195.142 551.917 65.6161 186.502 122.186 85.2843 88.7003 30.9539 11.7672 153.965 17.8946 11.869 20.1502 57.7465
internal_count=42488 33452 9036 5245 3791 3340 14054 3297 1903 1437 12704 451 1948 1313 1051 1350 458 171 1770 185 133 170 892
is_linear=0
shrinkage=0.03


Tree=30
num_leaves=24
num_cat=2
split_feature=13 19 23 7 68 73 69 123 123 39 68 88 143 143 98 2 29 2 4 143 143 146 23
split_gain=307.052 52.5061 50.8743 28.0634 27.9894 20.5979 17.8111 17.9529 17.945 17.7139 17.6005 17.2708 15.152 13.225 17.151 13.074 14.9593 12.9711 12.9273 12.5923 12.2324 12.4091 11.595
threshold=0.42985000000000007 12.500000000000002 78.950000000000017 0.30750000000000005 0.17974076192124075 1.9277419354838712 0.005028635382374841 4406.4750000000013 6893.1650000000009 0.097950000000000023 0.46925699019549005 0 1.5000000000000002 2.5000000000000004 1 27.500000000000004 0.054050000000000008 36.500000000000007 1.5000000000000002 2.5000000000000004 1.5000000000000002 0.72500000000000009 71.950000000000017
decision_type=2 2 2 8 2 2 2 2 2 2 2 1 2 2 1 2 2 2 2 2 2 2 2
left_child=2 3 4 5 18 12 7 -3 17 -7 -11 -6 -2 -13 -15 -5 -17 -9 -1 -8 -4 -22 -14
right_child=1 6 20 15 11 9 19 8 -10 10 -12 13 22 14 -16 16 -18 -19 -20 -21 21 -23 -24
leaf_value=0.027027990749910948 0.0051701286644264379 -0.0028141714105005275 -0.016889624760216507 0.037221468114198061 0.0037025739360105172 0.0013395178282049516 -0.010611536534894678 0.065763592364897969 0.0094468617809304913 0.054200203112866212 0.010345330428695286 -0.011314141382510433 0.020091496717409656 -0.0030510844564813539 0.042207593062073251 0.028012244392188551 0.0091265699147549968 0.017024109666546938 0.0041911932202486415 0.014866595158926649 0.0041523125895499202 -0.017056367256175098 -0.019871145820019968
leaf_weight=29.346778076142073 196.15713726356626 58.403555311262608 525.18716084770858 75.335007656365633 125.70461141504347 14.087647017091511 96.061132453382015 8.9143282659351843 56.557565942406654 25.796329654753208 13.29054783284664 339.28115847148001 129.7810072042048 38.175264153629541 7.3218353092670432 111.31443404406309 60.589132834225893 12.51480922475457 80.773131426423788 19.410188969224691 55.283037673681974 42.190134599804878 5.3318154886364928
leaf_count=495 2585 763 16077 601 2971 161 1986 105 756 221 189 8349 1027 632 121 792 606 173 1360 247 1268 1043 73
internal_value=0.000569229 0.0140733 -0.00903482 0.0186793 -0.00294067 0.0134891 0.00246506 0.00974105 0.0189788 0.0305631 0.0405179 -0.00590269 0.0105815 -0.00871933 0.00570296 0.0265767 0.0215373 0.0411824 0.0106507 -0.00614859 -0.01508 -0.00518598 0.0182476
internal_weight=2126.81 883.545 1243.26 631.683 620.603 384.444 251.862 136.39 77.9867 53.1745 39.0869 510.483 331.27 384.778 45.4971 247.239 171.904 21.4291 110.12 115.471 622.66 97.4732 135.113
internal_count=42601 10285 32316 6255 13928 4256 4030 1797 1034 571 410 12073 3685 9102 753 1999 1398 278 1855 2233 18388 2311 1100
cat_boundaries=0 1 2
cat_threshold=717883392 2
is_linear=0
shrinkage=0.03


Tree=31
num_leaves=24
num_cat=0
split_feature=10 10 143 145 7 25 7 143 19 124 69 106 73 106 23 25 23 118 23 40 45 69 72
split_gain=271.436 43.7218 38.5104 23.848 18.8624 18.7784 16.9408 14.6359 15.7116 16.5458 14.2799 15.65 15.5921 13.8766 13.4173 13.3213 14.3295 13.175 12.8617 12.8241 12.4496 14.6755 12.2356
threshold=0.65515000000000012 0.93755000000000011 1.0000000180025095e-35 2.5000000000000004 0.17950000000000002 1785.0000000000002 0.11250000000000002 1.0000000180025095e-35 12.500000000000002 2240.0050000000006 0.61936008819129118 3.5000000000000004 0.29358072721831519 1.5000000000000002 47.95000000000001 75.000000000000014 70.550000000000011 0.097619047619047633 53.45000000000001 0.45885000000000004 0.058150000000000007 -0.001294498758478638 0.81666666666666676
decision_type=2 2 2 2 8 2 8 2 2 2 2 8 2 8 2 2 2 10 2 2 2 2 2
left_child=2 6 5 10 18 14 -2 13 9 -9 11 12 -4 15 -1 16 -8 -14 20 -6 -3 -22 -21
right_child=1 4 3 -5 19 -7 7 8 -10 -11 -12 -13 17 -15 -16 -17 -18 -19 -20 22 21 -23 -24
leaf_value=0.048425678040765065 -0.0052022195132375888 0.0046037063897937198 -0.017803853460387115 -0.013317134388047189 0.019056066674792094 -0.015730106068713962 0.047638550195571602 0.011080499766987953 0.0037523720379932881 0.034180112441882238 -0.004805624960707233 0.0043529111555649057 0.0073029408696035072 8.1441829444444465e-06 -0.0061559812104987136 -0.0032981682885480233 -0.014241759092627433 0.049313641187014 -0.0060117704387090921 0.010988399085796558 -0.00087336779434129457 0.035987825585077494 0.041624180488685485
leaf_weight=2.155081693083047 100.96978068724275 56.177045457065105 4.6748876459896556 95.087054204195738 262.81879146769643 616.89032201096416 14.862807370722299 67.772414963692427 77.531626407057047 49.311550032347441 89.462757527828217 101.63870653510094 11.113110389560463 190.55494198575616 198.21353971771896 11.872598625719545 3.2316330075263968 18.736354656517506 36.789394367486238 17.504082873463631 13.408823791891335 32.470823705196381 49.578671474009752
leaf_count=40 1731 489 94 2149 1920 19054 209 736 1055 517 2194 2029 221 3243 5028 247 52 370 476 133 102 281 335
internal_value=0.000280193 0.0117988 -0.00969175 -0.000873272 0.0184161 -0.0131418 0.00574077 0.0084145 0.0143701 0.0212199 0.00444196 0.0104995 0.0273656 0.00307667 -0.00509614 0.0213676 0.0362693 0.0351136 0.00895807 0.0223188 0.0143662 0.0256283 0.0341799
internal_weight=2122.83 984.855 1137.97 320.713 468.748 817.259 516.107 415.138 194.616 117.084 225.626 136.163 34.5244 220.522 200.369 29.967 18.0944 29.8495 138.846 329.902 102.057 45.8796 67.0828
internal_count=42705 11526 31179 7057 3736 24122 7790 6059 2308 1253 4908 2714 685 3751 5068 508 261 591 1348 2388 872 383 468
is_linear=0
shrinkage=0.03


Tree=32
num_leaves=24
num_cat=0
split_feature=13 10 23 24 4 143 125 61 2 26 26 26 143 124 105 6 141 6 19 122 112 2 29
split_gain=254.4 56.2384 46.2695 24.4045 20.4028 15.9721 15.7612 15.4013 15.3475 15.1566 13.9173 13.3709 13.8572 12.2678 12.0817 11.2352 12.87 12.3667 12.243 18.7992 11.1693 10.9872 10.9159
threshold=0.43435000000000007 0.42285000000000006 56.350000000000001 1225.0000000000002 1.5000000000000002 1.0000000180025095e-35 1075.0500000000002 178.50000000000003 43.500000000000007 0.34275000000000005 0.50075000000000014 0.78515000000000013 1.5000000000000002 5276.5000000000009 29.500000000000004 0.95950000000000013 9602.8450000000012 0.93250000000000022 8.5000000000000018 1682.4850000000004 9.5000000000000018 14.500000000000002 0.061250000000000006
decision_type=2 2 2 2 2 2 2 2 2 2 2 2 2 2 8 10 2 10 2 2 2 2 2
left_child=1 9 8 4 6 7 -3 -4 10 -1 13 12 -10 -2 -12 16 17 -7 19 -17 -13 -11 -18
right_child=2 3 5 -5 -6 15 -8 -9 11 21 14 20 -14 -15 -16 18 22 -19 -20 -21 -22 -23 -24
leaf_value=-0.016593517720736972 0.019147136747698069 0.067105287810576439 -0.0029779133565231461 -0.0041968153917298573 0.0033778889639783458 0.0079888166893803542 0.017020872797537043 0.033514242849923312 0.0029744972422795011 0.015458159955241342 0.0055961964823110508 0.05058538637506977 0.019051843815452038 -0.010066779136651502 0.032591770496826329 -0.0031390702914323148 -0.0020116009413228787 -0.018318823520043531 0.011947986962997535 0.073155458137253992 0.017189485522082382 -0.0088346510956882184 0.052489807699845681
leaf_weight=509.29518370330334 70.020696520805359 6.7474155724048641 186.83144871518016 439.73671539500356 78.206844478845596 125.13382161781192 22.309679303318262 9.0176123231649381 114.16564995795488 16.720644293352962 17.710322435945272 12.298442412167786 82.725806869566441 14.444975558668373 139.86820255964994 4.0085470527410489 4.7679641321301443 16.493591848760843 23.292907562106848 7.2408151142299175 35.108418468385935 171.72840844281018 7.8338627219200134
leaf_count=16023 712 98 3389 9472 1246 1518 357 156 1206 486 130 73 578 157 983 42 54 216 302 73 215 5039 98
internal_value=0.000426053 -0.00827099 0.012846 -0.00106045 0.0116388 0.0050326 0.0322235 -0.000975879 0.0189792 -0.0139046 0.0243705 0.0134832 0.0098532 0.0140338 0.0296659 0.0112112 0.00754936 0.00471267 0.0262533 0.049599 0.0275502 -0.00653951 0.0344178
internal_weight=2115.71 1244.74 870.963 547.001 107.264 384.621 29.0571 195.849 486.343 697.744 242.044 244.298 196.891 84.4657 157.579 188.772 154.229 141.627 34.5423 11.2494 47.4069 188.449 12.6018
internal_count=42623 32721 9902 11173 1701 5848 455 3545 4054 21548 1982 2072 1784 869 1113 2303 1886 1734 417 115 288 5525 152
is_linear=0
shrinkage=0.03


Tree=33
num_leaves=24
num_cat=0
split_feature=10 10 143 143 145 23 68 74 26 106 19 23 4 74 26 9 68 143 7 26 42 106 45
split_gain=228.922 56.1329 33.6655 29.5091 20.0413 19.1279 17.5728 16.3817 15.5913 15.1078 14.9727 14.342 13.4062 13.1226 12.9995 18.5543 14.1968 12.7235 12.6974 12.6752 12.4405 12.8722 12.4978
threshold=0.5545500000000001 0.92975000000000008 2.5000000000000004 1.0000000180025095e-35 1.0000000180025095e-35 39.550000000000004 0.010112803425531098 0.035198226395409503 0.18275000000000002 6.5000000000000009 3.5000000000000004 80.750000000000014 2.5000000000000004 0.041895604395604406 0.18035000000000004 201050.00000000003 2.1999486389316902 1.5000000000000002 0.17950000000000002 0.29235000000000005 -0.20254999999999998 8.5000000000000018 0.084350000000000022
decision_type=2 2 2 2 2 2 2 2 2 10 2 2 2 2 2 2 2 2 8 2 2 10 2
left_child=2 3 6 19 8 -3 20 14 -5 -6 12 -4 -7 -10 -8 -16 -17 -14 -12 -2 -1 -22 -23
right_child=1 5 11 4 9 10 7 -9 13 -11 18 -13 17 -15 15 16 -18 -19 -20 -21 21 22 -24
leaf_value=-0.019226711121687806 -0.011023218713626146 0.024000611953017868 0.01872666948773586 -0.0094220815239207927 -0.010027018213029933 0.036171358791367132 -0.014213817364331093 -0.014767418715641521 0.036011709619825902 0.0098753006136681545 -0.0023623355293813908 -0.007088692083229169 -0.0078405866666545181 0.014974648008514323 -0.002045448831491074 0.054320335200006717 -0.0096978508160672824 0.029258511407609888 0.012770442981722115 0.0012957416262919681 -0.0034883259100691559 0.07584923481526909 0.0046192945649873385
leaf_weight=5.6165662892162826 101.95206978172064 200.05173647403717 45.448795840144157 16.476992193609476 55.16773172840476 36.132167879492044 56.960994081571698 713.37411982193589 35.7390604801476 84.036147430539131 71.24901594594121 31.305590260773897 17.496558129787445 115.03358783945441 70.102022133767605 8.2025768086314184 3.7201068494468919 12.831301257014276 160.34768767282367 270.27183469384909 6.6850097663700572 4.1756056509911996 3.8887528702616692
leaf_count=135 2273 1210 852 264 718 300 1792 21681 408 1069 812 716 178 1510 1969 233 117 81 1340 4863 156 95 86
internal_value=0.000352901 0.00918806 -0.0105937 0.00355647 0.0104194 0.0168162 -0.0122692 -0.0129349 0.017356 0.00195753 0.0118664 0.00828481 0.0242531 0.0203674 -0.00345288 0.00418036 0.0358217 0.00869459 0.00813459 -0.0021193 0.0142574 0.0277814 0.0492448
internal_weight=2126.27 1176.79 949.48 678.677 306.454 498.108 872.726 852.36 167.25 139.204 298.057 76.7544 66.46 150.773 138.986 82.0247 11.9227 30.3279 231.597 372.224 20.3659 14.7494 8.06436
internal_count=42858 15026 27832 11105 3969 3921 26264 25792 2182 1787 2711 1568 559 1918 4111 2319 350 259 2152 7136 472 337 181
is_linear=0
shrinkage=0.03


Tree=34
num_leaves=24
num_cat=0
split_feature=23 23 143 26 7 143 145 7 0 134 125 14 2 7 11 105 6 2 38 116 42 134 31
split_gain=186.554 64.7034 40.7748 23.7045 22.2989 21.1865 29.1876 16.7808 14.3801 13.9391 12.8536 12.4247 14.3153 12.6647 12.3694 14.3391 12.1359 12.072 14.8997 12.5699 11.7753 11.6294 11.5771
threshold=75.550000000000011 47.250000000000007 2.5000000000000004 0.32685000000000003 0.43950000000000006 1.5000000000000002 2.5000000000000004 0.18650000000000003 63.500000000000007 2244.5050000000006 4608.6900000000014 8.5000000000000018 27.500000000000004 0.70450000000000002 25225.000000000004 168.50000000000003 0.90350000000000008 15.500000000000002 0.18055000000000002 0.21807065217391305 -0.30934999999999996 4494.3750000000009 1.0035000000000001
decision_type=2 2 2 2 10 2 2 8 2 2 2 2 2 8 2 10 8 2 2 10 2 2 8
left_child=1 11 3 21 10 9 7 -7 -9 -2 -4 12 22 16 -11 -16 -14 18 19 -5 -19 -3 -1
right_child=5 2 4 17 -6 6 -8 8 -10 14 -12 -13 13 -15 15 -17 -18 20 -20 -21 -22 -23 -24
leaf_value=-0.01122378351529313 0.0036837936218822903 0.0043342913720808389 0.0034089493241076809 0.018035895321282268 0.042067382171973727 -0.0026317378652614852 -0.01757341999673363 0.015881469563908353 0.070828150176242666 -0.01889480992693272 0.020608659332893652 0.051735168747644923 0.017429293354871818 0.031008705220510763 -0.011098993904049706 0.03243385509010191 0.0030395557245726725 -0.011096266198526579 -0.0006705571480579703 0.064038745528537819 0.0037035760494299086 -0.010346632249799927 0.028840644925840129
leaf_weight=5.9383227303624153 36.848566826432943 61.383491249755025 85.943128544837236 30.33274956420064 23.275776512920856 45.583741582930088 56.409200854599476 36.328780561685562 3.2780078500509253 340.12008826248348 71.26138861104846 7.9841060861945143 99.951926339417696 28.128802288323641 244.99592932872474 5.1126765497028819 111.43834935873747 52.632574994117022 28.349286481738091 5.446074439212679 423.91381322219968 214.35613562911749 94.87871028482914
leaf_count=40 1100 1391 974 463 197 977 1366 717 60 11044 809 40 753 186 7222 150 876 1067 417 75 6925 5112 673
internal_value=9.27943e-05 0.00682695 0.00292312 5.74137e-05 0.0157436 -0.0116794 -0.00117778 0.00983273 0.0236151 -0.0140394 0.0113666 0.0179193 0.0168284 0.0126533 -0.0151546 -0.00995886 0.00994306 0.00370539 0.0157216 0.0280577 0.00202945 -0.00707078 0.0263083
internal_weight=2113.89 1345.21 996.894 816.414 180.48 768.677 141.6 85.1905 39.6068 627.077 157.205 348.32 340.336 239.519 590.229 250.109 211.39 540.674 64.1281 35.7788 476.546 275.74 100.817
internal_count=42634 19998 17430 15450 1980 22636 3120 1754 777 19516 1783 2568 2528 1815 18416 7372 1629 8947 955 538 7992 6503 713
is_linear=0
shrinkage=0.03


Tree=35
num_leaves=24
num_cat=0
split_feature=13 143 10 10 14 25 24 2 16 129 7 74 134 10 74 143 13 13 0 108 143 136 134
split_gain=210.761 40.3699 39.8065 27.7728 25.8173 17.5759 20.7602 16.2728 15.7619 15.3821 15.345 14.6709 13.7772 13.8223 13.4321 12.9599 12.5853 13.0906 12.2796 11.8639 11.7308 13.6124 12.0754
threshold=0.42315000000000008 1.0000000180025095e-35 0.42285000000000006 0.90005000000000013 4.5000000000000009 -13314.999999999998 1865.0000000000002 25.500000000000004 1.5000000000000002 -3575.7999999999997 0.096500000000000016 0.11376933251933254 6687.5200000000013 0.99465000000000015 0.025807623518891126 1.5000000000000002 0.33695000000000003 0.35965000000000008 27.500000000000004 15.500000000000002 1.5000000000000002 2596.5850000000005 4413.5650000000014
decision_type=2 2 2 2 2 2 2 2 2 2 10 2 2 2 2 2 2 2 2 10 2 2 2
left_child=2 3 15 8 7 9 16 10 14 -4 -3 -5 13 -13 -2 -1 -7 -18 -19 -12 22 -22 -8
right_child=1 4 5 11 -6 6 20 -9 -10 -11 19 12 -14 -15 -16 -17 17 18 -20 -21 21 -23 -24
leaf_value=-0.01518873592953505 0.015627678850216212 -0.00015904660322829046 0.066879152747482559 0.015780231393371178 0.034715132699919438 -0.0044859395941574788 0.0038409126713653779 0.010075338413179464 0.026692870935448948 0.0014346523170638667 0.032652198139559697 -0.01520991828327297 -0.01077928788753472 0.027668589204566656 -0.0086218584435953892 -0.0035400219148418702 0.041388842795007007 0.052465018283172488 0.004368635712907379 0.00067090009384504479 -0.015653111068060714 0.008245212643114324 -0.012515959399835299
leaf_weight=566.56237824074924 21.306979589164257 20.334331762045622 4.0987161174416542 167.34279443323612 59.651714906096458 42.622231248766184 48.259093284606934 312.50029680132866 12.277920464053748 7.0688270442187768 79.994359467178583 8.1779007315635699 43.68768123164773 20.448661889880896 181.22989543713629 102.95848860964179 12.672354117035864 3.320998139679431 52.137428052723408 12.059829149395226 27.14245255663991 79.468345731496811 230.16010826826096
leaf_count=18801 377 211 70 1489 344 761 1168 3127 202 128 692 97 421 156 3584 2652 202 46 778 105 435 1274 5670
internal_value=-0.000168575 0.0104184 -0.00862198 0.00396887 0.0164264 -0.00226633 -0.0031627 0.0137082 -0.00384858 0.031964 0.0234567 0.0109498 -0.000352058 0.0152259 -0.00594293 -0.0134133 0.00818401 0.0160122 0.00897471 0.0285658 -0.00645199 0.00198464 -0.00967361
internal_weight=2115.48 939.012 1176.47 454.472 484.541 506.951 495.783 424.889 214.815 11.1675 112.389 239.657 72.3142 28.6266 202.537 669.521 110.753 68.1308 55.4584 92.0542 385.03 106.611 278.419
internal_count=42790 10805 31985 6326 4479 10532 10334 4135 4163 198 1008 2163 674 253 3961 21453 1787 1026 824 797 8547 1709 6838
is_linear=0
shrinkage=0.03


Tree=36
num_leaves=24
num_cat=0
split_feature=13 10 2 24 143 143 24 26 6 129 26 99 2 18 125 67 73 27 137 30 135 40 60
split_gain=205.216 48.8689 36.3661 37.5012 19.8034 17.8045 15.8293 13.8111 13.4025 22.7585 12.9785 14.65 16.2684 13.7895 18.1493 17.1786 16.0748 12.6943 12.5044 14.72 14.5489 12.3473 12.2664
threshold=0.42985000000000007 0.5545500000000001 13.500000000000002 285.00000000000006 1.0000000180025095e-35 1.5000000000000002 1225.0000000000002 0.88975000000000015 0.74450000000000005 -1700.7149999999997 0.47165000000000007 9280.7850000000017 56.500000000000007 12.500000000000002 4410.1450000000013 0.24691159850243169 0.88654970760233931 1.0000000180025095e-35 0.37846604440329207 0.51775000000000015 74.420000000000016 0.28225000000000006 0.70425000000000015
decision_type=2 2 2 2 2 2 2 2 8 2 2 2 2 2 2 2 2 2 8 10 2 2 2
left_child=1 4 -2 7 -1 10 17 -4 9 -8 -5 12 13 14 -12 -15 -17 -3 19 20 -6 -21 -14
right_child=2 6 3 5 18 -7 8 -9 -10 -11 11 -13 22 15 -16 16 -18 -19 -20 21 -22 -23 -24
leaf_value=-0.014031519767195575 0.029900527803671657 0.0025425032888502135 0.015190676323337083 -0.0069818589676139443 -0.011892465351445971 0.01144269341805006 0.060548437553691895 0.035687165390675284 -0.0035023867705251707 -0.0053219822600276741 -0.018518497063108944 0.034140472197575926 0.021086352467612906 0.00042596204409492194 0.016738776470987291 0.051641640106822463 0.0081042288986053236 0.025522337166223399 -0.0078460713354486927 0.061719268537861242 0.021217605611345738 0.0027956966813802884 -0.015565667871613323
leaf_weight=626.26140085421503 85.561947610229254 48.350857179611921 286.49456924572587 136.24004196748137 30.518522076308727 194.23335579410195 6.1506236158311394 32.779020421206951 247.23023518174887 10.52862314507365 25.933758158236742 12.554009977728127 7.9807905964553347 24.370247054845095 22.834315221756697 17.125174246728424 14.152949862182139 37.89913396909833 158.8325597345829 5.435797240585087 16.878287706524134 5.9690554849803448 49.489126976579428
leaf_count=20587 830 732 2381 2706 771 1896 119 175 4838 204 401 145 106 262 333 174 135 504 3988 129 422 143 664
internal_value=0.000747468 -0.00742613 0.0114682 0.00948687 -0.011328 0.00436828 0.00198849 0.0175041 -0.00167753 0.0228505 -9.9449e-05 0.00529401 0.00266768 0.00966204 -0.00200116 0.019598 0.0336125 0.0129896 -0.00349156 0.00814184 0.00027991 0.0358983 -0.00993787
internal_weight=2103.8 1194.06 909.749 824.187 843.896 504.914 350.159 319.274 263.909 16.6792 310.68 174.44 161.886 104.416 48.7681 55.6484 31.2781 86.25 217.634 58.8017 47.3968 11.4049 57.4699
internal_count=42645 32437 10208 9378 26040 6822 6397 2556 5161 323 4926 2220 2075 1305 734 571 309 1236 5453 1465 1193 272 770
is_linear=0
shrinkage=0.03


Tree=37
num_leaves=24
num_cat=0
split_feature=10 143 7 143 24 22 60 74 22 43 78 2 6 130 45 66 7 146 108 43 7 105 19
split_gain=197.997 37.72 35.1507 24.6256 21.64 19.0698 17.6156 19.2951 17.3898 14.2641 13.9328 16.515 16.6657 13.7847 13.5435 13.1981 14.2396 14.0087 13.0428 15.2783 12.5637 12.4098 12.3867
threshold=0.73255000000000015 1.0000000180025095e-35 0.17150000000000001 1.5000000000000002 5775.0000000000009 575.50000000000011 0.92775000000000007 0.07528501101178911 607.50000000000011 0.013025000000000002 0.25650000000000006 65.500000000000014 0.7855000000000002 -2192.1499999999996 0.019550000000000001 0.24303839593586327 0.26650000000000007 0.72500000000000009 7.5000000000000009 0.012205000000000002 0.37950000000000006 44.500000000000007 4.5000000000000009
decision_type=2 2 8 2 2 10 2 2 8 2 2 2 10 2 2 2 8 2 10 2 10 10 2
left_child=1 4 5 10 6 9 -1 13 -3 -2 11 12 -4 -8 -11 17 -17 -12 19 -15 -10 -18 -16
right_child=2 8 3 -5 -6 -7 7 -9 20 14 15 -13 -14 18 22 16 21 -19 -20 -21 -22 -23 -24
leaf_value=-0.0068658124301151716 -0.017305349507334523 0.018728276661641129 0.024583069759139535 0.022238605884683033 -0.013637105786765658 -0.0057914697788828996 -0.0019295163578999684 -0.0036313746973869244 -0.0043125711100789029 -0.0046313947235989686 -0.0019271612947845903 -0.0090837542739630548 0.0038135687962736449 -0.0059716441183010312 0.03342862687505227 0.0060706696249452231 0.043853013266276566 0.037499106338883648 -0.00048797938760170674 0.086999061097555813 0.013255170987306534 0.014159015638845623 0.010260324510163401
leaf_weight=114.04947227798402 13.886715430766342 37.879107307642698 46.611506432294846 239.90991400554776 694.5598138011992 141.48718505725265 5.1963866353035 19.719249797984958 301.37699668854475 28.881502959877253 44.682399276643991 54.185644738376141 125.56080308556557 1.6494466792792062 31.375344626605511 27.600657939910889 34.306129861623049 7.864413905888795 2.9296776168048373 6.6371081061661243 39.71053260192275 23.574060205370188 62.726311553269625
leaf_count=2808 151 588 488 1715 22138 2087 122 499 6629 305 432 613 1314 42 283 367 335 72 69 166 732 240 648
internal_value=-8.27104e-05 -0.00788928 0.0107337 0.0147861 -0.0114101 0.00189349 -0.00106655 0.0166387 -2.25418e-05 0.0098067 0.00978472 0.00512838 0.00965413 0.0387417 0.013096 0.0172386 0.0243931 0.00513215 0.0550249 0.0709302 -0.00220193 0.0326358 0.01852
internal_weight=2106.36 1223.71 882.653 604.296 844.741 278.357 150.181 36.1319 378.967 136.87 364.386 226.358 172.172 16.4126 122.983 138.028 85.4808 52.5468 11.2162 8.28655 341.088 57.8802 94.1017
internal_count=42843 33793 9050 5576 25844 3474 3706 898 7949 1387 3861 2415 1802 399 1236 1446 942 504 277 208 7361 575 931
is_linear=0
shrinkage=0.03


Tree=38
num_leaves=24
num_cat=0
split_feature=10 10 143 19 7 2 0 120 35 41 73 45 50 68 25 135 118 68 40 23 29 2 125
split_gain=195.593 42.024 20.9611 18.8109 16.5428 15.9531 13.8299 13.3778 13.4437 12.3606 12.198 12.0969 12.5315 12.0889 11.6665 11.7543 12.0135 11.3234 11.0473 10.7957 10.6963 11.8501 10.5125
threshold=0.5545500000000001 0.92975000000000008 1.0000000180025095e-35 11.500000000000002 0.23450000000000001 20.500000000000004 78.500000000000014 2326.4750000000004 0.030950000000000002 2.8185000000000007 2.1961722488038284 0.11685000000000002 4.5000000000000009 0.0099208459084320685 -13314.999999999998 2282.3350000000005 0.30217391304347835 0.0098061880127846071 0.39455000000000007 46.350000000000001 0.051950000000000003 25.500000000000004 4886.9750000000013
decision_type=2 2 2 2 10 2 2 2 2 2 2 2 2 2 2 2 10 2 2 2 2 2 2
left_child=2 5 13 4 11 7 -4 8 -2 -10 19 18 -13 17 15 -7 -17 -1 -3 -9 -6 -22 -21
right_child=1 3 6 -5 20 14 -8 10 9 -11 -12 12 -14 -15 -16 16 -18 -19 -20 22 21 -23 -24
leaf_value=-0.01102193087123722 -0.016493673345469532 0.010923700674723794 -0.0041199089100860849 0.0032886015985809898 0.028052894047022842 -0.00774035439501996 0.037417622802079373 0.053452757005269441 0.021890140325649635 0.069510390029438915 -0.0057408252966391505 0.029218343673338254 -0.0036323981844236463 -0.013633584578488808 0.0002363187961834984 0.063936139172616549 -0.0030466336148681243 0.052169155519131843 -0.008527598329190483 0.02309902547165615 0.033366817501185503 0.0034599800733277589 -0.0025475180934593435
leaf_weight=4.0110836103558531 3.9554534330964115 111.60861545428634 242.81285636126995 106.03615099936724 143.66330866143107 5.4164430461823931 5.4435015656054011 4.1550183966755858 22.056209638714794 5.9498568661510935 40.196402609348297 47.816487465053797 12.705847617238758 645.10680117458105 538.32914381101727 5.8085858784615976 3.2323530726134777 3.0590563882142305 32.557047933340073 27.485089980065823 14.895367708057163 42.427159056067467 27.387722752988338
leaf_count=94 66 918 5877 1047 827 77 130 40 316 86 552 353 96 21504 9010 82 45 75 271 412 98 301 401
internal_value=0.000181225 0.00812823 -0.0103662 0.0146143 0.017544 0.00324726 -0.00291736 0.0125684 0.0288846 0.0359658 0.00684591 0.0113624 0.0224262 -0.0131841 0.00099785 0.0258792 0.0437743 0.0217938 0.00647442 0.0153244 0.0236654 0.0120943 0.0106591
internal_weight=2096.12 1195.68 900.433 511.71 405.674 683.972 248.256 131.186 31.9615 28.0061 99.2242 204.688 60.5223 652.177 552.787 14.4574 9.04094 7.07014 144.166 59.0278 200.986 57.3225 54.8728
internal_count=42678 14998 27680 3911 2864 11087 6007 1873 468 402 1405 1638 449 21673 9214 204 127 169 1189 853 1226 399 813
is_linear=0
shrinkage=0.03


Tree=39
num_leaves=24
num_cat=0
split_feature=13 10 143 14 24 26 2 25 61 46 129 117 29 51 31 13 0 37 29 45 25 108 25
split_gain=186.643 47.3326 26.8842 28.6102 21.3128 20.9655 20.443 20.0684 19.0941 17.3179 14.2919 14.1885 12.5649 12.2854 11.472 10.9966 16.151 10.5212 10.4772 10.2614 10.2612 10.0603 12.1695
threshold=0.41865000000000008 0.42285000000000006 1.0000000180025095e-35 4.5000000000000009 1865.0000000000002 0.86325000000000007 30.500000000000004 -13314.999999999998 138.50000000000003 0.87950000000000006 -3575.7999999999997 0.15476190476190479 0.042550000000000011 0.079250000000000015 1.6295000000000002 0.091850000000000015 24.500000000000004 12.500000000000002 0.010950000000000001 0.0077500000000000008 -4864.9999999999991 6.5000000000000009 -194.99999999999997
decision_type=2 2 2 2 2 2 2 2 2 2 2 8 2 2 10 2 2 2 2 2 2 8 2
left_child=1 15 5 6 9 8 20 10 12 -3 -6 -8 -2 -7 18 16 -1 -10 -13 -11 -4 -21 -23
right_child=2 4 3 -5 7 13 11 -9 17 19 -12 14 -14 -15 -16 -17 -18 -19 -20 21 -22 22 -24
leaf_value=0.031422353751306586 0.0073912495577514647 -0.0036796053197894001 -0.0061956829953729213 0.033996654763930975 0.066217551581941314 0.049112063779652479 0.00086502622227414285 -0.0052152410146169802 0.035362096210317405 -0.013217060961851265 0.0012602887671690969 -0.01071964817975871 -0.0033882519524947824 0.011886110229086215 -0.020010930279534687 -0.010462626980595621 -0.020683175658426416 0.0030361793615060486 0.018672989671683102 -0.011345702066037727 0.023508004094070216 -0.019920962464063174 0.031968853701615903
leaf_weight=3.804206144064664 168.55669010989368 42.830689631402493 10.518460385501383 62.121053863316774 4.1276935189962387 12.153030399233101 143.38610351458192 369.17615199647844 22.346621293574572 6.0361927151679984 6.2243048250675184 10.676992185413836 224.78947754204273 22.493702404201031 6.6953618191182604 450.91139998473227 179.97302236221731 15.079976087436078 123.54424828290939 5.3515624329447737 137.18034764379263 3.0979387387633315 50.031143050640821
leaf_count=133 1916 697 95 346 65 87 1457 8331 307 100 116 85 3835 169 76 14792 6331 200 1206 89 1210 46 787
internal_value=0.000620769 -0.00768309 0.0103226 0.0151865 -0.000639037 0.00511582 0.0123374 -0.00398305 0.00324654 0.0110404 0.033689 0.007545 0.001245 0.0269115 0.0142348 -0.0130677 -0.0192779 0.023152 0.0162118 0.0206293 0.0213381 0.0244444 0.0283302
internal_weight=2081.11 1121.56 959.542 494.123 486.876 465.419 432.002 379.528 430.773 107.348 10.352 284.303 393.346 34.6467 140.917 634.689 183.777 37.4266 134.221 64.5168 147.699 58.4806 53.1291
internal_count=42476 31487 10989 4475 10231 6514 4129 8512 6258 1719 181 2824 5751 256 1367 21256 6464 507 1291 1022 1305 922 833
is_linear=0
shrinkage=0.03


Tree=40
num_leaves=24
num_cat=1
split_feature=13 143 69 25 74 19 22 76 132 68 72 88 69 67 42 41 105 116 137 39 20 137 29
split_gain=173.147 43.5564 32.4883 22.7799 20.5632 16.8905 16.4899 16.8522 15.5146 14.452 14.7491 14.3981 16.7743 14.3544 14.2503 14.17 17.5381 13.6957 12.7632 12.5879 12.3026 12.1067 11.5049
threshold=0.42985000000000007 1.0000000180025095e-35 0.0019055183630243204 1225.0000000000002 0.041895604395604406 12.500000000000002 452.50000000000006 1.2263500000000003 0.57738095238095244 0.52796513142208756 0.84523809523809534 0 0.0061298165475576526 0.23871503831417626 0.092550000000000007 2.4065000000000007 44.500000000000007 0.059714795008912663 1.8888841714965567 0.040150000000000005 1.0000000180025095e-35 1.6641978363987964 0.068850000000000008
decision_type=2 2 2 2 2 2 8 2 8 2 2 1 2 2 2 2 10 10 8 2 2 10 2
left_child=1 3 4 -1 8 15 20 22 19 10 -10 -3 14 -9 17 16 -4 -13 -19 -2 -6 -15 -8
right_child=2 11 5 -5 6 -7 7 13 9 -11 -12 12 -14 21 -16 -17 -18 18 -20 -21 -22 -23 -24
leaf_value=-0.0028371036331506982 -0.010306592861258899 -0.0072027190114295489 0.023147431263233462 -0.014209405554829139 0.0034407245425639266 -0.0054491984224021702 0.010190779168827156 0.0055566812156994123 -0.013695945202683458 -0.019027898201490763 0.031399480159873802 -0.0023445188003384802 0.00075616401389807435 0.040392898430820036 0.0061024902308484015 0.0010537549877932552 -0.0033349523988845295 0.05544775945181956 -0.00029784737177375681 0.034588140024562994 0.041766881821379359 0.0037205321401014698 -0.0020264630033431943
leaf_weight=218.74780079722404 5.1501368060708037 98.645672272890806 77.971079457551241 585.20846029371023 11.114773765206335 131.54473700001836 223.39067887142301 30.688995871692896 7.7124270536005524 10.469703227281569 21.533161330968142 7.1290779151022461 186.23478947207332 35.24263447150588 41.939136274158955 127.49638631567359 30.682925704866648 16.816327139735225 4.5735739395022383 84.820000771433115 24.234148420393467 10.908586680889128 99.372146736830473
leaf_count=5111 41 2077 966 19808 54 2458 1819 281 66 122 142 120 4287 290 639 1608 401 290 68 659 116 94 1167
internal_value=0.000463486 -0.00727182 0.0100768 -0.0111298 0.0145847 0.00311304 0.0113658 0.00952554 0.0250437 0.00883695 0.0193918 0.00147044 0.0050422 0.0219939 0.0177772 0.00788824 0.0157439 0.0334206 0.044522 0.03185 0.0305455 0.0322394 0.00644002
internal_weight=2091.63 1159.29 932.333 803.956 564.637 367.695 434.952 399.603 129.685 39.7153 29.2456 355.339 256.693 76.8402 70.4581 236.15 108.654 28.519 21.3899 89.9701 35.3489 46.1512 322.763
internal_count=42684 32400 10284 24919 4851 5433 3821 3651 1030 330 208 7481 5404 665 1117 2975 1367 478 358 700 170 384 2986
cat_boundaries=0 1
cat_threshold=288424608
is_linear=0
shrinkage=0.03


Tree=41
num_leaves=24
num_cat=1
split_feature=13 10 69 43 68 88 35 114 137 74 76 131 143 22 34 68 137 37 131 107 106 42 1
split_gain=151.616 35.7385 33.507 21.058 19.034 15.3617 14.7705 15.7832 21.4683 14.6054 13.9353 13.5042 11.9472 11.5487 10.897 10.8736 12.6942 11.5091 11.0878 10.773 10.4933 14.128 12.4264
threshold=0.43435000000000007 0.36485000000000006 0.0015309394297470355 0.067870000000000014 0.17974076192124075 0 0.17985000000000004 8.5000000000000018 0.98616134515700893 0.074137493658041634 1.2203500000000003 0.28730158730158734 1.0000000180025095e-35 452.50000000000006 2013.4950000000001 0.0098432693950786087 1.6770541796306724 6.5000000000000009 0.45584415584415588 104.50000000000001 7.5000000000000009 0.046150000000000004 2.4500000000000006
decision_type=2 2 2 2 2 1 2 2 10 2 2 8 2 8 2 2 8 2 10 10 10 2 8
left_child=1 -1 9 -4 20 6 -6 14 -9 15 13 -12 -5 -11 -8 -2 19 -18 -19 -17 -3 22 -22
right_child=2 4 3 12 5 -7 7 8 -10 10 11 -13 -14 -15 -16 16 17 18 -20 -21 21 -23 -24
leaf_value=-0.0121361611837238 0.034203634246923034 -0.0011654797849918871 -0.0009603372497189594 0.0042965675339394936 -0.0023719862974207269 -0.0071054616210632438 -0.0031827802047378635 -0.0002367536989276871 0.074203514748948471 0.026362706130585091 0.03957942962389438 0.0094457735071629256 0.028659288412760615 0.0039287022535415576 0.03489777677870199 0.0096762025646097774 0.009448539707415991 0.044564001716060793 -0.0016177932842947813 0.035816256243791936 -0.01142714411907581 0.005444059118636063 0.04120355230160884
leaf_weight=548.62607590295374 38.385011192411184 54.321655318140984 293.06446455419064 36.107711767777801 82.166590889915824 366.63346544466913 25.543716732412577 5.7577697206288558 6.7911454886198044 21.078868292272091 22.891392722725868 32.683348007500172 36.113884452730417 208.9679636657238 7.064392587170004 154.413439668715 20.612562533468008 32.067658223211765 5.2648602686822406 14.132897820323704 3.9495000727474716 44.409502949565649 22.055031191557646
leaf_count=19054 251 873 4265 609 1894 8666 596 135 148 101 179 297 392 1930 163 1320 167 250 48 97 68 679 366
internal_value=0.000587845 -0.00657625 0.00971411 0.00264831 -0.00162278 -0.00426938 0.00440319 0.0186432 0.044711 0.0143761 0.00956135 0.0228016 0.016923 0.0061938 0.00660717 0.0194574 0.0166807 0.0286945 0.0383001 0.0122624 0.00875982 0.0162375 0.0329649
internal_weight=2083.1 1167.32 915.784 365.286 618.693 493.957 127.324 45.157 12.5489 550.498 285.622 55.5747 72.2216 230.047 32.6081 264.876 226.491 57.9451 37.3325 168.546 124.736 70.414 26.0045
internal_count=42548 32642 9906 5266 13588 11602 2936 1042 283 4640 2507 476 1001 2031 759 2133 1882 465 298 1417 1986 1113 434
cat_boundaries=0 1
cat_threshold=717751300
is_linear=0
shrinkage=0.03


Tree=42
num_leaves=24
num_cat=0
split_feature=13 10 19 24 19 2 114 131 6 129 42 131 129 71 134 134 0 6 76 11 46 13 26
split_gain=157.721 40.9799 38.9149 18.4383 17.5494 15.5207 13.9535 22.2364 14.8586 16.3363 13.9224 12.6463 12.5878 12.1719 15.187 12.393 12.6342 15.1866 11.9144 11.8407 12.0538 11.8172 11.8146
threshold=0.42315000000000008 0.42285000000000006 11.500000000000002 28375.000000000004 18.500000000000004 15.500000000000002 9.5000000000000018 0.3816526610644258 0.84150000000000003 -1.0000000180025095e-35 0.36705000000000004 0.22401433691756276 -2342.1149999999993 5.5000000000000009 6943.3500000000013 4494.3750000000009 48.500000000000007 0.81950000000000001 1.0341500000000001 30305.000000000004 0.57450000000000012 0.091850000000000015 0.41425000000000006
decision_type=2 2 2 2 2 2 2 10 10 2 2 10 2 2 2 2 2 8 2 2 2 2 2
left_child=1 21 3 5 6 10 -3 8 9 -8 -2 12 -4 14 -7 -15 19 -18 -10 -17 -21 -1 -22
right_child=2 4 11 -5 -6 13 7 -9 18 -11 -12 -13 -14 15 -16 16 17 -19 -20 20 22 -23 -24
leaf_value=-0.018888089593742257 0.012712880155644228 0.00094092035539306007 0.033207436622253839 -0.0059752525589566955 -0.0070548406743535649 -0.00031593117832754856 0.0691620030552626 -0.012118201964225542 -0.012646471137842336 0.0032083510796773319 0.03714985798085179 -0.0022884389621767817 0.004497350884953644 0.029055124220798024 0.013928435787119529 0.0063886534552437977 0.028569621639809788 -0.0061111470636121146 0.029378479435172709 -0.0020545107417412186 0.0041874178230886282 -0.0096536670692595784 0.040890078549921154
leaf_weight=178.29950838163495 41.260468944907188 225.85218197479844 16.542511800304055 39.526521874591708 222.96528901718557 107.46766933239996 10.453799230977891 14.600627692416309 9.0674176178872603 4.9162366949021807 48.362541474401951 254.25376732833683 56.321637190878391 64.869478261098266 178.12621394172311 39.034616502001882 12.883753269910811 46.18443788588047 12.198857344686983 9.8766428492963296 10.35703146830201 442.73672279715538 39.426562052220106
leaf_count=6526 419 4427 242 541 5116 1116 194 285 184 97 363 3778 813 456 1843 281 87 340 233 76 109 14937 257
internal_value=0.000423348 -0.00722295 0.00930767 0.0136136 -0.000822972 0.0149243 0.00420625 0.0180237 0.0300416 0.0508646 0.0264227 0.000886069 0.0117285 0.012801 0.00860342 0.018061 0.0132333 0.00214123 0.0119133 0.0196975 0.0279155 -0.012357 0.0337111
internal_weight=2085.58 1121.09 964.494 637.376 500.054 597.849 277.089 51.2369 36.6363 15.37 89.623 327.118 72.8641 508.226 285.594 222.633 157.763 59.0682 21.2663 98.6949 59.6602 621.036 49.7836
internal_count=42720 31999 10721 5888 10536 5347 5420 993 708 291 782 4833 1055 4565 2959 1606 1150 427 417 723 442 21463 366
is_linear=0
shrinkage=0.03


Tree=43
num_leaves=24
num_cat=2
split_feature=10 13 67 88 22 2 13 67 88 7 7 115 0 68 47 105 5 27 2 13 74 136 23
split_gain=161.37 30.1591 19.8855 20.8975 22.8676 19.3184 18.6679 17.8006 15.0024 29.0049 14.9933 14.0703 14.2348 14.0376 13.8956 15.6002 12.6378 12.6308 14.8826 12.2215 11.698 11.5659 11.0362
threshold=0.5545500000000001 0.58115000000000017 0.15671157252994397 0 622.50000000000011 13.500000000000002 0.08865000000000002 0.31772897440318298 1 0.26450000000000007 0.28250000000000003 1.5326086956521743 49.500000000000007 0.10255767297322001 21.735000000000003 171.50000000000003 57450.000000000007 1.5000000000000002 49.500000000000007 0.28635000000000005 0.044244260204081641 3963.0250000000001 71.550000000000011
decision_type=2 2 2 1 10 2 2 2 1 10 8 8 2 2 2 8 2 2 2 2 2 2 2
left_child=6 2 -2 4 -4 21 16 -7 9 19 -9 12 -11 22 15 -10 -1 -5 -19 -8 -21 -3 -6
right_child=1 5 3 17 13 7 8 10 14 11 -12 -13 -14 -15 -16 -17 -18 18 -20 20 -22 -23 -24
leaf_value=0.011291695547297557 -0.0049602300909527284 0.051469275125753 0.026103444842814866 0.00049593958381035416 0.038843417123645002 0.0061754912108083898 -0.013919407948310834 0.0099608269971389503 -0.011980476517834793 0.015783417947080436 0.029972821568950734 -0.017335591465478781 0.076443869729678537 -0.0023366457576949507 -0.010342633368602529 0.029532813331410154 -0.02050496834634799 0.023617196303371928 -0.0026200307969591668 0.03393309148286959 -0.0026432928078772996 0.016324855987086634 -0.009819325186638141
leaf_weight=10.839286834001539 172.76603612676263 17.182138469070196 97.404616743326187 404.55807927623391 13.426727347075941 205.35507522523403 42.08831850066781 70.31464471295476 13.784907549619676 8.2631135769188422 68.459915246814489 2.5142839066684237 6.3650449719279996 63.365096129477024 568.18608552962542 15.346917279064654 163.23236311599612 47.998033564537764 31.254196252673864 9.9698700420558435 22.221985660493374 19.998562127351761 4.8133711367845526
leaf_count=387 2566 105 1154 6114 169 1557 1427 618 421 239 426 76 165 1165 17533 470 6073 492 374 258 631 135 72
internal_value=0.00023849 0.00727048 0.00406266 0.00642235 0.0144381 0.0142421 -0.00967319 0.011882 -0.00741578 0.00381389 0.0201187 0.0377792 0.048198 0.00454026 -0.0089282 0.0103814 -0.0184192 0.0025358 0.0134604 -0.0035597 0.0100067 0.0343642 0.0263005
internal_weight=2079.71 1216.9 835.586 662.82 179.01 381.31 862.812 344.13 688.741 91.4226 138.775 17.1424 14.6282 81.6052 597.318 29.1318 174.072 483.81 79.2522 74.2802 32.1919 37.1807 18.2401
internal_count=42627 14947 12106 9540 2560 2841 27680 2601 21220 2796 1044 480 404 1406 18424 891 6460 6980 866 2316 889 240 241
cat_boundaries=0 1 2
cat_threshold=303170821 4329476
is_linear=0
shrinkage=0.03


Tree=44
num_leaves=24
num_cat=1
split_feature=13 24 88 27 143 74 7 106 68 0 125 34 22 1 25 129 7 46 7 41 5 40 122
split_gain=130.828 33.7942 25.3626 22.734 22.5164 20.0263 15.4724 14.8208 14.6453 14.0118 12.624 19.7338 13.6734 16.0851 11.9198 14.314 11.624 11.4375 15.0019 12.8161 13.3543 11.9566 11.3548
threshold=0.42985000000000007 3495.0000000000005 0 4.5000000000000009 1.0000000180025095e-35 0.041895604395604406 0.48950000000000005 12.500000000000002 0.0098432693950786087 78.500000000000014 4410.1450000000013 1311.8750000000002 587.50000000000011 2.2500000000000004 -13314.999999999998 -8637.4799999999977 0.11450000000000002 0.71450000000000002 0.20850000000000002 2.5025000000000004 26350.000000000004 0.12005 808.74500000000023
decision_type=2 2 1 2 2 2 10 10 2 2 2 2 8 10 2 2 10 2 8 2 2 2 2
left_child=1 17 6 5 14 16 -2 -8 -7 -6 12 -12 13 -10 15 -3 -4 -1 -19 21 -21 -20 -11
right_child=2 4 3 -5 9 8 7 -9 10 22 11 -13 -14 -15 -16 -17 -18 18 19 20 -22 -23 -24
leaf_value=-0.0074286719010019575 -0.0029392615325429688 0.059258489976053715 0.0052003559596181092 0.042354167852227863 -0.0027622924775860883 0.021483392730630137 0.034449079980667659 -0.0053563530558144957 0.029531630279990874 -0.0094454221619820547 0.022352243986649853 0.0031529464376388143 -0.0050987765479010719 0.0032920012666464646 -0.012388137597635095 -0.0052718407697803504 0.02429897753401996 0.0001948644234337017 -0.018229764553682248 0.054057690480647312 -0.00091447714843702213 0.038886944819302001 0.06506705439847936
leaf_weight=46.427311014384031 226.19776107743382 2.6541775763034812 38.902377126738429 19.242629278451204 275.09899392351508 59.898735765367746 18.94619907438755 13.280146688222883 24.094904616475105 2.2048608697950831 84.900240272283554 109.89068558998406 134.15439123474061 111.68695992231369 652.38528690300882 8.3809469584375602 122.86841600202024 72.88192024640739 2.5337924715131548 2.5718613322824231 30.100908309221268 28.118350673466921 2.9971506502479315
leaf_count=880 2563 60 451 101 6303 459 150 104 198 51 965 1320 1986 939 22115 213 1161 1527 43 50 491 456 68
internal_value=0.000376074 -0.00656207 0.008479 0.0112228 -0.00884567 0.0106371 -0.000108615 0.0186912 0.00773919 -0.0017003 0.00588323 0.0116631 0.00165723 0.00830939 -0.0118505 0.0169598 0.0198258 0.00520592 0.00955771 0.0199977 0.00628126 0.0333381 0.0396324
internal_weight=2090.42 1126.36 964.063 705.639 943.721 686.397 258.424 32.2263 524.626 280.301 464.727 194.791 269.936 135.782 663.42 11.0351 161.771 182.634 136.207 63.3249 32.6728 30.6521 5.20201
internal_count=42654 32257 10397 7580 28810 7479 2817 254 5867 6422 5408 2285 3123 1137 22388 273 1612 3447 2567 1040 541 499 119
cat_boundaries=0 1
cat_threshold=143214657
is_linear=0
shrinkage=0.03


Tree=45
num_leaves=24
num_cat=0
split_feature=10 71 143 145 7 67 19 7 47 0 137 107 21 107 134 115 68 47 122 68 118 105 76
split_gain=110.253 32.782 25.1879 19.5366 18.1546 14.9766 14.6144 13.9079 13.7115 12.0206 14.2283 11.7777 15.6059 11.2426 11.0986 11.1396 11.049 11.5023 11.018 12.3907 11.645 16.4848 15.3054
threshold=0.5545500000000001 4.5000000000000009 1.5000000000000002 2.5000000000000004 0.43450000000000005 0.32141342952275254 9.5000000000000018 0.10450000000000001 24.525000000000002 62.500000000000007 0.99294844143718641 71.500000000000014 1.0000000180025095e-35 80.500000000000014 8435.885000000002 1.2565789473684212 0.019940506152165499 43.285000000000004 1435.5650000000003 2.2917495184389494 0.21583850931677021 151.50000000000003 1.2118500000000003
decision_type=2 2 2 2 8 2 2 8 2 2 8 10 2 10 2 8 2 2 2 2 10 8 2
left_child=2 4 8 6 11 -6 14 -3 18 -8 -11 -2 13 -13 -4 -16 -9 -18 19 20 21 -1 -23
right_child=1 7 3 -5 5 -7 9 16 -10 10 -12 12 -14 -15 15 -17 17 -19 -20 -21 -22 22 -24
leaf_value=-0.014535083312949662 -0.0010086803054707499 -0.0038568288783898444 0.00064093264760152187 -0.010642654506944283 0.0036934040833675138 0.021314837976360683 -0.0005554577118618714 0.019852724373714485 -0.012197282643057854 0.059495073731392983 -0.007179347509493411 0.040231467493604435 0.036276020494615979 -0.0034468235825538115 0.062326865089566419 0.0046969122123179038 -0.0061370985556055586 0.013781541504220623 -0.0072306039542039367 -0.016588166385435345 0.00048298830624165471 0.093547051523986582 -0.0051330688801859521
leaf_weight=1.7612566929310576 642.61638051643968 37.594778064638376 7.3244179673492935 66.105521362274885 109.46619989350438 71.106480307877064 71.60791839659214 187.93820658326149 642.92540558613837 4.9415645897388432 4.2630028128623971 4.150749258697032 16.017278879880905 36.881200015544891 8.8588647656142676 4.6621261611580858 35.178532253950834 89.314767237752676 27.173864604905248 4.4219627026468507 5.6823653448373079 4.5172512028366327 1.5516622252762315
leaf_count=56 9486 428 143 1687 1312 699 1621 1121 22427 103 92 52 163 494 169 93 355 929 945 163 185 143 49
internal_value=-0.000283429 0.00546566 -0.00854159 0.00186366 0.00236531 0.0107899 0.0100446 0.0132046 -0.0110768 0.00395035 0.0328459 0.00016649 0.0129897 0.00263611 0.0312565 0.0456215 0.0152691 0.00814502 0.00473389 0.0217688 0.0348414 0.0546042 0.0732984
internal_weight=2086.06 1230.26 855.797 167.763 880.238 180.573 101.658 350.026 688.034 80.8125 9.20457 699.666 57.0492 41.0319 20.8454 13.521 312.432 124.493 45.1084 17.9345 13.5125 7.83017 6.06891
internal_count=42915 15039 27876 3908 12206 2011 2221 2833 23968 1816 195 10195 709 546 405 262 2405 1284 1541 596 433 248 192
is_linear=0
shrinkage=0.03


Tree=46
num_leaves=24
num_cat=2
split_feature=25 27 19 10 7 72 67 105 61 0 88 130 36 22 34 108 4 67 39 67 118 106 96
split_gain=112.409 33.4896 28.8097 24.0006 18.0197 19.7599 12.9327 12.519 13.6711 12.4669 13.1346 14.1726 15.829 13.433 14.401 13.2614 12.187 14.8052 15.2706 12.132 12.0097 11.2566 11.2104
threshold=1875.0000000000002 1.5000000000000002 15.500000000000002 0.21115000000000003 0.27050000000000007 0.76388888888888895 0.03231355225456644 23.500000000000004 202.50000000000003 37.500000000000007 0 -16545.734999999997 1.0000000180025095e-35 634.50000000000011 582.9100000000002 29.500000000000004 2.5000000000000004 0.3249924379915306 0.14395000000000002 0.3716195740573886 0.21240601503759401 8.5000000000000018 1
decision_type=2 2 2 2 10 2 2 10 2 2 1 2 2 8 2 8 2 2 2 2 10 10 1
left_child=1 2 4 -2 16 -6 -3 -4 -9 -5 11 12 -11 14 21 -16 19 -18 -19 -1 -10 -13 -12
right_child=3 6 7 9 5 -7 -8 8 20 10 22 13 -14 -15 15 -17 17 18 -20 -21 -22 -23 -24
leaf_value=0.012018048436828747 -0.015249410901571404 -0.021256776494079557 -0.0086714750540855881 -0.011541406462996518 0.0028745169293474576 0.02128977913621926 0.016099460719560085 0.0010678772875427156 0.069083753333368636 0.010276896776467813 0.0045177751870649555 0.0079887402674630754 0.071695265640211628 -0.0039883174946778741 0.031411415144661663 -0.011002858389935753 -0.0085598661826043563 0.026244616665453722 -0.0043483668541066771 -0.0060407396612459537 -0.0089869389909962467 0.072466902498203895 -0.0081897741123768044
leaf_weight=155.44658001326025 277.03702088259161 6.9392989184707394 195.81759566254914 168.07171019166708 87.947956278920174 130.52866203337908 278.41294317319989 111.6719964183867 3.0810656659305087 13.159324316307904 69.925092548131943 4.855543287470935 3.8384634405374518 86.975824205204844 8.406952269375326 16.470040386542678 119.18016569316387 25.272150684148073 30.775264017283916 41.186377495527267 2.0903051756322384 4.3636435866355896 241.07809202373028
leaf_count=2050 10550 68 3962 4566 1124 1257 2373 2252 63 357 1879 100 99 2491 153 315 1637 253 306 421 42 94 6488
internal_value=8.42219e-05 0.006126 0.00327913 -0.00794093 0.00717046 0.01397 0.0150494 -0.00406699 0.00366573 -0.00462149 -0.00199192 0.00520454 0.0302341 0.00231353 0.0177192 0.00460148 0.00312219 -0.00261843 0.00987517 0.00821275 0.0438214 0.0459856 -0.00519999
internal_weight=2082.53 1188.35 902.998 894.182 590.337 218.477 285.352 312.661 116.843 617.145 449.073 138.07 16.9978 121.072 34.0962 24.877 371.861 175.228 56.0474 196.633 5.17137 9.21919 311.003
internal_count=42900 15808 13367 27092 7048 2381 2441 6319 2357 16542 11976 3609 456 3153 662 468 4667 2196 559 2471 105 194 8367
cat_boundaries=0 1 2
cat_threshold=6160406 76
is_linear=0
shrinkage=0.03


Tree=47
num_leaves=24
num_cat=0
split_feature=13 67 27 13 48 19 66 115 105 15 39 18 125 135 135 26 48 73 66 26 68 13 132
split_gain=104.395 28.3679 24.1205 18.8511 15.2615 14.1486 12.0576 11.37 12.7831 12.1387 11.7398 11.3899 11.1604 11.9652 11.2229 11.114 12.6465 10.9807 12.1568 10.7749 10.4681 14.5821 12.1331
threshold=0.40195000000000008 0.34398944250562363 1.5000000000000002 0.094750000000000015 0.76050000000000006 12.500000000000002 0.62218976894878375 0.7860411899313503 104.50000000000001 3.5000000000000004 0.097950000000000023 39.500000000000007 3380.4350000000004 603.20500000000004 5820.0650000000005 0.16615000000000002 1.4785000000000001 0.27195685670261949 0.73244814876887798 0.34275000000000005 0.010058870273768528 0.23165000000000002 0.15476190476190479
decision_type=2 2 2 2 2 2 2 10 10 2 2 2 2 2 2 2 2 2 2 2 2 2 10
left_child=1 3 5 -1 -3 -2 7 8 -4 10 -9 -11 13 -12 -14 -6 17 -17 -19 -5 22 -22 -21
right_child=2 4 6 19 15 -7 -8 9 -10 11 12 -13 14 -15 -16 16 -18 18 -20 20 21 -23 -24
leaf_value=-0.016837505831025626 0.0068821399493096793 -0.013438883902667743 0.0018602409073950668 -0.0090085153801470301 -0.014296271405407459 -0.0017190063772702195 -0.016432140393955401 0.00053610525861903107 0.03025911269203287 0.01470963877530591 0.028979766133995308 0.045267776270586889 0.039198422003963389 -0.0034521687527875513 0.0086477128602448477 -0.01175510267817695 -0.0073850928216490095 0.041376847842783317 -0.0080217797363392671 0.035277525473503907 0.0074543943795609474 -0.0073443573386883414 -0.0054496127259662398
leaf_weight=176.04761380515993 524.52123134583235 16.020964967086911 81.01970206387341 437.94336161203682 6.8379679135978213 254.71253746375442 9.5488686915487033 37.807042157277465 15.394767735153435 22.239613108336926 13.908245429396628 26.780282527208328 33.780302498489618 27.71155540831387 17.492418006062508 4.0981084480881682 9.10673172585666 32.114818966016173 4.4865072965621939 12.162103632465007 80.52122375369072 218.20241591148078 11.43222335539758
leaf_count=6829 5514 319 659 14067 153 4408 101 340 117 109 123 124 289 241 164 77 170 532 101 186 2530 5367 179
internal_value=0.000281353 -0.0066268 0.00682675 -0.00803233 0.0112139 0.00407343 0.0142562 0.015428 0.00691755 0.0198672 0.0147015 0.0325241 0.020334 0.00821755 0.0294916 0.0184072 0.0232757 0.0301607 0.0352198 -0.00595456 -0.0017751 -0.00333229 0.0166601
internal_weight=2073.89 1008.97 1064.92 936.309 72.6651 779.234 285.683 276.134 96.4145 179.719 130.7 49.0199 92.8925 41.6198 51.2727 56.6441 49.8062 40.6994 36.6013 760.261 322.318 298.724 23.5943
internal_count=42699 30510 12189 29158 1352 9922 2267 2166 776 1390 1157 233 817 364 453 1033 880 710 633 22329 8262 7897 365
is_linear=0
shrinkage=0.03


Tree=48
num_leaves=24
num_cat=2
split_feature=10 7 143 13 67 88 96 13 106 73 48 78 74 1 136 1 131 22 7 9 72 131 74
split_gain=109.887 24.4041 20.8865 20.0232 17.5141 13.5942 13.1456 16.245 13.0404 12.7669 16.1203 15.0585 16.4246 12.2204 13.3129 12.2073 11.7115 11.4325 16.5489 10.8956 12.6245 10.7545 10.7417
threshold=0.5545500000000001 0.43450000000000005 1.0000000180025095e-35 0.5343500000000001 0.32141342952275254 0 1 0.27705000000000007 12.500000000000002 1.4589800443458982 0.87550000000000006 0.21878500000000004 0.065020325203252044 4.3500000000000005 10806.455000000002 4.4500000000000011 0.3373983739837399 651.50000000000011 0.51350000000000018 181450.00000000003 0.30952380952380959 0.22401433691756276 0.025123215191708344
decision_type=2 8 2 2 2 1 1 2 8 2 2 2 2 10 2 10 8 8 8 2 2 10 2
left_child=2 3 5 -2 8 9 -4 -8 15 17 -11 12 -12 -6 16 -3 21 18 -1 20 -9 -15 -5
right_child=1 4 6 22 13 -7 7 19 -10 10 11 -13 -14 14 -16 -17 -18 -19 -20 -21 -22 -23 -24
leaf_value=0.0018801641340755796 -0.00027636135273602515 0.027051091194916135 -0.0080749443886771119 0.023167908919116333 0.0081214252235695499 -0.013630078056556119 -0.0044139169906946239 -0.0055142128087336999 -0.0032081131200951039 -0.012133318940162129 0.079736078121007456 0.0032954652008818203 -0.013415539620455321 0.04055162897427398 0.0049642856931723673 0.0056240350401280245 0.053169518055208052 -0.0095456604523017109 0.077293453071456908 0.041228277148936461 0.022108047892184977 0.005610038689200127 0.0067804716760426747
leaf_weight=12.637977834790942 563.95241178944707 37.601030215620995 98.076508495956659 38.489176522940397 35.605747237801552 457.50339778885245 69.812935397028923 25.654790654778481 64.130219448357821 9.2705708779394644 5.6042393576353771 7.688826771453023 1.5312773901969192 13.946422360837461 15.556021861732004 64.051036167889833 22.891544610261917 97.891812026500702 1.3388870488852269 10.794810373336075 31.464696437120438 17.269081626087427 371.08799593150616
leaf_count=400 9054 378 2496 281 297 16794 1997 562 634 331 192 267 54 110 152 638 184 3607 37 236 659 141 3206
internal_value=-8.19498e-06 0.00562556 -0.0084566 0.00339442 0.0135556 -0.0114492 -0.000891952 0.00484362 0.00733433 -0.00131195 0.0174033 0.035121 0.0611852 0.0230336 0.0302161 0.0139189 0.0370404 -0.00586586 0.0178756 0.015946 0.00993487 0.0227229 0.00842555
internal_weight=2073.85 1244.58 829.271 973.53 271.051 593.467 235.804 137.727 165.782 135.964 24.0949 14.8243 7.13552 105.269 69.6631 101.652 54.107 111.869 13.9769 67.9143 57.1195 31.2155 409.577
internal_count=42707 15075 27632 12541 2534 21682 5950 3454 1650 4888 844 513 246 884 587 1016 435 4044 437 1457 1221 251 3487
cat_boundaries=0 1 2
cat_threshold=658505734 386
is_linear=0
shrinkage=0.03


Tree=49
num_leaves=24
num_cat=2
split_feature=13 143 143 13 18 24 88 69 74 48 7 33 22 6 4 42 24 73 96 131 24 44 129
split_gain=118.133 31.6194 26.4959 20.0719 18.2775 14.8214 14.7683 13.0427 13.0092 12.9753 12.3898 12.3594 12.2181 16.2448 12.584 14.4398 17.0948 18.455 11.9847 11.9827 17.904 17.7024 11.9559
threshold=0.40405000000000008 2.5000000000000004 1.0000000180025095e-35 0.58115000000000017 57.500000000000007 635.00000000000011 0 0.03181513159288047 0.13343373493975905 0.7965000000000001 0.29850000000000004 17123.480000000003 575.50000000000011 0.77350000000000019 2.5000000000000004 0.51935000000000009 115.00000000000001 0.26158232359230227 1 0.25290697674418611 10955.000000000002 0.075755000000000003 -3575.7999999999997
decision_type=2 2 2 2 2 2 1 2 2 2 8 2 10 8 2 2 2 2 1 8 2 2 2
left_child=2 3 5 6 18 9 -2 12 -5 -1 -6 19 14 -14 15 16 -8 -18 -4 20 -7 -22 -9
right_child=1 -3 4 8 10 11 7 22 -10 -11 -12 -13 13 -15 -16 -17 17 -19 -20 -21 21 -23 -24
leaf_value=-0.018996789370753085 -0.0060486806224031072 0.01728747581412042 -0.0072085901989864549 0.014218181964636232 0.0069239209631368264 -0.0014184804965900269 0.0021996179492498181 0.015763978871340612 -0.00072632247188912777 0.014430464026301708 0.06239891148201681 -0.012728270870067018 0.030306887887100134 -0.00012211319358058087 0.0061073594007874611 0.0026681188904993719 -0.0014259623244363847 0.065142865866677085 0.004067261413501431 -0.0079986387840973172 0.072556622120099432 -0.011062290664655739 -0.0068273975639445905
leaf_weight=12.335359325632451 149.95179690979421 236.49107707291842 124.00005451589823 238.80057727172971 8.8244457747787202 19.255104105919603 8.4265156649053115 23.864338245242834 66.772655833512545 37.348895136266947 4.9179233089089402 560.58658123202622 15.901403388008474 133.73975209146738 46.941750770434737 14.045904301106928 4.5393460765481022 17.42988720163703 168.41381329484284 60.503368316218257 5.2665284778922787 2.6320648044347763 112.89434939064085
leaf_count=254 2215 1803 2820 1865 156 595 78 501 543 701 62 19889 202 1865 434 110 44 166 3808 1999 193 99 2346
internal_value=0.000717884 0.00764759 -0.00666588 0.00487697 0.000690948 -0.00988581 0.00132137 0.00437345 0.0109691 0.00571735 0.0321818 -0.0110956 0.00883452 0.00346845 0.017359 0.0284688 0.0394906 0.0524169 -0.00099757 -0.000603391 0.0152929 0.048087 -0.00271482
internal_weight=2073.88 1069.8 1004.08 833.308 306.156 697.928 527.735 377.783 305.573 49.6843 13.7424 648.244 241.025 149.641 91.3834 44.4417 30.3957 21.9692 292.414 87.6571 27.1537 7.89859 136.759
internal_count=42748 12172 30576 10369 6846 23730 7961 5746 2408 955 218 22775 2899 2067 832 398 288 210 6628 2886 887 292 2847
cat_boundaries=0 1 2
cat_threshold=673727072 386
is_linear=0
shrinkage=0.03


Tree=50
num_leaves=24
num_cat=1
split_feature=24 67 143 7 19 2 18 20 74 0 61 69 130 73 67 8 88 76 134 137 46 131 23
split_gain=97.8153 44.3839 23.7392 21.6181 20.9448 15.1587 14.7668 14.6161 13.0404 12.4991 12.3248 13.8332 12.6929 10.9322 10.8422 11.3169 10.4862 11.1024 10.3571 10.0601 14.5827 18.3612 13.4422
threshold=1865.0000000000002 0.13079373535953187 1.5000000000000002 0.31250000000000006 18.500000000000004 12.500000000000002 31.500000000000004 1.0000000180025095e-35 0.051152977139819249 75.500000000000014 136.50000000000003 -0.0043896466418683463 -3479.5349999999994 0.23587365980875111 0.46049931196232924 1.5000000000000002 0 0.13255000000000003 72173.465000000011 1.7344825747073507 1.0615000000000003 0.41763565891472876 97.550000000000011
decision_type=2 2 2 8 2 2 2 2 2 2 2 2 2 2 2 2 1 2 2 8 2 8 2
left_child=4 16 3 18 7 6 -4 8 10 -7 11 12 -1 -9 15 -10 19 -18 -3 -2 -21 22 -22
right_child=1 2 5 -5 -6 9 -8 13 14 -11 -12 -13 -14 -15 -16 -17 17 -19 -20 20 21 -23 -24
leaf_value=-0.0032955600743542692 -0.0064781661129967201 -0.0087022050340778302 0.011487626214333344 0.0049087795759550565 -0.0014630077063525605 0.0029567964008530524 0.059593709049327377 -0.011815056687857638 -0.0022809571320845357 0.03770216504603139 0.044289607688619163 0.0073586741535250971 0.0442378760043717 0.021817309101358335 0.020183744084978 0.012584596541923541 -0.0039400851553344652 -0.016332721134767875 0.015062133266756397 -0.0054842534107456889 0.069336411863351863 -0.018711318238790162 -0.013180671176474227
leaf_weight=6.4341760762035873 89.998289011418819 388.55013926140964 19.585524680092934 172.6727594807744 130.91256116330624 243.56756560131907 6.9983102455735198 8.0481004379689676 153.61986109428108 7.7187025360763064 11.254827179014681 91.506019519641995 17.813730224967003 140.65312016941607 32.919440850615501 63.568371476605535 81.657610300928354 350.46893019601703 15.463130744174121 15.641296286135914 7.2251712623983586 3.0442375130951413 1.4963828660547731
leaf_count=42 2995 10161 224 3369 2026 3375 49 54 1533 95 97 930 117 909 245 555 2793 11620 429 539 224 106 60
internal_value=-0.000282834 -0.00475178 -0.000468699 -0.00393682 0.00925718 0.00670568 0.0274354 0.0119216 0.00870141 0.00431334 0.0164629 0.013051 0.0323348 0.0198644 0.00466068 0.00214514 -0.0113864 -0.0132565 -0.00772294 -0.00134038 0.0136845 0.0362617 0.055361
internal_weight=2060.82 1404.09 854.556 576.686 656.73 277.87 26.5838 525.818 377.116 251.286 127.009 115.754 24.2479 148.701 250.108 217.188 549.532 432.127 404.013 117.405 27.4071 11.7658 8.72155
internal_count=42547 36039 17702 13959 6508 3743 273 4482 3519 3470 1186 1089 159 963 2333 2088 18337 14413 10590 3924 929 390 284
cat_boundaries=0 1
cat_threshold=637734920
is_linear=0
shrinkage=0.03


Tree=51
num_leaves=24
num_cat=2
split_feature=10 7 21 14 120 88 51 2 26 146 39 129 41 60 18 60 48 4 0 13 88 5 22
split_gain=93.1857 34.1536 25.1649 17.7425 16.2986 16.932 15.8943 15.2073 14.9169 14.2427 13.4365 12.9795 13.7874 12.4171 12.1717 12.6994 12.0477 11.3741 10.7125 13.8829 12.7158 11.8716 10.6375
threshold=0.41525000000000006 0.27450000000000008 1.0000000180025095e-35 4.5000000000000009 133760.94500000004 0 0.22245000000000001 12.500000000000002 0.31315000000000004 0.72500000000000009 0.19765000000000002 -10920.014999999998 2.3625000000000003 0.86935000000000007 29.500000000000004 0.85005000000000008 0.77250000000000008 7.5000000000000009 61.500000000000007 0.30245000000000005 1 60950.000000000007 654.50000000000011
decision_type=2 8 2 2 2 1 2 2 2 2 2 2 2 2 2 2 2 2 2 2 1 2 10
left_child=8 2 4 18 5 6 10 -4 -1 -8 14 12 -7 -13 16 -16 -2 22 19 -3 21 -21 -9
right_child=1 3 7 -5 -6 11 9 17 -10 -11 -12 13 -14 -15 15 -17 -18 -19 -20 20 -22 -23 -24
leaf_value=-0.013091646608011202 -0.02283971272027183 -0.0083245686178320451 0.033611244764626021 0.025099659582426596 0.044258926312639627 -0.0098368400794872409 0.0099672409514290263 0.0083703680598700807 -0.0029386985830610005 0.047496760188384758 -0.014353493264453471 -0.01166392450220685 0.034530774887944628 -0.0016969627194845214 0.045714988137466751 0.0020198842834222167 0.0070517899239571427 0.049618341515688918 0.019872303758962921 0.023607445861389083 0.011133595878087753 -0.0040614999540389612 -0.0097693769548956172
leaf_weight=395.1467301491648 14.462298002094029 49.30384074896574 18.808834997937083 60.019810803234577 4.6609657481312743 10.003122478723528 39.329137615859509 173.48313552886248 195.88240786641836 10.532932959496973 39.550855545327067 243.94566687382758 12.312847344204782 208.78223707154393 10.364831153303387 11.980641163885592 44.191168650984764 3.4153079129755488 59.70141476765275 13.858955483883618 300.99426077120006 114.42458619363606 33.129832217469811
leaf_count=15253 284 1096 182 329 80 183 697 1868 6660 144 676 4233 224 3646 126 150 834 40 699 134 3305 1287 686
internal_value=0.000299771 0.00432747 0.000558943 0.00984341 -0.00245565 -0.00292866 0.00483276 0.00907034 -0.00974796 0.019421 -0.000433834 -0.00567723 0.0154697 -0.00709519 0.00654507 0.0243781 -0.000828703 0.00657629 0.00805569 0.00650504 0.00823897 -0.000634124 0.00539593
internal_weight=2068.29 1477.26 878.954 598.303 650.117 645.456 170.412 228.837 591.029 49.8621 120.55 475.044 22.316 452.728 80.9989 22.3455 58.6535 210.028 538.283 478.582 429.278 128.284 206.613
internal_count=42816 20903 14053 6850 11277 11197 2911 2776 21913 841 2070 8286 407 7879 1394 276 1118 2594 6521 5822 4726 1421 2554
cat_boundaries=0 1 2
cat_threshold=576868368 67125842
is_linear=0
shrinkage=0.03


Tree=52
num_leaves=24
num_cat=2
split_feature=10 143 25 88 68 145 43 88 2 1 22 22 71 39 48 17 39 2 46 0 23 6 61
split_gain=93.7138 30.3512 20.3766 16.1321 17.1433 16.0865 17.1446 12.4378 11.9052 11.1209 10.679 10.5236 10.4757 10.2182 9.94361 10.8004 13.6962 10.6524 11.2472 9.76483 9.63841 11.7754 9.31521
threshold=0.41525000000000006 1.5000000000000002 55.000000000000007 0 0.082416311308706455 1.0000000180025095e-35 0.050455000000000007 1 29.500000000000004 4.4500000000000011 617.50000000000011 672.50000000000011 12.500000000000002 0.089550000000000005 0.64350000000000007 1.5000000000000002 0.17825000000000002 6.5000000000000009 1.0375000000000003 80.500000000000014 67.050000000000011 0.96150000000000013 134.50000000000003
decision_type=2 2 2 1 2 2 2 1 2 10 8 10 2 2 2 2 2 2 2 2 2 10 2
left_child=3 2 14 4 9 -3 10 8 20 -1 -7 13 -9 -8 -2 17 -17 18 -16 -6 21 -4 -19
right_child=1 5 7 -5 19 6 11 12 -10 -11 -12 -13 -14 -15 15 16 -18 22 -20 -21 -22 -23 -24
leaf_value=-0.0056546791765955551 -0.0085486370690355251 0.014327600425551581 0.04265863060473233 -0.01255999770521646 -0.0030109319075017535 0.0052418126068180569 -0.0037730727011704621 -0.0085210879396628077 -0.0020933074223721394 0.082205367040924557 -0.0097260173584910233 -0.0099646448798590866 0.027965617063959104 0.023057262709533694 -0.0011215106123572255 0.043883089294654162 -0.0029259849548244452 0.0023814611364847338 0.055049555172354173 0.048465333945719044 0.0021556801433763777 -0.01385436782871018 0.016560803631766256
leaf_weight=1.6194346081465476 46.20928723551333 282.24961041286588 15.188590295612814 467.12203656509519 111.01975235156715 90.073574364185333 15.1084350310266 304.97291631437838 73.367984749376774 1.7231797855347393 78.421580221503973 12.776070620864628 5.3424515146762124 65.812443755567074 5.414718881249426 12.369449604302647 8.8571351952850801 390.68276529200375 5.6030279435217381 1.4187007322907437 17.76973425783217 3.0900861285626879 44.842386385425925
leaf_count=47 575 2600 267 17578 4093 712 125 7156 1755 46 1033 197 65 543 63 80 60 4619 51 45 457 56 501
internal_value=-0.000254648 0.00376301 0.000475555 -0.0104208 0.00077736 0.00937858 0.00398282 -0.00441711 0.00401397 0.0534567 -0.00175694 0.0141256 -0.00714586 0.0180777 0.0044727 0.00578995 0.0257811 0.00472894 0.031513 -0.00152577 0.0185379 0.0326807 0.00391042
internal_weight=2061.06 1478.15 933.711 582.903 115.781 544.442 262.192 419.732 109.416 3.34261 168.495 93.6969 310.315 80.9209 513.979 467.769 21.2266 446.543 11.0177 112.438 36.0484 18.2787 435.525
internal_count=42724 20915 15705 21809 4231 5210 2610 9756 2535 93 1745 865 7221 668 5949 5374 140 5234 114 4138 780 323 5120
cat_boundaries=0 1 2
cat_threshold=654446592 743703554
is_linear=0
shrinkage=0.03


Tree=53
num_leaves=24
num_cat=0
split_feature=23 24 143 143 19 134 61 72 145 7 34 128 67 29 134 40 0 39 74 130 29 39 114
split_gain=81.7363 33.9573 19.0519 16.8573 16.449 14.3064 14.1823 14.0206 12.85 11.9037 13.1551 11.6899 11.6543 10.9598 11.8432 10.9385 13.765 13.5898 10.817 10.6594 11.4802 10.5985 12.3002
threshold=75.550000000000011 1225.0000000000002 1.0000000180025095e-35 1.0000000180025095e-35 3.5000000000000004 2244.5050000000006 180.50000000000003 0.69047619047619058 2.5000000000000004 0.096500000000000016 214.24500000000003 -2702.1099999999983 0.15671157252994397 0.060250000000000005 8962.095000000003 0.20635000000000003 64.500000000000014 0.14305000000000004 0.095334101382488504 802.3549999999999 0.048950000000000007 0.11095000000000001 2.5000000000000004
decision_type=2 2 2 2 2 2 2 2 2 8 2 2 2 2 2 2 2 2 2 2 2 2 2
left_child=1 4 5 7 -1 18 12 -3 13 -6 11 -11 -5 -4 -15 -16 17 -17 21 20 -12 -2 -23
right_child=2 3 8 6 9 -7 -8 -9 -10 10 19 -13 -14 14 15 16 -18 -19 -20 -21 -22 22 -24
leaf_value=0.019134777533287534 -0.0093540448985361228 -0.0090010836712563196 -0.015664466348196498 -0.0056549512352266611 -0.0073021582620722333 -0.013001173114311043 0.028485109744229586 0.0015858663981366374 -0.01194689819822513 0.060290582868567047 0.0084773457455850632 0.016455659501544186 0.0068571143553501582 -0.0048462600150438228 -0.0033055003424463584 0.031474379474703398 0.065041137535482449 0.00068074292612003951 -0.010856768470008046 0.01391713569283335 -0.0050168648323603822 -0.0074253975120362687 0.05685367601203991
leaf_weight=133.32352859154344 5.032398376613858 212.96109986118972 18.404004557058215 88.278022414073348 44.833933440968394 440.90227722749114 20.138080829754472 235.32187433727086 58.187523597851396 4.8846215754747382 132.41963926516473 44.825914109125733 260.43053031526506 39.730460969731212 20.493772083893418 23.731888100504875 4.2075329180806866 26.042990060523152 12.997597651556132 116.43384790606797 96.443580441176891 3.1813901513814908 7.2393843196332455
leaf_count=977 177 5192 371 1429 579 16888 265 4838 1561 44 977 422 3143 999 531 591 94 663 450 995 1065 114 249
internal_value=0.000246264 0.00437265 -0.00843096 0.000440812 0.00995702 -0.0116686 0.00517627 -0.00346121 -0.000428073 0.00710106 0.0087644 0.0229282 0.00367541 0.00472862 0.00822793 0.0151469 0.02202 0.0160113 0.00847966 0.00660502 0.00279665 0.0241238 0.0391939
internal_weight=2050.45 1390.29 660.151 817.13 573.165 469.353 368.847 448.283 190.798 439.842 395.008 49.7105 348.709 132.611 114.207 74.4762 53.9824 49.7749 28.4508 345.297 228.863 15.4532 10.4208
internal_count=42614 19926 22688 14867 5059 17878 4837 10030 4810 4082 3503 466 4572 3249 2878 1879 1348 1254 990 3037 2042 540 363
is_linear=0
shrinkage=0.03


Tree=54
num_leaves=24
num_cat=1
split_feature=10 143 143 88 74 11 51 71 74 108 26 141 51 26 45 22 13 33 24 25 68 6 44
split_gain=87.5819 26.0798 20.7338 17.0466 15.6225 15.3157 19.0372 14.3944 14.0636 12.9288 12.6226 11.7497 11.6771 11.6609 11.1266 11.1314 10.7406 10.0238 12.3619 9.61961 9.54604 9.09611 9.7831
threshold=0.5545500000000001 1.5000000000000002 2.5000000000000004 0 0.038501602564102573 96765.000000000015 0.11445000000000001 4.5000000000000009 0.10192095080154782 20.500000000000004 0.16615000000000002 12942.500000000002 0.015650000000000001 0.46405000000000007 0.0056500000000000014 670.50000000000011 0.14695000000000003 27325.360000000004 17265.000000000004 -844.99999999999989 2.0553828529194385 0.81850000000000012 0.042705000000000007
decision_type=2 2 2 1 2 2 2 2 2 8 2 2 2 2 2 10 2 2 2 2 2 10 2
left_child=2 3 4 -2 5 10 -7 -3 13 12 17 -4 -10 -5 -15 -16 -6 18 -1 -9 -8 22 -14
right_child=1 7 11 8 16 6 20 19 9 -11 -12 -13 21 14 15 -17 -18 -19 -20 -21 -22 -23 -24
leaf_value=-0.013178794462299494 -0.006514488542237214 0.006171548354873691 0.0030449956544247587 0.00034656059997148887 -0.018004513329083854 -0.018226040621961502 0.083076636979310448 -0.0025889429138217213 0.040509032034881751 -0.0074226836834787773 0.0038380336207846258 0.046431000902159097 -0.009421543968228965 0.037962028360056799 0.01171737024039851 -0.011260403414480709 -0.0092112871643296509 -0.022978564030900765 0.038297939022076573 0.020110962011070807 -0.0031523550921669511 -0.0060674185882012687 0.029373775108311677
leaf_weight=9.9133786670863611 187.39421120285988 340.36065328866243 68.683375548571348 143.09231279045343 188.40330352634192 2.8221078384667626 3.2674389705061913 18.70908173173666 6.8447693288326255 150.02723520249128 81.31418576464057 4.1576860547065726 7.5110225304961231 11.491112321615217 191.78099074214697 19.452920384705067 396.01623495854437 36.377671083435416 4.5353990122675887 132.70137768611312 1.2984063085168598 35.7497189193964 15.921361792832611
leaf_count=351 2731 3218 1436 2651 7816 87 89 121 88 2283 2618 80 99 128 1862 329 13521 1436 183 793 43 533 208
internal_value=-0.000641829 0.00427594 -0.00841614 0.000819962 -0.00995093 -0.000914991 0.0361437 0.00965681 0.00333252 -0.00257913 -0.00349493 0.00669603 0.00832111 0.00704553 0.011308 0.00951554 -0.0120978 -0.0149277 0.00567145 0.0173089 0.0650645 0.00339587 0.0171753
internal_weight=2057.83 1261.04 796.789 769.266 723.948 139.529 7.38795 491.771 581.871 216.054 132.141 72.8411 66.0269 365.817 222.725 211.234 584.42 50.8264 14.4488 151.41 4.56585 59.1821 23.4324
internal_count=42704 15044 27660 10912 26144 4807 219 4132 8181 3211 4588 1516 928 4970 2319 2191 21337 1970 534 914 132 840 307
cat_boundaries=0 1
cat_threshold=138773152
is_linear=0
shrinkage=0.03


Tree=55
num_leaves=24
num_cat=0
split_feature=13 143 29 7 13 19 26 41 14 128 51 2 5 108 131 2 131 48 77 105 106 2 130
split_gain=69.1263 25.6097 20.7685 16.5346 13.7451 12.9824 13.1873 11.4119 11.3935 12.4143 14.1918 10.9645 11.1569 12.11 10.4542 10.3004 10.2663 10.2114 10.3075 10.0318 9.89911 9.71253 10.4332
threshold=0.30975000000000003 1.0000000180025095e-35 0.048950000000000007 0.44550000000000006 0.094750000000000015 19.500000000000004 0.78515000000000013 2.0465000000000004 4.5000000000000009 -5637.9250000000002 0.008850000000000002 31.500000000000004 124450.00000000001 3.5000000000000004 0.14550264550264552 25.500000000000004 0.42163742690058487 0.93750000000000011 1.0000000180025095e-35 66.500000000000014 2.5000000000000004 99.500000000000014 -2852.2649999999999
decision_type=2 2 2 10 2 2 2 2 2 2 2 2 2 8 10 2 8 2 2 8 8 2 2
left_child=4 2 5 8 11 6 -2 -8 9 10 16 12 19 -14 -12 17 -3 18 20 -1 -11 22 -5
right_child=1 3 -4 21 -6 -7 7 -9 -10 15 14 -13 13 -15 -16 -17 -18 -19 -20 -21 -22 -23 -24
leaf_value=-0.019488475464669759 0.0052418934821193176 0.017516054620750007 -0.0046855711356118563 0.0091583731701646957 -0.0056637375915804576 -0.0072416612609718049 -0.0093844849711531009 0.029646458275703783 0.019221496570915542 0.036357247243454759 0.03208608174983759 -0.021318200182113216 0.039643353274738266 -0.016719961509127437 0.0053403166309826978 -0.0015854957975739007 0.068392806576934639 0.0016181133567334742 0.0400012736100918 0.030917364942629939 -0.0031117344450027561 -0.0095245680181302982 0.031189680874364762
leaf_weight=3.4450628664344523 199.09124920330942 13.558508487418296 413.32577992789447 34.669561954215169 488.2794296965003 55.438952725380659 7.1672760546207419 36.836842320859432 50.794279139488935 6.0096316300332573 12.74155352078378 106.18620628863573 1.8570801392197598 38.700431890785694 137.19411417469382 269.29214830137789 4.2194915711879721 59.064977005124092 14.124301059171556 10.176169877871871 19.053621955215931 8.3480328060686571 49.321279879659414
leaf_count=139 2305 158 8878 285 16153 1075 47 219 278 59 145 4522 80 1644 1645 3136 53 585 140 409 202 66 338
internal_value=-0.000135534 0.00363713 -0.00033977 0.00779896 -0.00820788 0.0056682 0.00864742 0.0231576 0.00589808 0.00456688 0.0112792 -0.0157891 -0.00457936 -0.0123974 0.00800562 0.00145954 0.0352863 0.00967055 0.0211396 0.0173059 0.00833953 0.0194826 0.0225202
internal_weight=2038.9 1390.25 711.86 678.392 648.644 298.534 243.095 44.0041 586.053 535.258 167.714 160.365 54.1787 40.5575 149.936 367.545 17.778 98.2525 39.1876 13.6212 25.0633 92.3389 83.9908
internal_count=42561 19614 12524 7090 22947 3646 2571 266 6401 6123 2001 6794 2272 1724 1790 4122 211 986 401 548 261 689 623
is_linear=0
shrinkage=0.03


Tree=56
num_leaves=24
num_cat=3
split_feature=13 13 143 88 2 133 0 143 134 136 88 137 48 0 106 76 2 97 37 76 19 19 144
split_gain=57.985 23.7476 20.3234 20.6382 22.7586 17.2823 16.994 16.4772 15.8635 12.186 13.658 15.0416 15.2148 16.6465 14.8167 12.0593 11.4934 11.6824 13.7271 11.564 11.4477 11.0788 12.8004
threshold=0.43435000000000007 0.091850000000000015 2.5000000000000004 0 43.500000000000007 1.0000000180025095e-35 24.500000000000004 1.5000000000000002 4329.1300000000001 4977.9250000000011 1 0.39416568166949445 0.86350000000000005 46.500000000000007 10.500000000000002 1.1624500000000002 29.500000000000004 2 3.5000000000000004 1.0396500000000002 12.500000000000002 3.5000000000000004 0.72500000000000009
decision_type=2 2 2 1 2 8 2 2 2 2 1 10 2 2 10 2 2 1 2 2 2 2 2
left_child=1 6 3 4 -2 -4 -1 8 16 -10 11 12 -11 14 -14 -6 19 -18 -19 -3 -5 -7 -23
right_child=2 7 5 20 15 21 -8 -9 9 10 -12 -13 13 -15 -16 -17 17 18 -20 -21 -22 22 -24
leaf_value=0.039125550907489745 0.021582483697322304 -0.00048139089239510816 0.034396692668754163 0.0025725688549891775 -0.005779499474070548 0.022837643972133177 -0.017013262307318582 0.0040422460920368939 -0.013162153409367924 -0.0053716685294339659 -0.0071424811599698568 -0.001007096760846597 0.011591186676777634 0.0036764646669528644 0.087311430584847902 0.017617843763603064 -0.019338064114508533 0.031004384090396249 -0.0026176973399144486 0.029703908838615043 -0.0071701985905163017 0.020824150985359422 0.00054427011434871519
leaf_weight=3.17012159153819 104.80748086236417 20.295110933482647 29.262723349034786 394.14408989064395 65.137510575354099 44.36660173535347 150.96836232766509 239.31698616966605 198.96546744555235 9.648851068690421 263.94168396666646 74.364692183211446 4.3544315584003943 7.5121157821267834 5.6126420870423317 26.143311180174351 23.246284721419215 12.026044404134153 48.333584045991302 23.943819485604763 147.50539232045412 35.911221705377102 107.70064764842391
leaf_count=124 1096 564 202 3688 799 250 6516 4422 6296 308 8555 2334 140 231 184 302 694 376 1450 634 2462 251 805
internal_value=0.000197876 -0.00454106 0.00558373 0.00319045 0.0108162 0.0136079 -0.0153723 -0.00271981 -0.00506244 -0.00721993 -0.00393058 0.0049327 0.0244 0.0396986 0.0616965 0.00115569 0.0044268 -0.00216227 0.00486069 0.0164342 -9.29842e-05 0.0100437 0.00583178
internal_weight=2040.68 1085.7 954.979 737.738 196.088 217.241 154.138 931.562 692.245 564.4 365.434 101.493 27.128 17.4792 9.96707 91.2808 127.845 83.6059 60.3596 44.2389 541.649 187.978 143.612
internal_count=42683 32828 9855 8347 2197 1508 6640 26188 21766 18048 11752 3197 863 555 324 1101 3718 2520 1826 1198 6150 1306 1056
cat_boundaries=0 1 2 3
cat_threshold=286266636 345768964 4
is_linear=0
shrinkage=0.03


Tree=57
num_leaves=24
num_cat=0
split_feature=13 7 2 18 13 10 26 7 70 10 143 67 13 45 116 67 4 23 134 129 51 74 133
split_gain=66.5248 24.406 13.7315 13.0674 12.968 11.9322 14.2451 10.8168 11.023 11.3855 10.7544 10.4603 10.3583 14.6666 11.7371 11.6008 11.5009 11.1749 11.4167 10.7644 12.297 10.3219 11.7912
threshold=0.30245000000000005 0.19050000000000003 43.500000000000007 102.50000000000001 0.08865000000000002 0.86625000000000008 0.40455000000000008 0.70450000000000002 16.550000000000004 1.1591500000000001 2.5000000000000004 0.25150339175343023 0.60925000000000007 0.081150000000000014 0.22792207792207794 0.091482402485734401 2.5000000000000004 87.850000000000009 4730.2250000000013 -3268.395 0.040650000000000006 0.068430170575692978 0.54195804195804198
decision_type=2 8 2 2 2 2 2 10 2 2 2 2 2 2 8 2 2 2 2 2 2 2 10
left_child=4 2 10 7 -1 -4 -7 8 9 -3 12 -9 15 -14 -15 -2 17 18 21 20 -20 22 -17
right_child=1 3 5 -5 -6 6 -8 11 -10 -11 -12 -13 13 14 -16 16 -18 -19 19 -21 -22 -23 -24
leaf_value=-0.015123838427910961 -0.019965773139145229 0.0056174557659930523 -0.010459007698982571 0.034093586793134401 -0.0049538860323090359 0.014808765222410231 -0.0067400878089337373 0.0042743592518447466 -0.024608488311609208 0.021264494391591275 0.014921321191171231 0.031981263060211026 -0.0004603827040673029 0.0052165774591430838 0.053676729679412172 0.040230887539927228 -0.0085410648073455039 0.049994162421270666 0.054621993438586584 -0.0071005403268581532 0.0023980231430785325 -0.010125615198072969 -0.014530585322386052
leaf_weight=147.94225854612887 25.535484110936522 728.17713210731745 161.1910112965852 14.549693087115882 471.94755091704428 45.460824564099312 64.137519773095846 22.040499050170183 8.4426856189966184 42.79026847332716 61.531546495854855 27.787222295999527 26.987285537645221 8.2916259840130824 9.239228427410124 16.879220034927137 68.197583990171552 3.2067113909870377 3.8934251666069057 61.036509869620204 13.6684228554368 6.2887987699359646 3.2705392390489569
leaf_count=6475 625 9503 3752 105 15888 524 570 227 90 193 597 223 247 70 69 296 1341 103 74 1224 273 124 58
internal_value=0.000765459 0.00433844 -0.00040679 0.00758681 -0.00742187 -0.00531455 0.00230347 0.00704082 0.00613916 0.00653867 0.00391413 0.0203634 0.00106846 0.013836 0.0336377 -0.00185374 0.000961932 0.00699551 0.00477317 -0.00109319 0.0183768 0.0210635 0.030833
internal_weight=2042.49 1422.6 578.816 843.788 619.89 270.789 109.598 829.238 779.41 770.967 308.026 49.8277 246.495 44.5181 17.5309 201.977 176.441 108.244 105.037 78.5984 17.5618 26.4386 20.1498
internal_count=42651 20288 9947 10341 22363 4846 1094 10236 9786 9696 5101 450 4504 386 139 4118 3493 2152 2049 1571 347 478 354
is_linear=0
shrinkage=0.03


Tree=58
num_leaves=24
num_cat=1
split_feature=10 143 29 13 143 6 145 102 25 66 16 125 47 108 51 88 12 47 47 116 108 1 144
split_gain=62.722 25.6487 17.6563 13.4493 13.2968 12.5724 12.1937 11.9295 12.5007 12.2765 11.8343 13.5831 13.002 12.8686 11.5385 11.4595 14.3884 15.7623 12.5503 12.5606 11.4879 11.0068 12.0101
threshold=0.44855000000000006 2.5000000000000004 0.044750000000000005 0.32775000000000004 1.0000000180025095e-35 0.74750000000000016 2.5000000000000004 1.0000000180025095e-35 6875.0000000000009 0.29271309617988983 1.0000000180025095e-35 1430.4900000000002 36.305000000000007 1.0000000180025095e-35 0.010650000000000001 0 1.5000000000000002 32.705000000000005 24.525000000000002 0.35388994307400384 6.5000000000000009 1.1500000000000001 0.72500000000000009
decision_type=2 2 2 2 2 8 2 2 2 2 2 2 2 10 2 1 2 2 2 10 8 8 2
left_child=4 2 3 -2 -1 -4 14 8 9 -5 -11 -12 13 -13 -6 16 18 -18 -7 -20 -19 -3 -23
right_child=1 21 5 7 6 15 -8 -9 -10 10 11 12 -14 -15 -16 -17 17 20 19 -21 -22 22 -24
leaf_value=-0.010624213041089675 -0.012817858358339604 -0.012239894400775525 0.012574559230257904 0.0023062339605236641 0.029005059679210729 0.03029720957927412 -0.012337475769356496 0.032893067234195203 -0.015646353841450862 0.0059855264539192691 0.03977293540102142 0.0072613899383579834 0.0057245065799420292 0.065017119270717072 0.0011238815836010281 -0.0049879457207029562 -0.018152485932070694 -0.013055635004118741 -0.011956706953591459 0.016283071610081558 0.024752423737196026 0.023565057166216229 0.0090548613887717656
leaf_weight=446.25304957665503 30.016959043219686 15.250633742660282 50.248246714472771 199.05646852962673 13.4758333414793 7.1410008836537591 52.415238957852125 14.022287288680671 20.179587969556451 106.2095823995769 23.4303268045187 7.3736110515892488 51.659870691597462 5.6914603747427464 99.015616631135345 467.89916155673563 9.855664871633051 7.0424324292689553 71.848728196695447 15.708475679159163 53.754000289365649 68.481257807463408 209.69155830144882
leaf_count=18659 690 133 806 1716 374 126 1588 144 410 1283 177 59 403 36 2755 8317 145 108 1357 287 856 544 1808
internal_value=8.81979e-05 0.00351665 0.00147427 0.00602153 -0.00794455 -0.00157906 -0.000652698 0.00739747 0.00637896 0.00758212 0.0129068 0.0209279 0.0131183 0.0377125 0.00491222 -0.0027382 0.00379043 0.0144081 -0.0032854 -0.00663977 0.0200966 0.0113958 0.0127697
internal_weight=2045.72 1434.56 1141.14 457.64 611.16 683.498 164.907 427.623 413.601 393.421 194.365 88.1553 64.7249 13.0651 112.491 633.249 165.35 70.6521 94.6982 87.5572 60.7964 293.423 278.173
internal_count=42781 19405 16920 4918 23376 12002 4717 4228 4084 3674 1958 675 498 95 3129 11196 2879 1109 1770 1644 964 2485 2352
cat_boundaries=0 1
cat_threshold=839058692
is_linear=0
shrinkage=0.03


Tree=59
num_leaves=24
num_cat=0
split_feature=13 11 134 74 27 2 144 9 122 18 7 47 134 7 6 48 8 116 124 109 134 137 24
split_gain=64.2307 21.699 18.6774 18.4242 18.0761 15.477 12.385 12.0465 11.9273 11.7802 11.5572 12.81 11.4074 11.1918 15.5606 11.3236 11.0788 10.1944 10.8948 9.54253 9.46723 18.6554 12.0631
threshold=0.41865000000000008 80675.000000000015 3792.1150000000002 0.066763565891472879 1.5000000000000002 12.500000000000002 0.67500000000000016 97750.000000000015 12929.630000000003 4.5000000000000009 0.25050000000000006 86.805000000000021 10778.910000000002 0.10950000000000001 0.86350000000000005 1.1905000000000003 3.5000000000000004 0.21807065217391305 1107.8650000000002 4.5000000000000009 20327.525000000005 1.0494283378612366 6425.0000000000009
decision_type=2 2 2 2 2 2 2 2 2 2 10 2 2 10 8 2 2 10 2 2 2 8 2
left_child=1 2 3 10 5 13 7 -4 12 -7 11 -1 -3 -2 -15 -16 -11 -6 -19 -12 21 -14 -22
right_child=4 8 6 -5 17 9 -8 -9 -10 16 19 -13 20 14 15 -17 -18 18 -20 -21 22 -23 -24
leaf_value=-0.0052638407074272362 -0.0044220554486758858 -0.014453765762064809 0.0033123734320438256 -0.006599281150860844 0.0066206335019287554 -0.0036890550231092126 -0.011340894794660911 -0.0136771799077052 -0.0054398875174817363 0.0035757736186022688 0.045226313313614999 0.025094967217433428 0.059950437652629265 -0.00082985743029070642 0.046612576586919391 0.0077166741143020233 0.034375768399385685 0.0064427156502412462 0.025536279285974461 -0.015079199901699614 0.038104107358790634 -0.00043362833140219369 0.0027462397833582907
leaf_weight=30.14178173430264 16.66578871384263 10.17865291982889 117.06033299863338 85.331464469432831 165.10542590357363 262.78483292646706 562.13342541083694 52.935167141258717 49.743319856002927 412.12769843451679 12.357737807556985 18.747226247563958 9.4661361034959572 16.016098223626614 21.534136548638344 10.719290478155015 8.8268775064498168 45.438546638935804 70.673379443585873 1.8187902998179186 9.0857762917876226 7.6472672782838336 41.796478355303407
leaf_count=858 184 212 2622 2556 1252 4259 19978 1568 1318 3946 273 555 207 145 196 102 68 324 517 44 147 168 1133
internal_value=-0.00018518 -0.00556138 -0.00723816 0.00243954 0.00507963 0.00262943 -0.00920106 -0.00207555 0.00591452 0.00127775 0.0144965 0.00690644 0.0130949 0.0163986 0.0234772 0.034891 0.00438111 0.0115381 0.0182999 0.0365816 0.017514 0.0357454 0.0102622
internal_weight=2038.34 1008.44 880.526 148.397 1029.89 748.675 732.129 169.996 127.918 683.739 63.0655 48.889 78.1743 64.9353 48.2695 32.2534 420.955 281.217 116.112 14.1765 67.9957 17.1134 50.8823
internal_count=42632 31639 28454 4286 10993 8900 24168 4190 3185 8273 1730 1413 1867 627 443 298 4014 2093 841 317 1655 375 1280
is_linear=0
shrinkage=0.03


Tree=60
num_leaves=24
num_cat=0
split_feature=10 143 74 0 24 29 60 101 7 11 120 126 78 61 40 54 29 51 2 61 34 6 10
split_gain=62.3425 26.0522 18.5471 19.8156 14.005 12.0465 11.5092 11.2914 11.0475 12.3542 10.7427 10.678 10.9884 10.503 10.5836 15.1124 10.4303 9.90345 11.1104 12.677 9.82376 9.38179 9.31309
threshold=0.44855000000000006 2.5000000000000004 0.10510033444816054 32.500000000000007 225.00000000000003 0.50045000000000006 0.94185000000000008 12207.480000000001 0.41050000000000003 17695.000000000004 1.0000000180025095e-35 105.56500000000001 0.12111500000000001 178.50000000000003 0.26905000000000007 1.0000000180025095e-35 0.15495000000000003 0.19675000000000004 115.50000000000001 25.500000000000004 188.73000000000005 0.7895000000000002 1.0517000000000003
decision_type=2 2 2 2 2 2 2 2 8 2 2 2 2 2 2 2 2 2 2 2 2 10 2
left_child=5 2 3 6 11 17 10 -6 13 22 -2 12 21 14 -5 -16 -11 -1 -19 -20 -3 -4 -10
right_child=1 20 4 8 7 -7 -8 -9 9 16 -12 -13 -14 -15 15 -17 -18 18 19 -21 -22 -23 -24
leaf_value=-0.0019558162242656963 -0.0136679677300247 0.029051082242495252 -0.015599958131093225 0.0047471389236352435 -0.007930929281537007 -0.014863605278215711 -0.0038803929684987112 0.042899866774034234 -0.014634532649757823 0.017368178301610606 0.030165158219126027 0.022463719070165051 -0.0052115278118759871 0.018120521625021011 -0.0052071763720329522 0.03797217691193111 -0.0081586785621343642 -0.01318645575629746 0.050422812512317304 -0.018226095033520167 0.0097372784974093952 0.02925494263678536 0.016109535185649195
leaf_weight=291.21453855372965 4.4546511676162472 24.760683391243219 4.1306337378919151 208.70632537268102 277.36288517713547 158.4571023657918 14.076124396175144 2.0309683680534354 26.492658562958241 108.70358376204967 47.79767338745296 23.112695757299662 71.027885925024748 27.327623559162021 278.84166154451668 5.508511919528245 15.36325125582516 145.11902939155698 3.5550404824316493 2.8780976496636868 275.59747619181871 15.37322339043021 10.99253026396036
leaf_count=10959 74 193 40 3355 5031 6779 175 35 339 1094 649 159 701 395 4274 78 289 5397 134 110 2325 150 51
internal_value=0.000296376 0.00368043 0.00160309 0.00437092 -0.00366174 -0.00780346 0.0197802 -0.00725915 0.00281867 0.00962009 0.0260622 0.00515505 0.000346132 0.00067844 -0.000357586 -0.00411132 0.0141279 -0.0052213 -0.0113889 0.0226715 0.0115111 0.019188 -0.00525952
internal_weight=2042.88 1441.66 1141.3 748.265 393.038 601.224 66.3284 279.394 681.936 161.552 52.2523 113.644 90.5317 520.384 493.056 284.35 124.067 442.767 151.552 6.43314 300.358 19.5039 37.4852
internal_count=42786 19407 16889 10773 6116 23379 898 5066 9875 1773 723 1050 891 8102 7707 4352 1383 16600 5641 244 2518 190 390
is_linear=0
shrinkage=0.03


Tree=61
num_leaves=24
num_cat=0
split_feature=23 143 25 68 115 143 29 115 50 67 68 43 23 10 33 31 114 129 51 2 22 35 116
split_gain=62.2013 29.721 15.9242 12.2182 13.4729 11.6278 10.8122 10.4768 10.4257 10.3495 10.3227 9.65757 13.2003 14.2662 16.0501 9.86945 11.8696 11.1903 9.93753 9.33463 9.32568 10.7961 10.4578
threshold=76.15000000000002 1.5000000000000002 55.000000000000007 0.39175224586600571 1.4058823529411768 1.0000000180025095e-35 0.10305000000000002 1.0757142857142858 1.5000000000000002 0.16062679347726971 0.21721818175948973 0.038535000000000007 80.750000000000014 0.47135000000000005 41052.860000000008 1.9025000000000001 6.5000000000000009 -1.0000000180025095e-35 0.11135000000000002 17.500000000000004 629.50000000000011 0.28495000000000004 0.10582306830907055
decision_type=2 2 2 2 8 2 2 10 2 2 2 2 2 2 2 8 2 2 2 2 8 2 8
left_child=1 2 8 4 6 -2 10 -8 9 -1 -3 19 13 14 -13 16 17 -14 -17 -7 21 -4 -23
right_child=5 3 20 -5 -6 11 7 -9 -10 -11 -12 12 15 -15 -16 18 -18 -19 -20 -21 -22 22 -24
leaf_value=-0.012614626881893666 -0.01065821401638084 0.016901043334768325 -0.0024859305267180718 0.0039492293179590639 0.0024155867966680618 0.013264524038657273 -0.0085829106947064981 0.027856107804202276 0.0073947980799453699 0.0025368603872063878 0.039542095234736931 0.00053801525437265942 -0.0016178336097526801 0.0029184829557560659 0.069764532979226773 0.0077757096067844166 -0.011051504323563869 0.083369665094703754 -0.022274020821133028 -0.010846155828648459 -0.0085144925878913244 0.039124805181781797 0.0025190248752948387
leaf_weight=52.791066575795412 427.63632547482848 162.63979768194258 154.28790614381433 234.72744281031191 78.211915140971541 15.336862344294785 25.070149566978216 7.6294715683907262 287.86492237634957 154.62254254892468 20.298773810267448 4.6809857022017258 2.1237575318664317 15.77323132008314 6.6271945517510176 15.748864175751804 3.9984257817268372 1.6831031795591114 21.477597592398524 91.59028628282249 215.61905542202294 9.8376893009990471 18.012529442086816
leaf_count=701 17477 1000 3057 2873 552 370 255 75 3138 1740 164 127 55 245 169 450 96 42 604 2490 6395 193 357
internal_value=4.57406e-05 0.00347752 0.000136057 0.00910116 0.013162 -0.00798089 0.0170017 0.00103456 0.00371955 -0.00140315 0.0198137 -0.00153903 0.00683418 0.0226034 0.0454958 -0.00320708 0.0238745 0.0517298 -0.00981303 -0.00720784 -0.00432232 0.000679047 0.0172045
internal_weight=2028.29 1421.61 893.036 528.578 293.85 606.677 215.638 32.6996 495.279 207.414 182.939 179.04 72.1132 27.0814 11.3082 45.0317 7.80529 3.80686 37.2265 106.927 397.757 182.138 27.8502
internal_count=42625 20500 15581 4919 2046 22125 1494 330 5579 2441 1164 4648 1788 541 296 1247 193 97 1054 2860 10002 3607 550
is_linear=0
shrinkage=0.03


Tree=62
num_leaves=24
num_cat=2
split_feature=69 13 88 74 120 143 22 42 14 88 0 2 13 60 44 123 47 141 120 106 25 44 44
split_gain=53.5023 24.2859 21.2027 15.2306 18.0376 13.7241 13.5812 11.1085 11.9616 10.9487 10.8841 10.8061 10.6812 11.2824 14.7437 10.442 12.3989 10.2215 10.1756 10.0969 16.0515 17.3337 11.3204
threshold=0.0075736034387666679 0.16835000000000003 0 0.041895604395604406 11739.26 1.5000000000000002 707.50000000000011 -0.15634999999999996 4.5000000000000009 1 28.500000000000004 77.500000000000014 0.20995000000000003 0.85625000000000007 0.034615000000000007 13954.505000000003 19.885000000000002 1047.1000000000001 15313.015000000001 5.5000000000000009 7305.0000000000009 0.098165000000000016 0.056305000000000008
decision_type=2 2 1 2 2 2 10 2 2 1 2 2 2 2 2 2 2 2 2 8 2 2 2
left_child=2 10 -1 4 15 6 -4 -7 -9 11 17 12 13 14 -5 16 -3 -2 -19 -13 21 22 -21
right_child=1 3 5 9 -6 7 -8 8 -10 -11 -12 19 -14 -15 -16 -17 -18 18 -20 20 -22 -23 -24
leaf_value=-0.0026987265077645646 -0.0043071882450361329 0.052542223933921259 0.0054860079188121542 -0.014097213501424189 -0.0076885866215592831 0.029166648490224444 -0.014336264378210024 0.0075064894745715252 0.027038640946099077 -0.0069606082214017763 -0.014981020342303891 -0.0051804771754879308 -0.0049818819580015215 -0.0062891475155075387 0.07396683605696884 0.046829763274761821 0.0069076709130152184 0.071253616648418713 -0.011900674159885369 0.028775107909749357 -0.0022645695946699636 -0.012535648162144804 0.10100052697756164
leaf_weight=268.73718449473381 11.656506579369305 3.7138125561177722 408.27700174599886 1.6857770327478627 65.693772476166487 30.691482715308666 31.755247328430414 209.41468729265034 31.294378116726875 472.16428504511714 233.81928745470941 11.757575321942566 102.77521531656384 5.3803385011851788 3.4506243243813515 5.2711323145776978 111.22260780259967 1.8380715828388923 1.2639499325305221 7.340068597346546 9.4902831465005857 2.7984426990151396 2.9774188995361328
leaf_count=3068 487 76 4933 67 1647 293 943 1712 152 12536 10191 329 2562 202 125 127 2536 79 56 153 311 60 58
internal_value=-0.000551354 -0.00523742 0.00448951 -0.0026931 0.00480229 0.0070522 0.00399713 0.0125849 0.0102477 -0.0049494 -0.013397 0.0022722 -0.0018838 0.0243506 0.0492134 0.0116427 0.00925564 0.0104909 0.0459883 0.016886 0.0278511 0.0470584 0.0626332
internal_weight=2034.47 1054.3 980.17 805.721 185.901 711.433 440.032 271.401 240.709 619.82 248.578 147.656 113.292 10.5167 5.1364 120.208 114.936 14.7585 3.10202 34.3638 22.6062 13.1159 10.3175
internal_count=42703 31602 11101 20789 4386 8033 5876 2157 1864 16403 10813 3867 2956 394 192 2739 2612 622 135 911 582 271 211
cat_boundaries=0 1 2
cat_threshold=227082754 203624464
is_linear=0
shrinkage=0.03


Tree=63
num_leaves=24
num_cat=2
split_feature=10 2 71 88 25 137 38 22 120 6 144 124 48 24 78 34 60 6 88 69 2 32 1
split_gain=48.6085 17.6213 15.5969 12.9744 26.034 19.7206 18.9977 17.9375 11.7425 12.5394 13.5298 11.1258 13.6674 11.6442 10.8943 10.7231 11.6784 11.7817 10.2523 10.0971 9.63222 10.7973 10.2248
threshold=0.45225000000000004 18.500000000000004 4.5000000000000009 0 15225.000000000002 0.95968460542394129 0.18685000000000004 761.50000000000011 105008.83 0.76250000000000007 0.80000000000000016 3354.7300000000005 1.3695000000000002 20315.000000000004 0.306085 625.12500000000011 0.79525000000000012 0.88850000000000018 1 0.077264715906324569 61.500000000000007 41.500000000000007 6.2500000000000009
decision_type=2 2 2 1 2 10 2 10 2 8 2 2 2 2 2 2 2 10 1 2 2 2 8
left_child=3 -2 8 4 5 6 7 15 9 11 18 -3 13 -13 -7 -1 -17 -18 -11 -16 21 -8 -23
right_child=1 2 -4 -5 -6 14 20 -9 -10 10 -12 12 -14 -15 19 16 17 -19 -20 -21 -22 22 -24
leaf_value=0.026982481090054796 0.010677403151851582 0.0027974173158508563 0.0073175335783292727 -0.0091568467544896389 -0.013856987551402638 -0.012886225434928048 -0.020256854561217456 -0.0076199639471556963 0.026411236434959424 -0.0078935953000199514 0.020063126727036508 -0.011454733820451837 0.053636006552121425 0.036611958593111324 0.053733428405741163 0.013966920468388808 0.13501934206054339 0.029054962108240774 -0.00033537308836218592 -0.0024107246810932481 -0.023248543210392679 0.000114535099347159 0.053254488873298922
leaf_weight=10.454997044056659 233.36691872961819 56.761103328317404 322.66743045859039 457.81463479623199 54.814483182504773 27.979447461664677 3.7618412412703064 4.5393649917095891 12.489686967805026 208.08108599111438 22.315508130937815 9.9802759531885403 8.2850470729172212 5.4204576071351758 2.9730379823595268 2.7079820074141008 2.3466602955013514 3.0216992925852537 557.0512125082314 6.4743233174085617 6.0452498644590369 5.7756297029554817 5.5039710383862266
leaf_count=368 2706 778 2640 18245 2342 1021 134 185 188 3406 208 145 109 103 89 93 74 100 8898 239 223 205 199
internal_value=0.000183862 0.00316902 0.00169724 -0.00701871 0.00155892 0.0124665 0.025598 0.0432689 -0.000374553 -0.000819858 -0.00198071 0.0103154 0.0267111 0.00772649 -0.00353903 0.0552624 0.0792494 0.0994507 -0.00267426 0.0215586 0.00419088 0.0166532 0.0301598
internal_weight=2030.63 1436.42 1203.05 594.213 136.399 81.5842 44.1574 23.0707 880.384 867.895 787.448 80.4469 23.6858 15.4007 37.4268 18.5313 8.07634 5.36836 765.132 9.44736 21.0867 15.0414 11.2796
internal_count=42698 19181 16475 23517 5272 2930 1581 820 13835 13647 12512 1135 357 248 1349 635 267 174 12304 328 761 538 404
cat_boundaries=0 1 2
cat_threshold=633470980 8537026
is_linear=0
shrinkage=0.03


Tree=64
num_leaves=24
num_cat=3
split_feature=13 7 71 88 25 130 88 98 44 3 107 7 47 120 35 137 7 47 130 29 22 40 73
split_gain=48.1778 21.3829 16.1233 19.314 12.7797 12.7383 12.1458 11.7996 15.8904 10.9095 10.6093 11.9489 10.5542 10.4238 10.4181 13.0375 13.6077 10.6266 16.3959 14.4337 13.544 10.3478 10.3286
threshold=0.25455000000000005 0.31550000000000006 4.5000000000000009 0 23485.000000000004 -7832.9499999999998 1 2 0.05012500000000001 2.5000000000000004 25.500000000000004 0.22250000000000003 98.66500000000002 133760.94500000004 0.029750000000000002 1.5953657011350044 0.16650000000000004 25.565000000000001 2177.7099999999996 0.20355000000000004 702.50000000000011 0.31615000000000004 0.70849673202614394
decision_type=2 8 2 1 2 2 1 1 2 2 8 8 2 2 2 10 10 2 2 2 8 2 2
left_child=4 2 3 5 6 12 9 -7 -9 -1 11 -8 -2 14 15 -5 -17 18 19 -16 -21 -15 -10
right_child=1 -3 -4 13 -6 7 10 8 22 -11 -12 -13 -14 21 17 16 -18 -19 -20 20 -22 -23 -24
leaf_value=0.003415344709987798 0.030252760986123953 0.0077166631450729106 0.007042876686053392 -0.0019670758452526023 -0.015083595415676207 -0.00091791954419786581 -0.0085741765935356332 -0.0069773783844824513 0.052935399942008785 0.049929678189408924 -0.0099104708399682263 0.064584721167054368 -0.003142884386923984 0.058615176580901089 0.0070669101104091957 0.0025330413390214717 0.053654004085187945 -0.0078145689927562999 -0.024043098993575766 0.079457266372173971 -0.0072884835325862912 -0.011007547829849629 0.0060817547354295037
leaf_weight=79.141356391832232 28.507357370108366 517.22354349680245 241.8573549259454 52.610002147033811 161.04905031062663 148.05529112555087 3.4314202647656202 11.909699948504569 10.239623213186862 2.8456708192825309 206.08130193129182 1.779908677563071 11.328856270760296 2.6215806212276211 27.373631777241826 10.171223184093835 7.0357195548713198 477.10239505767822 9.3800869397819024 3.4271994624286881 1.8645325712859628 2.3723828997462988 7.3590703830122939
leaf_count=2891 579 6228 2256 1056 7248 2939 121 220 183 105 7744 56 231 47 440 230 122 9405 201 84 60 50 142
internal_value=0.000243891 0.00273412 0.000277256 -0.00175186 -0.00833813 0.00552814 -0.0045569 0.00261766 0.0192893 0.00476266 -0.00782496 0.027395 0.0210593 -0.00447046 -0.00507431 0.00568404 0.0268462 -0.00653739 0.00765192 0.0176154 0.0552768 0.0318511 0.0359631
internal_weight=2024.77 1570.44 1053.22 811.359 454.329 217.4 293.28 177.564 29.5084 81.987 211.293 5.21133 39.8362 593.959 588.965 69.8169 17.2069 519.148 42.0455 32.6654 5.29173 4.99396 17.5987
internal_count=42638 24473 18245 15989 18165 4294 10917 3484 545 2996 7921 177 810 11695 11598 1408 352 10190 785 584 144 97 325
cat_boundaries=0 1 2 3
cat_threshold=37097490 771885062 2
is_linear=0
shrinkage=0.03


Tree=65
num_leaves=24
num_cat=2
split_feature=10 71 143 7 30 29 88 6 67 6 46 5 38 116 26 23 88 29 44 60 2 106 128
split_gain=53.8581 27.8067 19.9107 15.086 12.8749 14.6704 12.4688 12.1992 14.8523 12.1745 11.9551 14.6049 12.712 12.8167 13.1363 13.4702 11.1592 14.2526 12.5516 11.0731 10.9628 10.4318 10.2711
threshold=0.30195000000000005 4.5000000000000009 1.0000000180025095e-35 0.44550000000000006 0.59905000000000008 0.041550000000000011 0 0.92050000000000021 0.035868281772337141 0.9145000000000002 0.98450000000000004 21150.000000000004 0.43395000000000006 0.39736842105263165 0.62965000000000015 75.350000000000009 1 0.019650000000000004 0.033565000000000005 0.84475000000000011 36.500000000000007 21.500000000000004 558.89000000000021
decision_type=2 2 2 8 8 2 1 8 2 8 2 2 2 10 2 2 1 2 2 2 2 10 2
left_child=6 2 10 -4 22 -6 7 8 -1 20 -2 -12 16 -14 15 -15 17 18 -13 -19 -10 -21 -3
right_child=1 4 3 -5 5 -7 -8 -9 9 -11 11 12 13 14 -16 -17 -18 19 -20 21 -22 -23 -24
leaf_value=-0.018999906782343215 -0.00705121014853872 0.053337974539279638 0.0022882216747134869 0.014634360396649447 0.013458170218380973 0.0015535536085611893 -0.012214502529096798 -0.0088664980904864209 0.033587977531631945 0.075050441639097784 0.040180618031208919 -0.012709902961977479 -0.015817698408260066 0.072236936762944973 -0.016694752777577541 -0.0039639850019476995 -0.0045996465608844819 0.014672496918948416 0.053648607757967232 -0.014470217940893856 -0.0011085722353800331 0.01807249791050498 -0.0030218243191094331
leaf_weight=8.3607794940471631 325.05662072263658 8.3903322480618936 466.70203785598278 108.40790765918791 225.48740657418966 158.76689125970006 289.66704112663865 43.247131733223796 13.392645707353951 1.7001299634575833 6.3204795513302079 2.5691171288490278 3.8697990030050269 6.3712183944880945 2.0194243788719168 2.5154474228620529 238.23173623718321 39.727083887904882 7.9437170922756195 34.138392820954323 17.265869844704866 9.8898285329341871 3.7569152507930985
leaf_count=376 7411 100 6375 1090 1449 1785 12713 1828 535 73 111 40 100 137 31 89 5514 935 110 837 731 211 44
internal_value=0.000423734 0.00275458 0.000559734 0.00465811 0.00965892 0.00857291 -0.00983038 0.00157984 0.0134949 0.0225081 -0.00291683 0.000902131 -3.87307e-05 0.025445 0.0402685 0.0539019 -0.00131656 0.00642858 0.0379925 0.00354717 0.0151768 -0.00669267 0.037944
internal_weight=2023.8 1650.16 1253.76 575.11 396.402 384.254 373.634 83.9666 40.7194 32.3586 678.653 353.596 347.276 14.7759 10.9061 8.88667 332.5 94.2681 10.5128 83.7553 30.6585 44.0282 12.1472
internal_count=42625 26369 22991 7465 3378 3234 16256 3543 1715 1339 15526 8115 8004 357 257 226 7647 2133 150 1983 1266 1048 144
cat_boundaries=0 1 2
cat_threshold=654381064 10749005
is_linear=0
shrinkage=0.03


Tree=66
num_leaves=24
num_cat=1
split_feature=23 27 26 74 13 6 88 7 44 112 32 18 24 7 6 6 7 29 133 47 30 1 51
split_gain=45.9467 20.2646 16.245 13.9278 13.7817 13.5654 12.9603 12.2194 12.1168 10.8217 10.3171 10.2569 12.8914 10.0984 9.90192 12.5832 9.77963 11.3706 9.74668 10.175 9.67655 9.65147 13.3335
threshold=78.550000000000011 1.5000000000000002 0.33355000000000007 0.056927506775067756 0.47495000000000004 0.9255000000000001 0 0.11050000000000001 0.025435000000000003 26.500000000000004 115.50000000000001 30.500000000000004 18395.000000000004 0.14350000000000002 0.9125000000000002 0.89750000000000008 0.51350000000000018 0.023750000000000004 0.095454545454545472 19.135000000000002 1.1623500000000002 1.4500000000000002 0.31375000000000003
decision_type=2 2 2 2 2 8 1 10 2 2 2 2 2 8 10 8 8 2 8 2 8 10 2
left_child=1 3 -3 6 9 13 8 14 16 -5 -11 -9 -13 -4 15 -8 17 -1 -6 -20 -15 22 -2
right_child=21 2 5 4 18 -7 7 11 -10 10 -12 12 -14 20 -16 -17 -18 -19 19 -21 -22 -23 -24
leaf_value=0.039037423289151295 -0.0029414879050423692 0.032365006656673287 -0.0068391033609002498 -0.0062165932712650524 0.014816356560190008 1.9516255227126886e-05 -0.0018637155867758221 0.007221327090909559 -0.010265137610742684 0.034850092474964858 -0.016060383311376332 0.025254569394835658 -0.008911583788224476 0.0050069528435447456 -0.011838761804499633 0.029714741668976259 0.046579703367472233 -0.010315922221142922 0.027274469570550738 -0.00049107961170712284 0.021394184345343251 -0.0094783344138978549 0.033670936529240018
leaf_weight=3.6447093542665305 53.754748018458486 23.321126494556665 19.37522666156292 409.20961065217853 49.164382996037602 132.0276076067239 37.981543315574527 162.89846620708704 81.873576620593667 9.2371012531220895 3.8510787766426793 67.301340520381927 10.572930313646792 51.831618618220091 40.976405993103981 14.072963897138832 4.146487731486558 14.502174045890568 10.384345596656201 289.52035154588521 91.982597189024091 440.70806528255343 8.6835176125168783
leaf_count=40 2078 340 185 9707 487 1037 695 2683 1325 202 90 612 190 385 758 250 42 242 104 3027 710 17235 317
internal_value=-7.45586e-05 0.00251578 0.00922249 0.000736932 -0.00168871 0.00718883 0.0049973 0.00754765 -0.00399912 -0.00532334 0.0197269 0.0116525 0.0205089 0.0129187 -0.00111225 0.0074571 0.0138483 0.00248772 0.00271367 0.00064463 0.0156378 -0.00791932 0.00303736
internal_weight=2031.02 1527.88 318.538 1209.34 771.367 295.217 437.971 333.804 104.167 422.298 13.0882 240.773 77.8743 163.189 93.0309 52.0545 22.2934 18.1469 349.069 299.905 143.814 503.146 62.4383
internal_count=42741 23111 2657 20454 13617 2317 6837 5188 1649 9999 292 3485 802 1280 1703 945 324 282 3618 3131 1095 19630 2395
cat_boundaries=0 1
cat_threshold=335544945
is_linear=0
shrinkage=0.03


Tree=67
num_leaves=24
num_cat=2
split_feature=69 27 7 40 22 88 131 69 78 97 143 26 43 112 128 24 38 61 26 7 134 105 22
split_gain=41.2161 19.1826 16.7251 14.0279 12.966 12.2216 14.7824 13.1708 14.2092 11.7156 10.4898 10.5013 11.1555 13.2906 14.0757 10.4685 10.3902 12.8494 10.3336 11.1437 12.9709 11.4684 10.811
threshold=0.60979708870469829 1.5000000000000002 0.28050000000000008 0.18445000000000003 629.50000000000011 0 0.47493734335839605 0.50512323068711018 0.16183500000000003 1 1.0000000180025095e-35 0.52965000000000007 0.073345000000000007 15.500000000000002 -9058.7049999999981 18155.000000000004 0.13375000000000004 103.50000000000001 0.33825000000000005 0.62750000000000006 2576.3000000000006 inf 589.50000000000011
decision_type=2 2 10 2 10 1 10 2 2 1 2 2 2 2 2 2 2 2 2 8 2 8 8
left_child=1 2 5 -4 15 6 7 -1 -9 -10 16 12 -12 14 -14 -5 17 -7 22 20 -20 -21 -3
right_child=-2 18 3 4 -6 10 -8 8 9 -11 11 -13 13 -15 -16 -17 -18 -19 19 21 -22 -23 -24
leaf_value=0.0051660724008443046 -0.0079096296168805758 0.05091119321572464 -0.0066417092780254481 0.01661376799539498 0.0012877172586709688 -0.0042883209752325397 -0.014289201991435555 -0.006333682039459442 0.083670766230319715 0.0056822879211882709 0.00082665596669626376 -0.0087355373281700222 0.07144788005665717 -0.011228889590917892 0.015294033284187443 -0.0037292627104095668 -0.01183433004211676 0.025871301883350829 0.021852924065526792 0.03074906010703863 0.0015161219906487308 0.0039328858393613076 0.0084409522621751061
leaf_weight=183.36347972974181 481.05940768867731 8.37430462613702 67.766899198293686 149.98661458678544 136.4725746717304 104.35944401286542 31.582074562087655 4.1024460569024068 3.7461997643113136 2.9281682670116425 165.94307800196111 83.815412659198046 4.294646799564366 7.4335453137755385 15.678525887429714 26.008761743083596 211.69709861651063 12.441102193668483 30.526975262910128 30.453585684299469 216.35844780690968 26.933044562116265 13.30113587155938
leaf_count=3263 18523 78 1027 1311 3110 2520 616 123 100 88 2400 871 55 97 215 393 4860 270 229 208 1896 194 230
internal_value=-0.000264552 0.00213453 0.000391688 0.00558704 0.00826454 -0.00199212 0.00375068 0.00727919 0.0367964 0.0586547 -0.00412239 1.20871e-05 0.00385472 0.0208859 0.0327725 0.0135993 -0.00790159 -0.000694385 0.00857119 0.00703158 0.00418613 0.0187198 0.027764
internal_weight=2018.63 1537.57 1211.62 380.235 312.468 831.385 225.722 194.14 10.7768 6.67437 605.663 277.165 193.35 27.4067 19.9732 175.995 328.498 116.801 325.947 304.272 246.885 57.3866 21.6754
internal_count=42677 24154 21319 5841 4814 15478 4190 3574 311 188 11288 3638 2767 367 270 1704 7650 2790 2835 2527 2125 402 308
cat_boundaries=0 1 2
cat_threshold=705052690 1
is_linear=0
shrinkage=0.03


Tree=68
num_leaves=24
num_cat=1
split_feature=25 47 143 143 22 2 77 128 88 134 43 130 46 128 26 67 76 34 22 22 6 33 12
split_gain=38.899 18.2131 17.2278 17.1435 13.6578 15.2598 13.1847 13.021 12.55 12.0571 14.1863 14.0206 11.4535 13.8459 12.6821 12.4157 11.3299 11.1033 12.5087 13.5676 13.6362 11.0728 10.8143
threshold=1875.0000000000002 33.085000000000008 2.5000000000000004 1.0000000180025095e-35 583.50000000000011 6.5000000000000009 1.0000000180025095e-35 -11845.419999999996 0 7470.545000000001 0.040865000000000005 -1629.5399999999997 1.2185000000000004 2683.6799999999998 0.19235000000000002 0.23286384394437215 1.2587500000000003 2813.0300000000002 721.50000000000011 667.50000000000011 0.80750000000000022 5622.3000000000011 1.5000000000000002
decision_type=2 2 2 2 10 2 2 2 1 2 2 2 2 2 2 2 2 2 10 10 10 2 2
left_child=2 7 4 21 5 -1 9 17 16 10 -4 -12 -9 -14 -15 -16 -6 18 19 20 -2 -3 -8
right_child=1 3 6 -5 8 -7 22 12 -10 -11 11 -13 13 14 15 -17 -18 -19 -20 -21 -22 -23 -24
leaf_value=0.03101949782155522 0.049956812019471004 0.031066964332385674 -0.0063305489173471037 -0.00034392242911720941 0.002487760803393909 0.0041448429016352215 -0.0094137678278903396 -0.0075458196945046721 -0.0043206040309368378 0.02197879104978899 -0.017027218194522204 0.029656471942756162 -0.0012052869171603586 -0.0040091084075408465 0.08008307422220301 -0.0060088320739337588 0.024986712932745198 -0.0050072380099514466 -0.00095343666124148073 0.079579547844649948 -0.017067041723357292 -0.010971174848180379 0.010806011938056352
leaf_weight=18.00364395044744 3.1679679676890427 3.8378755412995806 39.549111282452941 225.2647833507508 119.33536875993013 418.58609348721802 44.530093854293227 58.496390393003821 401.28633294068277 95.661640888080001 5.9635141417384174 24.820330869406462 18.004897437989715 3.6239583455026132 4.4963446892797947 1.6194182261824606 22.37949531711638 8.3393789771944267 6.0947647113353005 5.3206316661089659 4.2424805760383606 446.34072232991457 46.764385882765055
leaf_count=181 73 148 319 5100 2367 3552 387 1942 7297 765 40 175 578 143 157 38 403 279 260 164 96 17914 326
internal_value=-4.39159e-05 -0.0052419 0.00327434 -0.00710852 0.00145104 0.00538947 0.0101515 0.00580612 -0.00172374 0.0151389 0.00548534 0.0201258 -5.27507e-05 0.0151906 0.040542 0.0614235 0.00539974 0.0231343 0.034884 0.0498407 0.0161134 -0.010477 0.000953165
internal_weight=2025.73 788.85 1236.88 675.443 979.591 436.59 257.289 113.406 543.001 165.995 70.333 30.7838 86.241 27.7446 9.73972 6.11576 141.715 27.1652 18.8258 12.7311 7.41045 450.179 91.2945
internal_count=42704 26892 15812 23162 13800 3733 2012 3730 10067 1299 534 215 2858 916 338 195 2770 872 593 333 169 18062 713
cat_boundaries=0 1
cat_threshold=705073408
is_linear=0
shrinkage=0.03


Tree=69
num_leaves=24
num_cat=2
split_feature=10 7 24 88 52 137 39 74 47 5 29 125 28 117 69 2 2 97 2 130 67 40 132
split_gain=46.678 23.6868 16.1567 13.8324 11.2984 11.5368 13.1377 11.0158 10.7497 11.1831 11.0687 10.6946 12.0886 12.2693 10.5434 10.4128 9.99703 12.0158 9.85176 9.77982 9.40956 14.9391 9.6245
threshold=0.30195000000000005 0.39450000000000007 255.00000000000003 0 1.0000000180025095e-35 0.34834370451518498 0.19635000000000002 0.025123215191708344 24.525000000000002 341950.00000000006 0.56935000000000013 9735.9600000000009 7.5000000000000009 0.15476190476190479 -0.028486674754431961 27.500000000000004 80.500000000000014 1 16.500000000000004 9288.2900000000009 0.31772897440318298 0.43165000000000003 0.61250000000000016
decision_type=2 8 2 1 2 10 2 2 2 2 2 2 2 10 2 2 2 1 2 2 2 2 8
left_child=8 2 11 7 -5 6 14 -4 9 -1 -11 15 13 19 -6 -2 -9 -18 -7 -13 21 -3 -23
right_child=1 20 3 4 5 18 -8 16 -10 10 -12 12 -14 -15 -16 -17 17 -19 -20 -21 -22 22 -24
leaf_value=-0.0036239937940792479 0.012538560259967579 0.0013594236690533481 0.021294704741904577 -0.0054501685437225835 -0.0090101594072358113 0.026125070636284307 -0.006021045443455466 -0.00077891388927289545 -0.0108057691346024 0.057173717728333379 -0.014512331230459603 0.040945254429298736 0.049088973358307537 -0.013078030694749061 0.047240755975108621 0.00038802502492845108 0.044664754303403859 0.0062830998207843228 -0.0063909233564667838 -0.0050373200002810075 0.015067119616115225 0.025623698974527521 -0.00029245227054162259
leaf_weight=17.943446816876534 89.991274194791913 200.87675286643207 28.723617112264037 584.66994481906295 3.0186438299715563 7.9779705367982379 9.0646793209016305 191.81061148829758 338.2373057063669 4.4969053752720347 1.793796185404062 10.050730254501106 8.3480312228202802 11.05416691675782 13.284236565232277 205.22164467535913 7.7130810767412186 33.765700271353126 50.679397419095039 5.7505158185958853 138.33971052803099 42.649596115574241 18.07192038372159
leaf_count=765 759 2809 461 12023 43 129 162 3807 15163 186 84 97 66 115 269 1960 158 661 1032 61 1163 545 224
internal_value=0.000306187 0.00243683 0.0004149 -0.00160973 -0.00382818 0.00620988 0.0222964 0.00402003 -0.00941749 0.00930545 0.0381627 0.00609319 0.0212784 0.00983024 0.0369789 0.00415139 0.0021573 0.0151465 -0.00125285 0.0255251 0.00877879 0.00536427 0.0181472
internal_weight=2023.53 1661.06 1261.12 930.708 668.695 84.0249 25.3676 262.013 362.471 24.2341 6.2907 330.416 35.2034 26.8554 16.3029 295.213 233.289 41.4788 58.6574 15.8012 399.938 261.598 60.7215
internal_count=42742 26544 21803 18745 13658 1635 474 5087 16198 1035 270 3058 339 273 312 2719 4626 819 1161 158 4741 3578 769
cat_boundaries=0 1 2
cat_threshold=38933524 2
is_linear=0
shrinkage=0.03


Tree=70
num_leaves=24
num_cat=3
split_feature=23 88 10 74 33 25 46 88 96 39 43 130 26 107 121 131 21 78 117 45 45 130 60
split_gain=45.663 16.6267 15.281 15.0218 17.189 14.3273 12.4777 11.9753 11.6519 11.8789 11.2057 11.2039 13.7904 13.9424 14.603 10.9781 12.0379 10.7158 10.414 10.3351 13.2495 13.0057 12.1988
threshold=63.850000000000001 0 0.21115000000000003 0.074733772819472633 301635.93500000006 7785.0000000000009 0.90250000000000019 1 2 0.10435000000000001 0.066385000000000013 -4690.3499999999995 0.27865000000000006 72.500000000000014 2606.7600000000007 0.29099462365591405 1.0000000180025095e-35 0.39210000000000006 0.31666666666666671 0.050550000000000005 0.0068500000000000011 -8453.0599999999977 0.93475000000000008
decision_type=2 1 2 2 2 2 2 1 1 2 2 2 2 10 2 10 2 2 10 2 2 2 2
left_child=1 10 -2 7 11 15 -6 -4 9 19 -1 -5 -13 -14 -15 17 -17 -3 -8 20 -9 -22 -23
right_child=2 5 3 4 6 -7 18 8 -10 -11 -12 12 13 14 -16 16 -18 -19 -20 -21 21 22 -24
leaf_value=0.0089719856346135024 -0.010647832571089352 0.0060447334493215141 0.0092183346249408854 0.00068496772751128253 -0.010720558262500918 -0.014832902821627752 0.069669637822227154 -0.01025777227976362 -0.0066812562636633056 -0.00062511859115192182 0.024718781051666038 -0.01835265338910046 -0.0070742927279033108 -0.0055732233680031119 0.058006709406929063 -0.0036987595769478474 0.0072126087320773949 0.025949264715661492 -0.0029140263471503845 0.00026773029615352319 -0.008916810386660352 0.065652442584958171 0.0070999522093025541
leaf_weight=206.04103138297796 240.5249579269439 217.99551510997117 113.10892522148788 125.05522503517568 3.8819989655166847 39.437548793852329 4.2497891150414944 5.0571822561323669 150.32836527004838 97.978498056530952 50.42032084427774 110.27451079711318 185.86023235879838 6.0735982954502088 4.2928041331470013 249.52400070428848 140.58665213175118 25.812876032665372 2.2700314130634069 17.64793342538178 3.3930364120751646 11.193343784660103 4.9285023137927046
leaf_count=2069 11310 2087 2754 3389 111 818 116 124 3793 2425 477 3657 4429 134 76 2679 1097 247 60 433 90 288 120
internal_value=0.000166925 0.00504101 -0.00400734 -0.00209781 -0.00590717 0.00219173 0.0290215 0.00208178 -0.00140815 0.00441182 0.011156 -0.00687905 -0.00994967 -0.00508988 0.0258789 0.00338036 0.000250172 0.00834609 0.0496463 0.0180947 0.0299144 0.0403106 0.0505118
internal_weight=2015.94 929.818 1086.12 845.594 441.958 673.357 10.4018 403.636 290.527 140.198 256.461 431.556 306.501 196.227 10.3664 633.919 390.111 243.808 6.51982 42.22 24.5721 19.5149 16.1218
internal_count=42783 9474 33309 21999 11972 6928 287 10027 7273 3480 2546 11685 8296 4639 210 6110 3776 2334 176 1055 622 498 408
cat_boundaries=0 1 2 3
cat_threshold=573588520 547489926 29
is_linear=0
shrinkage=0.03


Tree=71
num_leaves=24
num_cat=0
split_feature=13 7 14 134 1 50 26 74 130 2 60 18 10 6 6 35 22 78 130 130 25 42 120
split_gain=30.5821 16.4303 12.5344 12.374 18.9988 14.6136 11.2288 9.57974 9.40599 9.1061 13.41 8.6918 8.50589 8.39979 11.2763 12.3244 11.4182 9.71298 8.38622 10.9279 19.4368 20.5644 14.4108
threshold=0.30445000000000005 0.70450000000000002 1.0000000180025095e-35 3792.1150000000002 0.65000000000000002 2.5000000000000004 0.56015000000000015 0.038501602564102573 1529.5250000000001 47.500000000000007 0.87635000000000007 86.500000000000014 1.0136500000000004 0.95650000000000002 0.91850000000000021 0.087550000000000003 771.50000000000011 0.4837550000000001 -5109.0849999999991 -8453.0599999999977 6155.0000000000009 0.15365000000000004 326.95500000000004
decision_type=2 10 2 2 10 2 2 2 2 2 2 2 2 10 10 2 8 2 2 2 2 2 2
left_child=3 2 7 4 5 -1 -3 -2 13 10 -8 -4 -11 14 17 -16 -17 -6 19 -5 -21 22 -22
right_child=1 6 11 18 8 -7 9 -9 -10 12 -12 -13 -14 -15 15 16 -18 -19 -20 20 21 -23 -24
leaf_value=0.0067742241869949522 0.00653835250589663 -0.017794483489749064 0.0028255651379519276 -0.0072008399238949151 -0.0021218371267707923 0.08956946646773864 0.048148721988164132 -0.0062224815046663523 -0.019051812838041787 -0.0091089588213890214 0.0051358754864366894 0.016140123770563786 0.027056241076425395 -0.013694869928203499 -0.0053028999207246838 0.019391586936089559 0.10104610990897835 0.045498547624411689 -0.010241341294225522 -0.014979876978118006 0.047124860954987385 0.056037537700124984 -0.0044117655214130566
leaf_weight=4.3869643732905379 65.946267891675234 5.3965803626924744 1035.7527637835592 113.01685367710888 34.365998389199376 1.9961061831563709 17.745305387303237 240.8584803789854 15.691862784326075 12.006313756108286 10.524746956303714 44.228034898638725 8.2433198615908605 13.640476943925021 3.9138459358364326 5.1644821930676699 1.4243802912533281 2.3219499457627526 325.32220678590238 18.348993379622698 4.1821792405098703 9.0560197159647924 21.949408419430256
leaf_count=148 1153 82 13242 4528 1235 70 129 4976 587 135 85 363 40 480 141 168 57 74 12925 564 185 354 979
internal_value=0.000192019 0.00252611 0.00188038 -0.00564689 0.00498209 0.0478579 0.0184737 -0.00345502 0.000277802 0.0230524 0.0335327 0.00339966 0.00672203 0.00571175 0.01165 0.0362794 0.0564628 0.00308829 -0.00745134 -0.00194488 0.00901031 0.0216531 0.00660024
internal_weight=2015.48 1440.7 1386.79 574.782 82.9061 6.38307 53.9163 306.805 76.523 48.5197 28.2701 1079.98 20.2496 60.8311 47.1907 10.5027 6.58886 36.6879 491.876 166.553 53.5366 35.1876 26.1316
internal_count=42700 20205 19734 22495 2960 218 471 6129 2742 389 214 13605 175 2155 1675 366 225 1309 19535 6610 2082 1518 1164
is_linear=0
shrinkage=0.03


Tree=72
num_leaves=24
num_cat=2
split_feature=143 26 88 33 1 44 88 74 72 66 68 45 38 68 105 29 66 124 33 28 74 29 134
split_gain=44.5476 22.6101 15.5562 14.6341 12.5309 15.9495 12.5249 15.2374 12.5323 11.6222 12.7126 15.057 10.9978 10.934 10.7861 13.5639 10.3501 10.9691 10.5336 10.349 10.1292 15.8082 11.0537
threshold=1.0000000180025095e-35 0.26555000000000006 0 17123.480000000003 12.950000000000001 0.034945000000000011 1 0.041895604395604406 0.22500000000000003 0.030110140152927144 0.35767854407015692 0.15815000000000004 0.19345000000000004 0.042243739020304781 95.500000000000014 0.13355000000000003 0.38093910179799756 389.13000000000005 41052.860000000008 6.5000000000000009 0.089164286685706529 0.29165000000000008 45971.830000000009
decision_type=2 2 1 2 8 2 1 2 2 2 2 2 2 2 10 2 2 2 2 2 2 2 2
left_child=1 3 -3 -1 20 -6 -2 14 -9 -10 16 -12 19 -14 15 -8 -11 -18 -19 -7 21 22 -4
right_child=6 2 4 -5 5 12 7 8 9 10 11 -13 13 -15 -16 -17 17 18 -20 -21 -22 -23 -24
leaf_value=0.0046424712386656545 -0.00059973893529942964 -0.0066302701718886541 0.0086401331577549735 -0.011779729645827531 -0.0078934101637684693 0.045313035661041647 0.018831873880004703 -0.0023359143561633888 -0.017951646179316119 0.0096562510851138147 -0.0017034393604314654 0.018423545185310738 0.033785113269464803 -0.0066445416814898822 0.035490855999498666 -0.0033533047563897951 0.0024903853972723031 0.047360644008553256 0.01631516496441604 0.002048843700881126 -0.0043691335140774055 -0.015242114990180557 -0.016715640711005397
leaf_weight=56.460023809224367 233.8894415628165 219.44342343136668 230.94811017438769 319.91560934856534 20.166079370304942 20.067740118131045 86.994199573993683 134.53561822511256 12.783220138400791 123.28343496471643 129.35653824917972 42.987844685092568 7.0151958670467165 16.642678746953607 21.498368376865983 33.636889355257154 15.017815664410589 20.666799986734986 23.148409955203533 6.6773863080888978 201.54040387831628 30.652888683602214 14.748188886791466
leaf_count=1953 3140 4546 3948 13249 403 429 763 2772 101 868 2084 646 66 391 264 654 129 163 205 83 4469 1208 304
internal_value=0.000595443 -0.00330237 -0.000343886 -0.00930472 0.00237937 0.0141035 0.0056725 0.00767187 0.00547208 0.00832961 0.00937282 0.00347059 0.0228697 0.00704296 0.0165851 0.0126919 0.01486 0.0250883 0.0323869 0.0354055 0.000720482 0.00443704 0.00699545
internal_weight=2022.08 1144.28 767.902 376.376 548.459 70.5691 877.799 643.909 501.78 367.244 354.461 172.344 50.403 23.6579 142.129 120.631 182.116 58.833 43.8152 26.7451 477.89 276.349 245.696
internal_count=42838 31049 15847 15202 11301 1372 11789 8649 6968 4196 4095 2730 969 457 1681 1417 1365 497 368 512 9929 5460 4252
cat_boundaries=0 1 2
cat_threshold=69274209 273178818
is_linear=0
shrinkage=0.03


Tree=73
num_leaves=24
num_cat=0
split_feature=69 143 67 2 41 2 117 134 74 23 43 28 2 122 132 120 41 13 69 130 67 68 40
split_gain=44.1738 20.4279 11.8307 11.4772 11.9873 11.3924 14.2002 10.7889 12.264 10.2383 12.0947 11.5695 10.7489 11.3383 10.7342 9.84433 9.46883 9.31651 9.94775 9.18007 9.66401 14.5166 11.4903
threshold=0.090160670342038521 1.0000000180025095e-35 0.099636877448653516 35.500000000000007 1.8255000000000001 77.500000000000014 0.17424242424242428 4103.6900000000014 0.10690114848236261 55.95000000000001 0.015015000000000002 10.500000000000002 17.500000000000004 1.0000000180025095e-35 0.72077922077922085 5559.8500000000013 1.8255000000000001 0.24865000000000001 0.40997516467530065 -4300.1349999999993 0.06024145117146202 1.0673131165562533 0.23455000000000001
decision_type=2 2 2 2 2 2 8 2 2 2 2 2 2 2 10 2 2 2 2 2 2 2 2
left_child=2 7 -1 4 17 -5 -7 8 -2 14 11 -11 13 -12 -4 -13 -15 -3 -19 20 -9 -22 -23
right_child=1 3 9 5 -6 6 -8 19 -10 10 12 15 -14 16 -16 -17 -18 18 -20 -21 21 22 -24
leaf_value=-0.0032248581571035712 0.0086680622155455925 -0.0061675235150848856 0.0069910364313720916 -0.0080714790939611144 0.0054680967667851349 -0.0071535511615917124 0.023866544754098752 -0.016662328582135764 -0.013199253613974419 -0.011652576099031619 0.034661819380894514 -0.012208024432033081 0.0025100433966583399 0.044125368278647388 0.020494231876128654 0.043199067877952448 0.0032858541116777551 0.00095388795817946865 0.070936915251303925 -0.013123784265146383 -0.014554297496452479 0.020345270893312888 -0.0016019663035384882
leaf_weight=156.82286878861487 64.290579961612821 2.8957383614033443 420.93941920809448 124.57397919334471 115.74085550755262 24.903038397431374 24.823050996288657 40.926742194220424 33.424742156639695 74.398063907399774 17.790530420839787 3.7009550370275957 356.96370304562151 3.7528915591537944 59.665455304086208 5.0251606088131666 49.720275871455669 2.588114008307457 4.7113687209784985 289.57330232858658 41.333403935655951 32.022547410801053 57.474315330386162
leaf_count=2295 2195 91 2932 2819 2395 594 552 2066 1230 1335 232 44 5808 50 405 63 634 38 83 11789 1301 1324 2319
internal_value=0.000554436 -0.0045843 0.00439947 0.00172106 0.0085518 -0.00325535 0.00865562 -0.00796466 0.00107336 0.0056089 0.00263841 -0.00771051 0.00467377 0.0151476 0.0087454 0.021805 0.00763962 0.0369215 0.0516653 -0.00987539 -0.00431076 -0.000254198 0.00652396
internal_weight=2008.06 859.282 1148.78 300.236 125.936 174.3 49.7261 559.046 97.7153 991.956 511.352 83.1242 428.227 71.2637 480.605 8.72612 53.4732 10.1952 7.29948 461.33 171.757 130.83 89.4969
internal_count=42594 28796 13798 6572 2607 3965 1146 22224 3425 11503 8166 1442 6724 916 3337 107 684 212 121 18799 7010 4944 3643
is_linear=0
shrinkage=0.03


Tree=74
num_leaves=24
num_cat=2
split_feature=13 143 128 7 116 125 13 26 29 43 88 26 41 71 105 46 26 7 2 16 1 88 48
split_gain=35.5859 14.225 21.2581 14.2225 12.3833 12.2346 11.7188 11.4194 11.1016 10.8739 12.5995 11.7702 10.8075 10.6807 10.8706 10.6 14.7205 11.3204 10.3916 12.9413 10.2415 10.0322 12.4936
threshold=0.30445000000000005 1.0000000180025095e-35 -44081.999999999993 0.21450000000000002 0.17445652173913045 36790.035000000011 0.071250000000000022 1.0171500000000002 0.14185000000000003 0.10657000000000001 0 0.030750000000000003 1.6235000000000002 10.500000000000002 128.50000000000003 1.1555000000000002 0.28315000000000007 0.085500000000000007 35.500000000000007 1.5000000000000002 13.950000000000001 1 1.4125000000000003
decision_type=2 2 2 8 10 2 2 2 2 2 1 2 2 2 8 2 2 10 2 2 10 1 2
left_child=6 3 4 13 -3 -6 -1 9 -8 10 20 -12 -13 14 -2 -16 -17 -18 -5 -20 -4 22 -10
right_child=1 2 7 18 5 -7 8 -9 21 -11 11 12 -14 -15 15 16 17 -19 19 -21 -22 -23 -24
leaf_value=-0.01490696301798336 -0.013534204720987592 0.006090282927630003 -0.0057156613421175412 0.0093502531646443791 0.067732432142245808 0.0027773279202598531 -0.01025013577337513 0.028658296483863661 0.0037199040672412213 0.020701204687985864 0.036101057229660942 0.030147395095610725 0.0043007991645867385 0.013360323440517382 -0.0071044658849105987 -0.010827651691050251 0.054069015287796937 0.010716556978617122 -0.003536687445803923 0.016813627539365539 0.018423875162861546 -0.0038142869977318633 0.034109917585221292
leaf_weight=110.59743275865912 116.43452249094844 9.8193274568766373 175.91601272672415 161.21594204381108 8.5691692270338518 3.7000985275953999 163.84307743422687 15.443915285170077 63.842381455004215 31.536070441827178 9.4430423937737924 13.146766396239398 435.73722513578832 24.961920475587249 126.09940111450851 24.252969935536385 4.6465387213975182 39.570490840822458 192.66132854297757 30.875934798270464 15.414568867534397 212.81686036475003 13.235283324494956
leaf_count=5652 2611 117 1786 2194 95 40 5347 79 2478 292 165 128 4430 211 2875 702 89 761 3227 233 149 8409 494
internal_value=0.00014152 0.00264484 0.00562507 -0.000334502 0.0333639 0.0512785 -0.00623046 0.00465255 -0.00405945 0.004026 0.00315549 0.00567115 0.00518815 -0.00482939 -0.00636538 -0.00198134 0.00738763 0.0174149 0.0035951 -0.000601641 -0.00318812 -0.000514325 0.00734645
internal_weight=2003.78 1439.45 718.726 720.719 22.0886 12.2693 564.335 696.638 453.738 681.194 649.658 458.327 448.884 335.966 311.004 194.569 68.47 44.217 384.753 223.537 191.331 289.895 77.0777
internal_count=42564 20184 7281 12903 252 135 22380 7029 16728 6950 6658 4723 4558 7249 7038 4427 1552 850 5654 3460 1935 11381 2972
cat_boundaries=0 1 2
cat_threshold=338182218 622858316
is_linear=0
shrinkage=0.03


Tree=75
num_leaves=24
num_cat=2
split_feature=143 69 47 14 33 1 88 88 74 61 78 29 1 45 69 73 42 44 61 71 141 22 1
split_gain=30.3886 22.3096 16.4055 16.2289 14.6623 14.1457 20.953 14.0164 14.6445 14.3416 14.9974 14.3965 13.6899 20.5246 13.5979 11.4835 14.2793 12.8299 11.2359 11.083 11.0117 10.97 9.98903
threshold=1.0000000180025095e-35 0.25815859702630578 33.085000000000008 4.5000000000000009 23283.910000000003 6.9500000000000011 0 1 0.10510033444816054 180.50000000000003 0.2902550000000001 0.25945000000000007 2.2500000000000004 0.14365000000000003 -0.48651498938726817 0.96275862068965534 0.046150000000000004 0.079815000000000011 290.50000000000006 10.500000000000002 3166.2650000000008 589.50000000000011 6.2500000000000009
decision_type=2 2 2 2 2 8 1 1 2 2 2 2 10 2 2 2 2 2 2 2 2 8 10
left_child=1 7 12 5 -4 6 -2 -1 9 11 18 19 13 -3 -10 17 20 -8 -11 -9 -17 -14 -21
right_child=3 2 4 -5 -6 -7 15 8 14 10 -12 -13 21 -15 -16 16 -18 -19 -20 22 -22 -23 -24
leaf_value=-0.006443056666526459 0.0085144707916701562 -0.00069730699467981429 9.1818898926198934e-05 0.017746996306771321 -0.013732618210966521 0.0078374637220160713 -0.013201233496790714 0.0051473066010277327 0.030630791606708212 0.06825984746205703 -0.0059966360590905394 -0.015272070673280281 0.04096925823896496 0.070930576805399687 -0.0063857567988941846 0.0089702268922346676 -0.0042517316971654217 0.0023051898114853637 -0.00074430777938199269 0.039489512130324721 0.048667760605849139 -0.005662915266303822 0.0022764817930663846
leaf_weight=177.3843501303345 142.71149731241167 7.9949065279215557 88.871259156614542 70.373255154117942 307.14176717959344 316.24144400656223 156.44736878015101 256.53947583958507 7.5007456019520751 7.1238540057092887 5.4036196097731581 26.473819216713309 2.98362205736339 4.4934319239109755 154.94251849502325 34.886259865015745 85.956991281360388 68.1445955876261 2.712265569716692 15.044501898810269 6.0880049224942914 49.316051617264748 10.902304308488963
leaf_count=3113 1947 328 3432 369 13527 4424 2277 4049 153 112 76 884 61 170 2827 604 996 1002 39 89 112 2088 73
internal_value=-4.00558e-05 -0.00330535 -0.00836168 0.00412771 -0.0106453 0.00290438 -0.000270974 0.000218048 0.0028465 0.00666238 0.0333467 0.00514014 0.00549785 0.0313089 -0.00432478 -0.00417272 0.00271876 -0.00851753 0.0523217 0.00714703 0.016859 -0.0015916 0.0251353
internal_weight=2005.68 1124.83 460.801 880.849 396.013 810.476 494.235 664.027 486.643 324.2 15.2397 308.96 64.788 12.4883 162.443 351.523 126.931 224.592 9.83612 282.486 40.9743 52.2997 25.9468
internal_count=42752 31021 19606 11731 16959 11362 6938 11415 8302 5322 227 5095 2647 498 2980 4991 1712 3279 151 4211 716 2149 162
cat_boundaries=0 1 2
cat_threshold=67605536 202080800
is_linear=0
shrinkage=0.03


Tree=76
num_leaves=24
num_cat=2
split_feature=10 143 117 88 7 88 47 106 33 46 22 130 43 116 74 47 9 29 134 121 34 74 47
split_gain=34.6096 13.7834 13.5266 12.4152 12.2416 12.8763 12.4801 18.8327 12.833 14.1364 11.9917 12.5455 11.8149 11.7393 19.2657 12.2834 11.6579 13.7295 11.5979 16.3211 11.2808 11.265 12.6958
threshold=0.41525000000000006 2.5000000000000004 0.27922077922077926 0 0.18250000000000002 1 24.525000000000002 9.5000000000000018 58217.000000000007 0.74950000000000017 731.50000000000011 -373.53999999999962 0.012205000000000002 0.23431372549019611 0.13568660022148396 119.43500000000002 213450.00000000003 0.5585500000000001 35918.220000000008 11254.060000000003 924.83000000000004 0.10192095080154782 73.205000000000013
decision_type=2 2 10 1 8 1 2 8 2 2 8 2 2 10 2 2 2 2 2 2 2 2 2
left_child=3 4 -3 10 6 -6 7 -2 9 -9 11 12 -1 14 15 -14 -5 18 19 -18 -4 22 -7
right_child=1 2 20 16 5 21 -8 8 -10 -11 -12 -13 13 -15 -16 -17 17 -19 -20 -21 -22 -23 -24
leaf_value=-0.0098016476417302992 -0.0070670243219820555 0.0040472033462512986 0.0082740016371025665 -0.011849920341249195 -0.0030153982622432678 0.014420150965324379 -0.0042011596423976181 -0.0018363468414768576 -0.004087827563007137 0.072002697378990885 -0.0067216342814493965 -0.0036228470248941334 0.074577195166089669 0.0027077831124138296 -0.0071774879750169281 0.0046420168626452049 0.011765388779834457 -0.018035610525469623 -0.0023710822888558586 0.076625166847076362 0.029821072259969283 6.9170830850775309e-05 0.0028651565650719586
leaf_weight=6.6283582709729663 16.44108748622239 228.12122573703527 53.398263484239578 315.112189931795 198.50162786431611 186.51129484735429 424.59729469195008 2.9987685456871969 4.500214433297514 7.1732721850275993 59.221337201073766 25.56710802949965 10.239613270387059 8.7769266217946988 4.4127260707318774 3.1132493354380122 17.055827196687463 19.506022691726685 26.519684892147779 2.7608037572354069 37.867225348949432 190.29111438989639 158.96115645579994
leaf_count=265 284 1921 422 13947 2615 2301 8047 58 88 126 2643 1002 376 347 179 121 726 987 1128 119 306 2683 2051
internal_value=0.000245321 0.00251011 0.00802334 -0.006589 0.00101939 0.00341299 -0.00283537 0.0149313 0.0374724 0.0535096 0.00223328 0.0121052 0.0237445 0.0322216 0.0450533 0.0610005 -0.00888397 0.0019678 0.0107864 0.0269976 0.0176619 0.0056735 0.00915048
internal_weight=2008.28 1509.36 319.387 498.914 1189.98 734.265 455.711 31.1133 14.6723 10.172 117.959 58.738 33.1709 26.5425 17.7656 13.3529 380.955 65.8423 46.3363 19.8166 91.2655 535.764 345.472
internal_count=42742 20902 2649 21840 18253 9650 8603 556 272 184 4933 2290 1288 1023 676 497 16907 2960 1973 845 728 7035 4352
cat_boundaries=0 1 2
cat_threshold=662831108 201785986
is_linear=0
shrinkage=0.03


Tree=77
num_leaves=24
num_cat=1
split_feature=13 88 125 2 34 135 7 26 0 44 7 61 67 6 39 41 22 22 25 39 37 60 19
split_gain=31.6888 15.7494 14.3343 15.0703 14.2788 14.0662 13.5652 10.9928 10.7789 10.237 10.193 17.6284 14.7519 14.7034 11.5467 10.0322 9.90191 9.80979 9.72938 9.69238 10.6184 9.45457 11.5671
threshold=0.41865000000000008 0 3892.1200000000003 25.500000000000004 143.03500000000005 721.84500000000014 0.092500000000000013 0.88975000000000015 75.500000000000014 0.10610000000000001 0.34850000000000003 162.50000000000003 0.44081094633671586 0.84150000000000003 0.18935000000000005 2.2335000000000007 575.50000000000011 526.50000000000011 -374.99999999999994 0.16695000000000002 12.500000000000002 0.81475000000000009 2.5000000000000004
decision_type=2 1 2 2 2 2 8 2 2 2 10 2 2 8 2 2 10 10 2 2 2 2 2
left_child=4 8 7 6 5 -1 -4 16 9 -2 -6 12 15 -13 -15 -12 -3 -11 -18 20 -8 -5 -23
right_child=1 2 3 21 10 -7 19 -9 -10 17 11 13 -14 14 -16 -17 18 -19 -20 -21 -22 22 -24
leaf_value=0.0051210650584661444 -0.0068644402486493549 0.0054079917324366782 -0.014654608693563735 0.013578663261776449 -0.006159075512113356 0.052332756023739345 0.02335640370077105 0.017608359838378142 0.033786558501013475 0.029960113810643674 -0.017318509244757471 -0.0061272147478688135 0.036456205925470914 0.087140938227255077 0.003624324511181649 0.0021549052054901856 -0.015173378480304447 -0.0003375886310594871 -0.00021297759974953407 0.035709524728379675 -0.00637965713615173 0.02073408213060815 -0.0016973621892133028
leaf_weight=37.94296008348465 210.34758340381086 207.32206527888775 7.6528266333043566 98.456288753077388 774.00128335319459 4.8051065076142541 32.623486673459411 35.967410285025835 4.9461038410663596 11.801818411797283 31.169104846194386 3.900156952440736 7.023841166868805 3.3026250042021283 2.32302519492805 83.121251475065947 49.16269732452929 31.58371396549046 166.51722569204867 35.867678482085466 14.662875238806008 22.433965345844626 133.52779995277524
leaf_count=1029 2243 1544 104 1053 27239 127 289 197 53 75 840 96 82 73 57 2195 571 366 2319 330 132 192 1547
internal_value=-5.85661e-05 0.00349464 0.0054646 0.0102348 -0.00404303 0.0125297 0.0206144 0.00214408 -0.00287314 -0.00412727 -0.00485189 0.00285724 -0.000503074 0.0383133 0.0626496 -0.00336237 0.000752492 0.00886112 -0.00373117 0.0241282 0.0142509 0.00639829 0.00175091
internal_weight=2010.46 1062.87 804.194 345.225 947.589 42.7481 90.8069 458.969 258.679 253.733 904.841 130.84 121.314 9.52581 5.62565 114.29 423.002 43.3855 215.68 83.154 47.2864 254.418 155.962
internal_count=42753 11015 8278 3647 31738 1156 855 4631 2737 2684 30582 3343 3117 226 130 3035 4434 441 2890 751 421 2792 1739
cat_boundaries=0 1
cat_threshold=134826560
is_linear=0
shrinkage=0.03


Tree=78
num_leaves=24
num_cat=2
split_feature=143 24 6 50 88 60 6 7 107 68 13 74 88 48 22 6 67 78 39 60 6 11 68
split_gain=26.6158 20.2714 12.5645 14.0768 12.5459 18.6491 14.5557 14.2577 16.2704 13.2712 12.0227 11.6195 11.7398 11.4175 11.2656 15.8931 12.2164 11.6232 13.4514 12.9209 14.4852 11.2374 10.949
threshold=1.0000000180025095e-35 1865.0000000000002 0.72650000000000003 2.5000000000000004 0 0.65055000000000007 0.70950000000000013 0.44550000000000006 67.500000000000014 0.082416311308706455 0.14455000000000004 0.091115552325581398 1 0.73650000000000004 603.50000000000011 0.98350000000000015 0.18247998530253465 0.29206500000000007 0.22115000000000004 0.72915000000000008 0.98550000000000015 217375.00000000003 1.1319012749782227
decision_type=2 2 10 2 1 2 8 10 10 2 2 2 1 2 10 8 2 2 2 2 8 2 2
left_child=1 2 -1 -4 5 13 -7 8 -6 -8 -3 12 14 -2 15 22 -17 18 -16 -20 -21 -13 -12
right_child=4 10 3 -5 7 6 9 -9 -10 -11 11 21 -14 -15 17 16 -18 -19 19 20 -22 -23 -24
leaf_value=-0.0083278156170973529 -0.01426894083811526 -0.012705004728127243 0.0015117955636677724 0.015994720001635147 -0.0016359788419170488 0.038536664731567825 0.016374757453197799 0.01378632156918211 0.014045626394837077 0.00021838043059804627 -0.0054405870317232648 -0.0094062992182423148 -0.0033102986564608589 0.041089976744678264 0.0011571377903456654 0.00033196315107785227 0.074765688886175505 -0.015504575272014173 -0.017001484532758869 0.066026610683979428 -0.010016332465491412 0.024798293236291739 0.034853123838165551
leaf_weight=62.695724990218878 2.8739278428256538 153.97417983412743 179.74054050631821 89.337766844779253 499.8822289891541 11.07784118503332 67.508479608222842 77.611317686736584 65.56380220875144 134.07440341264009 15.945899842306977 249.79524170048535 271.88547373004258 22.543256191536784 40.401222724467516 2.7238871455192548 5.4919630214571953 20.877059068530798 2.3713478837162247 7.2789745423942778 2.3494147695600995 7.0766275227069846 7.3866464309394351
leaf_count=706 52 8214 2198 1023 7385 123 478 661 562 2170 237 7954 7810 277 1296 65 74 690 72 241 75 173 177
internal_value=0.000449 -0.00261935 0.00358597 0.00640286 0.00434392 0.00984923 0.00778846 0.00182888 0.000225409 0.00573673 -0.00523592 -0.00338651 -2.38517e-05 0.0342463 0.0074368 0.0235847 0.0549842 0.00251255 0.00999686 0.0353417 0.0489401 -0.00827968 0.00906019
internal_weight=2000.47 1119.33 331.774 269.078 881.135 238.078 212.661 643.057 565.446 201.583 787.558 633.584 376.712 25.4172 104.826 31.5484 8.21585 73.278 52.401 11.9997 9.62839 256.872 23.3325
internal_count=42713 31005 3927 3221 11708 3100 2771 8608 7947 2648 27078 18864 10737 329 2927 553 139 2374 1684 388 316 8127 414
cat_boundaries=0 1 2
cat_threshold=573707268 1842308
is_linear=0
shrinkage=0.03


Tree=79
num_leaves=24
num_cat=2
split_feature=67 88 22 1 7 24 39 27 123 88 42 48 42 106 135 134 135 28 9 7 32 6 51
split_gain=30.3041 14.2812 15.2621 14.9432 13.6868 12.6341 12.951 11.663 10.7762 10.203 16.7258 15.7721 13.8321 10.0379 16.4395 9.83146 9.62169 9.51095 9.31319 9.14194 11.0319 9.12519 13.1839
threshold=0.15671157252994397 0 622.50000000000011 3.2500000000000004 0.31850000000000006 1865.0000000000002 0.080650000000000013 2.5000000000000004 4175.0650000000005 1 0.61985000000000012 1.0165000000000002 0.8670500000000001 10.500000000000002 74.420000000000016 2489.6250000000005 2366.6300000000006 18.500000000000004 165850.00000000003 0.21250000000000002 49.500000000000007 0.77750000000000019 0.057150000000000006
decision_type=2 1 10 8 10 2 2 2 2 1 2 2 2 8 2 2 2 2 2 8 2 8 2
left_child=5 2 13 -4 9 8 -7 -5 15 10 17 16 -13 -2 -15 19 -12 -3 -16 -1 -21 22 -6
right_child=1 4 3 7 21 6 -8 -9 -10 -11 11 12 -14 14 18 -17 -18 -19 -20 20 -22 -23 -24
leaf_value=-0.0060384491817509576 0.0076857038073471851 -0.0018278665942733985 -0.014031719859941191 0.0046677444901829851 0.051514897181625892 0.0023480737887993726 -0.0089909365021514573 0.046700066952367988 0.0095543475641688622 -0.0039832488411402868 -0.020755088576548442 0.04690874084114275 0.0080289773911842461 0.0049025232024171791 0.036876915894981058 -0.0110687399092408 0.017446346327713858 0.02938292619725591 0.00030881532191472539 0.05822722588946988 0.0024324774930386543 0.0044115738232818162 0.0098841940544201513
leaf_weight=13.443894349038603 100.87879513017833 189.11985271424055 38.983749609440565 110.29650767147541 7.3906183987855902 112.05967271886766 457.15592557191849 4.3346084523946038 90.237188063561916 420.6902462542057 10.549117891117932 17.906762139871716 15.730190278962253 33.350019345059991 45.087764652445912 64.572112768888474 9.294506458565591 7.2111720219254485 7.2697725985199204 4.0489169396460039 7.135767113417387 206.12759487703443 30.636336572468281
leaf_count=197 992 3570 854 2406 72 4324 17131 49 946 7246 149 226 171 312 435 668 111 72 82 43 65 2311 342
internal_value=0.000193815 0.00304215 0.00802895 0.00157392 0.000929538 -0.00457581 -0.00675826 0.0070307 0.00234556 -0.00126276 0.00337434 0.0182541 0.0301978 0.0143346 0.0218068 -0.00499659 -0.00290291 -0.000396763 0.0319977 0.0105592 0.0283992 0.00700581 0.0201449
internal_weight=2003.51 1254.86 340.201 153.615 914.656 748.653 569.216 114.631 179.438 670.502 249.812 53.4806 33.637 186.586 85.7076 89.2007 19.8436 196.331 52.3575 24.6286 11.1847 244.155 38.027
internal_count=42774 19400 5130 3309 14270 23374 21455 2455 1919 11545 4299 657 397 1821 829 973 260 3642 517 305 108 2725 414
cat_boundaries=0 1 2
cat_threshold=840041732 19705872
is_linear=0
shrinkage=0.03


Tree=80
num_leaves=24
num_cat=2
split_feature=25 88 43 88 1 120 32 47 67 43 11 33 48 34 3 19 7 99 2 61 1 41 125
split_gain=25.4945 12.5883 11.7339 11.2979 11.1358 10.9244 10.968 11.652 15.979 11.2981 10.6809 10.8532 12.9481 11.6997 11.5609 10.5911 10.2176 10.2008 10.8126 10.1952 10.3743 10.1131 10.9267
threshold=75.000000000000014 0 0.068615000000000023 1 14.350000000000003 12172.720000000003 86.500000000000014 51.035000000000004 0.16928612052687855 0.014575000000000001 77765.000000000015 119992.99000000001 0.72750000000000015 1045.9150000000002 1.0000000180025095e-35 13.500000000000002 0.39450000000000007 28570.700000000001 11.500000000000002 67.500000000000014 3.3500000000000001 2.1175000000000002 8414.2550000000028
decision_type=2 1 2 1 10 2 2 2 2 2 2 2 2 2 2 2 10 2 2 2 10 2 2
left_child=1 19 3 4 -2 6 9 -8 -9 -3 15 12 -12 -14 21 -5 -11 18 -7 -1 -21 22 -15
right_child=2 5 -4 10 -6 17 7 8 -10 16 11 -13 13 14 -16 -17 -18 -19 -20 20 -22 -23 -24
leaf_value=-0.0055829526515688756 0.00024486421799221718 -0.010063925442531782 0.0045095425482726001 -0.0030848351565976326 0.028418243753318036 0.033621254440680433 -0.007020169464694667 -0.0055887372792938657 0.048435290713674438 0.0010892323494484362 -0.015588949973055032 -0.0071063750369888207 -0.0037700600069800966 0.070650713963639325 0.044624826248647088 -0.01169970432922309 0.012141758773584829 -0.017641892118943014 0.010379108633042988 -0.0095094082170451913 0.015175998613357286 -0.002585188259429997 -0.008203246242340749
leaf_weight=193.10618833824992 194.94364718534052 57.587662376463413 157.00223517604172 217.80051770806313 11.503847846761344 18.471933890134096 8.9779630433768052 6.5936786942183998 13.871307631954549 290.64751562289894 12.603572791442273 66.006899544969201 16.835831880569458 2.1239940691739347 14.724319364875553 317.69494272768497 99.811846878379583 8.8049115184694511 201.26170808263123 20.487185904756188 48.02069872058928 16.04101874679327 1.9592267554253338
leaf_count=2178 6212 722 4293 5617 342 168 94 72 133 3142 268 1696 311 48 296 12540 922 99 2324 218 496 320 45
internal_value=0.000284899 0.0037769 -0.00299907 -0.00435784 0.00185044 0.00573816 0.00333456 0.02047 0.0320812 0.00212256 -0.00612273 0.00133502 0.00995503 0.0165328 0.0260136 -0.00822032 0.00396203 0.0113098 0.0126186 -0.00188485 0.00773352 0.00959333 0.0425572
internal_weight=1996.88 967.643 1029.24 872.238 206.447 706.029 477.49 29.4429 20.465 448.047 665.79 130.295 64.288 51.6844 34.8486 535.495 390.459 228.539 219.734 261.614 68.5079 20.1242 4.08322
internal_count=42556 10568 31988 27695 6554 7676 5085 299 205 4786 21141 2984 1288 1020 709 18157 4064 2591 2492 2892 714 413 93
cat_boundaries=0 1 2
cat_threshold=218956290 585109640
is_linear=0
shrinkage=0.03


Tree=81
num_leaves=24
num_cat=1
split_feature=143 26 134 0 118 145 43 11 118 9 88 48 121 40 131 108 123 29 29 11 43 18 137
split_gain=33.6879 22.9526 13.1316 15.4624 14.1809 13.1305 13.6135 13.3504 13.5027 12.4184 12.1489 12.9903 11.8117 11.3627 10.9792 15.696 11.647 10.7555 10.7119 10.6849 10.4724 9.94791 10.2503
threshold=1.0000000180025095e-35 0.32225000000000004 3956.0000000000005 46.500000000000007 0.27888888888888896 1.0000000180025095e-35 0.037005000000000003 17255.000000000004 0.18465909090909094 16050.000000000002 0 0.61650000000000016 582.06000000000006 0.21275000000000002 0.35067567567567576 2.5000000000000004 4455.9800000000005 0.048950000000000007 0.29915000000000008 12495.000000000002 0.012205000000000002 28.500000000000004 1.6641978363987964
decision_type=2 2 2 2 10 2 2 2 8 2 1 2 2 2 10 10 2 2 2 2 2 2 10
left_child=1 2 3 -1 -5 7 21 13 -9 -6 -3 -12 17 20 19 16 -16 -8 -13 -14 -2 -7 -23
right_child=5 10 -4 4 9 6 12 8 -10 -11 11 18 14 -15 15 -17 -18 -19 -20 -21 -22 22 -24
leaf_value=-0.0081759938495175721 -0.021240642861114597 -0.0056202063701265266 -0.010924212592059366 0.0047185420181324851 -0.0048757350334464348 -0.0096181391697529751 0.010183512598386842 0.0055343896654597253 0.017254572460478859 0.067381396663443699 -0.013881723327922207 0.0058625181743839558 0.034230610756964805 -0.0063082304290961854 0.034517641185538822 0.043856108608245507 -0.017630161432235465 -0.0070066509586746446 -0.0097452884101639266 -0.00253213431917582 0.018636202601627599 -0.0022723466016497718 0.025035184859055253
leaf_weight=45.995899075642228 5.3402250800281754 193.5034490339458 358.58169340342283 22.158350776880983 2.6226392239332181 132.77764156833291 56.089437760412693 197.33887845091522 162.71021430566907 5.6148760206997395 36.156146014109254 406.25142636708915 6.8776380419731131 88.792015183717012 4.0508473534137037 19.296025792136788 8.6305385380983335 73.126723473891616 42.014310084283352 34.702411079779267 34.688949313014746 46.87281958758831 14.672779275104402
leaf_count=1617 108 3820 15092 750 75 2435 435 2437 1919 199 784 6942 95 1343 51 206 123 1138 1687 379 512 409 124
internal_value=0.000305094 -0.00316749 -0.00852896 0.00270615 0.0186615 0.00466445 0.000605274 0.00794572 0.0108969 0.0479181 0.000287533 0.00280547 0.00601407 -0.000343258 0.0154367 0.0281188 0.00146055 0.000496645 0.00436287 0.00484055 0.0125587 -0.0050425 0.00482095
internal_weight=1998.87 1112.9 434.973 76.3918 30.3959 885.967 397.097 488.87 360.049 8.23752 677.925 484.422 202.774 128.821 73.5575 31.9774 12.6814 129.216 448.266 41.58 40.0292 194.323 61.5456
internal_count=42680 30966 17733 2641 1024 11714 5395 6319 4356 274 13233 9413 2427 1963 854 380 174 1573 8629 474 620 2968 533
cat_boundaries=0 1
cat_threshold=67177314
is_linear=0
shrinkage=0.03


Tree=82
num_leaves=24
num_cat=0
split_feature=23 143 105 25 46 107 29 132 41 7 5 70 105 121 73 10 26 74 13 33 40 124 108
split_gain=25.4203 15.7947 11.9742 22.7985 14.8169 12.9138 11.1588 10.362 10.3846 10.0666 11.4782 11.0232 9.61801 14.9404 16.9998 11.8564 9.21673 8.70709 9.77225 9.48252 9.39002 8.36583 9.60183
threshold=77.950000000000017 2.5000000000000004 133.50000000000003 2125.0000000000005 0.64550000000000007 26.500000000000004 0.5091500000000001 0.31666666666666671 2.4785000000000008 0.18150000000000002 21150.000000000004 14.583333333333334 61.500000000000007 105.78500000000001 0.80336134453781527 0.69045000000000012 0.62965000000000015 0.1011082458402407 0.19015000000000001 92026.135000000009 0.66175000000000017 8198.2900000000027 27.500000000000004
decision_type=2 2 10 2 2 8 2 10 2 8 2 2 8 2 2 2 2 2 2 2 2 2 10
left_child=1 6 5 4 -4 7 9 -2 -9 -1 16 12 13 14 15 -12 -11 18 19 -14 -20 22 -19
right_child=2 -3 3 -5 -6 -7 -8 8 -10 10 11 -13 17 -15 -16 -17 -18 21 20 -21 -22 -23 -24
leaf_value=-0.0028808958437137478 -0.0078028112288531142 0.0078570012600605432 -0.016134802468206946 -0.0045730561060195567 0.058849772483007295 -0.008239937318632885 -0.023804381712326649 0.0011883935360810828 0.077337114783956773 0.050023953250933589 0.065136174147130424 -0.023240337068148469 0.045226934524919882 0.0030631668586654764 0.0032642951865042374 0.020591384880262145 -0.0032101993182227107 -0.0076143298451854351 0.0020809109681038003 -0.015502165844603325 0.036256452777143504 0.013154650531273094 0.028406726685570614
leaf_weight=450.72299880348146 4.5679571684449893 311.6001362837851 2.129798535257577 30.093261635862291 8.3256830964237434 435.23436746653169 15.048044700175522 2.729400422424078 2.1732445750385523 6.1864850092679244 8.2759536076337117 12.911961534991859 7.0740283615887147 112.84758133254945 22.986362684518099 17.783970410004258 4.20062605291605 170.13797714374959 339.04564128816128 1.9873928148299453 5.4066667594015589 20.579963620752096 4.9932353720068923
leaf_count=9278 189 2616 64 1361 237 18173 584 110 90 82 223 136 255 1527 314 173 39 2489 4274 71 61 323 59
internal_value=-5.63284e-05 0.00186208 -0.00601617 0.00926623 0.0434371 -0.00744488 0.000295161 0.024159 0.0475712 0.000640748 0.00280399 0.00230746 0.00283522 0.00921374 0.0226907 0.038372 0.0314533 0.000928429 0.00373207 0.0315129 0.00282355 -0.00412232 -0.00627817
internal_weight=1997.04 1511.79 485.254 40.5487 10.4555 444.705 1200.19 9.4706 4.90264 1185.14 734.418 724.031 711.119 161.894 49.0463 26.0599 10.3871 549.225 353.514 9.06142 344.452 195.711 175.131
internal_count=42728 22504 20224 1662 301 18562 19888 389 200 19304 10026 9905 9769 2237 710 396 121 7532 4661 326 4335 2871 2548
is_linear=0
shrinkage=0.03


Tree=83
num_leaves=24
num_cat=2
split_feature=27 88 22 88 13 1 112 125 137 128 30 29 34 22 133 48 34 47 30 105 47 30 10
split_gain=26.3868 17.2701 17.6697 14.5877 14.2184 11.1468 10.8295 12.5777 15.9309 11.0025 10.3462 15.8005 10.0092 10.2201 11.4809 9.15546 9.09884 9.82198 9.79471 9.0676 11.3678 8.96753 8.79277
threshold=1.0000000180025095e-35 0 624.50000000000011 1 0.085050000000000014 8.1500000000000004 21.500000000000004 4310.2900000000009 1.5512606363991976 -11151.544999999998 0.56335000000000013 0.085750000000000007 899.11500000000012 609.50000000000011 0.51190476190476197 0.96850000000000003 1339.2800000000002 99.395000000000024 0.95390000000000008 56.500000000000007 22.285000000000004 0.44375000000000003 1.1099000000000003
decision_type=2 1 8 1 2 10 2 2 10 2 8 2 2 8 8 2 2 2 8 8 2 10 2
left_child=1 2 22 10 -3 -6 -5 15 9 -9 11 -2 13 14 -12 -8 17 18 -14 -4 21 -21 -1
right_child=3 4 19 6 5 -7 7 8 -10 -11 12 -13 16 -15 -16 -17 -18 -19 -20 20 -22 -23 -24
leaf_value=0.015950618060668133 -0.0076925024152206022 -0.017466539089726171 -0.013539955358538294 -4.4628503709296848e-05 -0.0062738322713315033 0.0020130594733485919 0.017007904219237851 0.0076596508432079996 -0.0098772551908536659 0.058293055360322116 0.016292258410024074 0.074953133236878786 0.0026710810787820317 -0.0068454892183949312 -0.020814973245171658 -0.012906458522455758 0.0089574732886047621 0.0038327911411718259 0.04543029487627083 0.045235668740143883 -0.00061206651530881426 -0.015306564199591755 -0.014913761430721467
leaf_weight=92.119091687723994 2.8466709237545729 78.11182361189276 44.744054641574621 565.677480423823 567.65650791861117 195.37710596621037 15.287296645343302 6.418242242187266 6.2243209592998019 11.215858787298203 52.060932530090213 3.3681192230433226 6.3971934448927641 48.918504919856787 6.9601224418729535 17.714547365903854 67.996372020803392 12.227885996922849 21.449735026806596 6.6426785960793477 153.42182847857475 1.8455124180763958 7.5556097850203505
leaf_count=1219 46 4332 1494 7657 14220 4711 205 86 84 149 396 85 75 893 61 232 979 159 264 219 5013 49 43
internal_value=-0.000183091 -0.00314324 0.00288845 0.00383572 -0.00527086 -0.00415223 0.0011822 0.0134762 0.0291449 0.0425216 0.00995108 0.0444411 0.00970131 0.00314453 0.0113775 0.00113067 0.016074 0.027149 0.0364446 -0.00189762 0.00144572 0.0316638 0.0133637
internal_weight=1992.24 1147.47 306.329 844.763 841.145 763.034 622.538 56.8603 23.8584 17.6341 222.226 6.21479 216.011 107.94 59.0211 33.0018 108.071 40.0748 27.8469 206.654 161.91 8.48819 99.6747
internal_count=42671 31300 8037 11371 23263 18931 8413 756 319 235 2958 131 2827 1350 457 437 1477 498 339 6775 5281 268 1262
cat_boundaries=0 1 2
cat_threshold=575931404 44179748
is_linear=0
shrinkage=0.03


Tree=84
num_leaves=24
num_cat=1
split_feature=13 143 145 88 43 39 7 134 138 110 37 46 146 39 42 108 72 108 22 71 99 10 2
split_gain=23.4655 20.3198 15.1279 14.3071 14.121 13.3966 11.9123 11.6516 11.3846 11.2877 9.74066 11.4453 10.8621 13.5361 12.4502 9.94833 9.72043 11.4206 14.0377 11.093 9.42501 9.88702 9.22674
threshold=0.094750000000000015 1.5000000000000002 1.0000000180025095e-35 0 0.049595000000000007 0.10525000000000002 0.27850000000000008 9265.7000000000025 1785.325 4.5000000000000009 2.5000000000000004 1.2675000000000003 0.80000000000000016 0.10525000000000002 0.21035000000000001 20.500000000000004 0.69047619047619058 22.500000000000004 633.50000000000011 4.5000000000000009 1177.2700000000002 0.53185000000000016 32.500000000000007
decision_type=2 2 2 1 2 2 8 2 2 2 2 2 2 2 2 10 2 8 10 2 2 2 2
left_child=22 3 -3 -2 5 7 9 -4 -7 10 11 -5 15 -14 -15 -12 17 18 19 -8 21 -16 -1
right_child=1 2 4 6 -6 8 16 -9 -10 -11 12 -13 13 14 20 -17 -18 -19 -20 -21 -22 -23 -24
leaf_value=-0.0013035562038609041 -0.0064308486897119163 0.0096332075725966224 -0.0071863183070452301 0.00081443928409841041 0.0089385193801067696 -0.010226328118907843 0.038985416196874956 0.020226273121735226 0.02933297678523613 0.050415328935527942 -0.0035400814897446342 0.027749680768462546 -0.016928346316405635 -0.0048507009145859021 0.0010071975833171455 -0.018067514206096032 0.0095685284595604971 -0.0067432948155290188 -0.0063506276062990242 -0.0041481385598246372 -0.0038999569293177499 0.057233397844710987 -0.018408664315515185
leaf_weight=44.082187379710376 324.01314802840352 337.60119128972292 23.045802935957909 53.552794231101871 114.02623458951712 148.70003193244338 16.148316359147433 30.497781930491328 4.9465846549719563 1.6890530455857504 406.53323849849403 17.383380468934774 9.8942070771008712 10.403415495529773 3.6996214501559761 45.643731890246272 192.09554226882756 93.545379316434264 20.612483412027359 7.1121743060648432 4.1872398480772963 10.818663254380224 79.361574591137469
leaf_count=2339 7922 3486 282 1522 1232 1922 205 389 50 46 10979 455 258 331 145 1172 2622 2058 602 56 91 156 4402
internal_value=0.000144007 0.00098292 0.00521858 -0.00131421 0.00054787 -0.0041112 0.000711552 0.00859365 -0.00859218 -0.00191617 -0.0022516 0.00799503 -0.00375784 0.0110663 0.0210583 -0.00507962 0.00524574 -0.000847614 0.011469 0.0265126 0.0345447 0.0447623 -0.0124185
internal_weight=1999.59 1876.15 658.818 1217.33 321.216 207.19 893.319 53.5436 153.647 563.805 562.116 70.9362 491.18 39.0031 29.1089 452.177 329.514 137.418 43.873 23.2605 18.7055 14.5183 123.444
internal_count=42722 35981 7361 28620 3875 2643 20698 671 1972 15155 15109 1977 13132 981 723 12151 5543 2921 863 261 392 301 6741
cat_boundaries=0 1
cat_threshold=134318690
is_linear=0
shrinkage=0.03


Tree=85
num_leaves=24
num_cat=1
split_feature=143 145 7 134 12 68 39 136 123 50 28 67 67 96 41 125 44 2 74 40 0 37 33
split_gain=25.304 17.8556 16.7515 19.6764 12.7696 12.0201 12.6984 14.6341 11.1585 10.9136 13.4226 10.8433 10.8264 10.635 11.0784 11.6227 12.1599 12.6193 13.3033 10.7576 10.1208 10.5233 10.2105
threshold=1.5000000000000002 2.5000000000000004 0.28050000000000008 4103.6900000000014 3.5000000000000004 0.17974076192124075 0.089550000000000005 10125.610000000001 4551.4500000000007 2.5000000000000004 7.5000000000000009 0.16345300163376361 0.38257735196469506 0 2.9925000000000002 592.93500000000006 0.082925000000000013 31.500000000000004 0.017108652382624986 0.34335000000000004 78.500000000000014 9.5000000000000018 31814.185000000005
decision_type=2 2 8 2 2 2 2 2 2 2 2 2 2 1 2 2 2 2 2 2 2 2 2
left_child=2 20 3 13 -3 8 12 -8 -5 -10 -11 -4 -7 -1 15 19 17 18 -17 -15 22 -22 -2
right_child=1 4 11 5 -6 6 7 -9 9 10 -12 -13 -14 14 -16 16 -18 -19 -20 -21 21 -23 -24
leaf_value=-0.0045096833290729247 0.001995273559104554 -0.0042726128748526186 -0.0035465905351743229 -0.0099715606625452591 0.021253237889397279 -0.0032495857477977297 -0.015767905323196673 -0.0033833626253049289 -0.00083399839533308264 0.0078363882150128492 0.048701469543596242 0.0060967178484122178 0.027001201170034527 -0.012715222882317105 -0.0156187933779139 -0.0073358584469923362 0.00051891091370665659 0.015659868292794647 0.059325990223715486 0.019215837351487235 0.0039685278846373212 0.056172543996619105 0.011291557689855035
leaf_weight=65.450081252492964 170.8965805452317 188.38158911652863 156.74717587418854 59.131484905257821 17.45314559340477 115.56510445661843 250.10915452800691 132.23347063735127 74.244502501562238 29.407539365813136 8.0802609473466855 309.14470861107111 9.7087194696068746 20.600144222378731 10.560496101155875 2.7271481454372433 17.00358940474689 27.386681710369885 14.627438496798275 14.379794927313922 6.638210589066146 6.137162808328867 283.9230986777693
leaf_count=1680 1744 2751 4594 779 130 4556 9344 5221 1061 427 72 4239 189 504 275 53 415 753 341 305 64 62 3182
internal_value=0.00070439 0.00542599 -0.0017143 -0.00421383 -0.00192453 -0.00651217 -0.00882091 -0.0115246 0.000369546 0.00592143 0.0186651 0.00285098 -0.00051769 0.00478495 0.00933103 0.0146792 0.0223048 0.0302078 0.049175 0.000740553 0.00865609 0.0332557 0.00782255
internal_weight=1990.54 673.43 1317.11 851.216 205.835 678.48 507.616 382.343 170.864 111.732 37.4878 465.892 125.274 172.735 107.285 96.7248 61.7449 44.7413 17.3546 34.9799 467.595 12.7754 454.82
internal_count=42741 7933 34808 25975 2881 21649 19310 14565 2339 1560 499 8833 4745 4326 2646 2371 1562 1147 394 809 5052 126 4926
cat_boundaries=0 1
cat_threshold=25
is_linear=0
shrinkage=0.03


Tree=86
num_leaves=24
num_cat=2
split_feature=26 134 143 145 12 41 88 27 74 48 51 125 141 132 2 123 76 109 124 88 60 130 136
split_gain=20.7427 16.892 14.9731 18.0968 14.8645 13.9804 10.7289 10.5134 10.7928 10.465 14.7014 11.1784 10.1918 12.5284 12.2827 11.2305 10.4437 10.1078 9.87539 9.84056 10.6078 11.6522 20.0885
threshold=0.18035000000000004 1983.8350000000003 1.5000000000000002 2.5000000000000004 3.5000000000000004 3.2355000000000005 0 2.5000000000000004 0.11853155972874284 1.3275000000000003 0.061650000000000003 1850.6500000000003 977.82500000000016 0.36931818181818188 51.500000000000007 14157.035000000002 1.1479500000000002 2.5000000000000004 1960.8900000000001 1 0.74565000000000015 -5226.204999999999 5977.5900000000011
decision_type=2 2 2 2 2 2 1 2 2 2 2 2 2 10 2 2 2 2 2 1 2 2 2
left_child=1 -1 7 12 5 -5 9 19 -9 -3 17 -12 15 -14 16 -4 -15 -11 -16 20 21 -2 -23
right_child=2 6 3 4 -6 -7 -8 8 -10 10 11 -13 13 14 18 -17 -18 -19 -20 -21 -22 22 -24
leaf_value=0.017912442898223718 -0.0070583566649553243 -0.0032814626970686257 0.0084216759956176404 -0.0077248216503302122 0.023387151110824213 0.027861217493431199 -0.010833343761694264 0.016250343692431661 -0.006792185967237776 -0.0039086836984509668 0.037316762642935326 -0.012136893806775358 0.0081602558216608972 0.055374819163448934 0.038846938327808264 -0.0070261722155720565 0.011797529820034746 0.08315329755059564 -0.0074917442483860841 -0.0031565150448690216 0.00042710597052153206 0.009716084168804871 0.055438579331077154
leaf_weight=22.271659322082996 15.477654421702026 70.950608194805682 276.96253266744316 150.96859209239483 15.859027249738572 8.679419467225669 234.96113108284771 60.083683533594012 24.617787443101406 1.403385049663487 4.1077112583443514 10.731046519242225 63.473972430452704 15.967594016343357 4.0388199891895047 48.368035269901156 8.6485359631478769 2.4830143600702286 11.643572133034466 700.02528548054397 202.21682573948056 33.759882285259664 10.212651570327578
leaf_count=711 357 2840 2607 1915 112 100 9495 434 193 61 142 410 646 143 41 492 90 99 116 16306 4573 687 238
internal_value=0.000314093 -0.00633305 0.00171676 0.00546683 -0.00262774 -0.00546937 -0.0080959 -0.000456337 0.00955103 0.0016584 0.0208867 0.00435927 0.00877441 0.016897 0.0296217 0.00609609 0.0421015 0.0610687 0.00748629 -0.00135573 0.00342386 0.0146645 0.022285
internal_weight=1997.91 346.909 1651 604.61 175.507 159.648 324.637 1046.39 84.7015 89.6758 18.7252 14.8388 429.103 103.772 40.2985 325.331 24.6161 3.8864 15.6824 961.692 261.667 59.4502 43.9725
internal_count=42808 13758 29050 6262 2127 2015 13047 22788 627 3552 712 552 4135 1036 390 3099 233 160 157 22161 5855 1282 925
cat_boundaries=0 1 2
cat_threshold=120718344 174068741
is_linear=0
shrinkage=0.03


Tree=87
num_leaves=24
num_cat=2
split_feature=19 88 1 72 88 6 123 40 131 108 128 131 12 67 43 7 145 131 126 144 138 118 124
split_gain=22.8191 15.8072 15.9466 12.5046 13.0842 11.8566 16.7811 11.9161 11.5975 11.8867 11.1281 10.4922 9.61208 9.93921 9.5959 9.85744 9.5022 9.41704 14.0899 9.24101 9.22287 8.9341 8.81332
threshold=11.500000000000002 0 1.4500000000000002 1.0000000180025095e-35 1 0.76950000000000018 2872.1350000000007 0.27795000000000009 0.45889639639639646 11.500000000000002 167.46500000000017 0.26006441223832533 4.5000000000000009 0.11349891502197777 0.032965000000000008 0.070500000000000021 2.5000000000000004 0.38799283154121872 3373.3250000000003 0.80000000000000016 328.68500000000006 0.64642857142857157 1639.8700000000001
decision_type=2 1 10 2 1 8 2 2 8 10 2 10 2 2 2 8 2 10 2 2 2 10 2
left_child=3 5 10 21 8 6 -2 -8 -5 -10 14 -12 13 -6 15 -3 -17 18 -15 -7 -4 22 -1
right_child=1 2 20 4 12 19 7 -9 9 -11 11 -13 -14 17 -16 16 -18 -19 -20 -21 -22 -23 -24
leaf_value=-0.010769526866604127 -0.017416808019970541 -0.017723466729036942 -0.0082491349469993713 -0.0048105974198429198 -0.0023142121018632795 -4.386490128782411e-05 0.0021899094994627718 0.048693711073090312 0.003141779162574711 0.040149002238581553 0.014547442752649284 -0.017908958966808945 0.026394695062572915 0.012647874773756652 0.0020403413647406888 0.041582746504870892 -0.0063956379921362551 0.0022748530965639203 -0.022673218268887914 0.035135667621752104 0.006615843255432124 0.023892086194881451 0.0014792066304159706
leaf_weight=101.27805714216083 6.4150868328288224 2.6481794910505441 591.8018239736557 182.7196847256273 92.097197310067713 234.6367782605812 7.6152448430657413 13.347791631706057 31.106034619733691 8.6126516982913 12.073195916600524 23.305806813761592 21.385311469435692 293.8325838316232 27.746204974129796 18.84595418069512 3.9275406552478662 150.47286313958466 8.7515111435204727 4.9181963074952355 38.652987184002995 8.4902259679511172 107.45054943393916
leaf_count=2334 165 101 17872 2037 1429 6957 207 310 348 94 332 678 158 3077 715 605 96 1562 87 58 844 170 2502
internal_value=-1.51046e-05 -0.00325539 -0.00545661 0.00316009 0.00491254 0.00290722 0.0211665 0.0334624 -0.00143728 0.0127065 0.00617095 -0.00664736 0.0071507 0.0066288 0.0146323 0.0272244 0.03346 0.00844891 0.0114841 0.000963323 -0.00731973 -0.00319189 -0.00450986
internal_weight=1992.13 985.935 719.002 1006.2 788.978 266.933 27.3781 20.963 222.438 39.7187 88.5469 35.379 566.539 545.154 53.1679 25.4217 22.7735 453.057 302.584 239.555 630.455 217.219 208.729
internal_count=42738 28940 21243 13798 8792 7697 682 517 2479 442 2527 1010 6313 6155 1517 802 701 4726 3164 7015 18716 5006 4836
cat_boundaries=0 1 2
cat_threshold=539103381 539068948
is_linear=0
shrinkage=0.03


Tree=88
num_leaves=24
num_cat=2
split_feature=69 88 74 14 128 63 143 48 1 46 88 76 43 107 24 66 13 107 6 46 143 74 125
split_gain=22.8168 12.216 16.9802 13.9839 14.1289 12.3606 15.7527 12.2345 11.578 10.9139 10.546 11.8512 9.52878 10.8193 10.3826 11.8351 10.2524 9.42964 9.32295 10.8747 9.21438 9.08676 8.80371
threshold=0.61936008819129118 0 0.063763786764705885 4.5000000000000009 -2487.3249999999994 1.0000000180025095e-35 2.5000000000000004 1.1695000000000002 8.3500000000000032 1.1825000000000003 1 0.074050000000000019 0.088555000000000009 71.500000000000014 20315.000000000004 0.47290024116977619 0.48625000000000007 79.500000000000014 1.0000000180025095e-35 0.73150000000000015 2.5000000000000004 0.15012626262626264 15012.890000000001
decision_type=2 1 2 2 2 2 2 2 10 2 1 2 2 10 2 2 2 10 10 2 2 2 2
left_child=1 2 18 12 -5 6 22 9 -7 -6 11 -2 13 -3 -14 16 -16 -15 19 -1 -13 -19 -4
right_child=10 3 5 4 7 8 -8 -9 -10 -11 -12 20 14 17 15 -17 -18 21 -20 -21 -22 -23 -24
leaf_value=-0.0057967551988113968 0.028060130888744681 -0.0028885689208918313 -0.0084788610121981651 -0.0030243794643254455 0.020315231896416586 0.022936723611576306 0.014733452889052834 0.036747483095906773 -0.015117810187138056 -0.012797803500759913 -0.0085630129220575189 -0.0042013055480077275 0.0032178862197187992 0.0357109616276731 0.060113020615770507 -0.0089758625994167986 0.0014704356590228799 0.0091985387330889932 0.011070235321744537 0.045180242466647584 0.023824536333331061 -0.013309234413650327 0.011222345361560113
leaf_weight=4.4049296304583576 12.286648081615565 872.74233268201351 143.21171027049422 38.558605659753084 22.041754852980375 34.79490456264466 40.345696900039911 22.068358201533556 7.4627160914242259 12.579606099054216 314.13645929004997 92.495804124511778 74.121043846011162 7.6765576489269725 7.4631804078817385 4.671502328477799 3.8877954017370939 72.604926938191056 137.18584524653852 13.69390015862882 9.8900723587721568 18.722568176686764 21.981505407951772
leaf_count=65 537 15171 2550 231 134 527 344 117 125 72 13608 3980 964 94 173 122 37 775 1958 197 214 213 436
internal_value=-1.55682e-06 0.00168408 0.00598827 4.68346e-05 0.0109371 0.00145197 -0.00162959 0.0202127 0.0158368 0.00824183 -0.00611408 0.00202689 -0.000947612 -0.00181848 0.00827605 0.0287217 0.0432566 0.00748499 0.0140684 0.0334311 -0.00108952 0.00439801 -0.00575443
internal_weight=1989.03 1560.22 403.081 1157.14 95.2483 247.797 205.539 56.6897 42.2576 34.6214 428.809 114.673 1061.89 971.746 90.1435 16.0225 11.351 99.0041 155.285 18.0988 102.386 91.3275 165.193
internal_count=42644 24305 6202 18103 554 3982 3330 323 652 206 18339 4731 17549 16253 1296 332 210 1082 2220 262 4194 988 2986
cat_boundaries=0 1 2
cat_threshold=570823940 656413192
is_linear=0
shrinkage=0.03


Tree=89
num_leaves=24
num_cat=1
split_feature=24 67 88 46 2 105 25 41 22 22 46 115 10 42 51 69 106 19 6 106 67 10 42
split_gain=17.4129 13.6003 12.884 14.5847 11.8559 12.0418 11.9985 19.1896 11.2895 11.0539 11.444 10.7504 10.439 10.2859 10.2251 10.7733 9.91232 12.0758 10.0607 9.99172 9.95908 9.89221 11.7647
threshold=1865.0000000000002 0.10051792480413817 0 0.64550000000000007 14.500000000000002 149.50000000000003 71435.000000000015 2.1365000000000003 521.50000000000011 599.50000000000011 1.3085000000000002 1.7255639097744362 0.74425000000000008 -0.66884999999999983 0.14005000000000004 1.1556312657481371 70.500000000000014 24.500000000000004 0.75050000000000006 91.500000000000014 0.2060317943938634 0.26245000000000007 0.44675000000000004
decision_type=2 2 1 2 2 10 2 2 8 8 2 8 2 2 2 2 8 2 8 10 2 2 2
left_child=2 -2 8 -4 5 9 16 -8 -1 -3 14 -5 -13 -10 21 -16 18 19 20 -18 -6 -11 -23
right_child=1 4 3 11 6 -7 7 -9 13 10 -12 12 -14 -15 15 -17 17 -19 -20 -21 -22 22 -24
leaf_value=0.0085251186434975468 -0.0071223223025477164 -0.015732474858386115 -0.0040528675827725654 0.010514205700284669 -0.0061194702065881261 0.04672279015636481 0.068138195706000868 0.00011648576585315302 0.030212856612214397 0.04419585595998695 -0.0096782834525381556 0.018376171826348368 -0.010848237588898132 -0.010330338529428013 0.031807783617656689 -0.018547487438808359 0.050250813865887797 -0.014017547252000672 -0.0032366197379086149 -0.010801564036093503 0.018515468016753415 -0.012863950673152186 0.024072835219498621
leaf_weight=47.242081487551332 335.51276862807572 15.47394219599664 97.66797648370266 376.1313653960824 22.399790241383016 5.1963907405734053 3.7700413689017287 10.590363530442117 4.0088157989084712 2.8199227852746835 18.749392068944871 12.739309327676891 41.829561490565538 116.35004954040051 32.446389105170965 2.9934799429029217 8.0379857663065177 5.0357745131477705 758.57086152676493 2.3624819889664641 37.271835992112756 23.582967162132263 9.1489394064992648
leaf_count=241 14330 157 952 3468 646 101 149 431 55 117 403 222 292 1260 533 118 145 146 17664 53 592 497 127
internal_value=0.000114141 -0.00194339 0.00393417 0.00606298 -0.000119417 0.00903702 -0.00133001 0.0241208 -0.00319247 0.00633893 0.0104047 0.00871534 -0.00361721 -0.00850819 0.0158286 0.0267909 -0.00182509 0.0205704 -0.00229671 0.0368773 0.00936934 0.00405597 -0.001748
internal_weight=1989.93 1293.96 695.969 528.368 958.451 110.411 848.039 14.3604 167.601 105.215 89.7411 430.7 54.5689 120.359 70.9917 35.4399 833.679 15.4362 818.242 10.4005 59.6716 35.5518 32.7319
internal_count=42699 36209 6490 4934 21879 2053 19826 580 1556 1952 1795 3982 514 1315 1392 651 19246 344 18902 198 1238 741 624
cat_boundaries=0 1
cat_threshold=4786754
is_linear=0
shrinkage=0.03


Tree=90
num_leaves=24
num_cat=0
split_feature=29 43 107 7 72 23 1 5 2 47 133 105 39 0 135 0 34 107 114 6 35 32 0
split_gain=19.281 15.8986 19.719 15.2434 11.0103 12.479 9.97182 9.94858 11.0724 11.9656 13.3624 16.9829 14.6556 10.0027 10.2636 9.84722 9.68878 11.4032 10.5535 10.4529 9.66314 11.9913 9.95765
threshold=0.5091500000000001 0.067870000000000014 71.500000000000014 0.27850000000000008 0.69047619047619058 61.45000000000001 1.1500000000000001 1000900.0000000001 16.500000000000004 23.995000000000001 0.26969696969696971 85.500000000000014 0.26285000000000008 63.500000000000007 4413.9350000000004 41.500000000000007 326.90000000000003 83.500000000000014 10.500000000000002 0.92450000000000021 0.33335000000000004 40.500000000000007 55.500000000000007
decision_type=2 2 10 8 2 2 8 2 2 2 8 8 2 2 2 2 2 10 2 10 2 2 2
left_child=1 2 3 7 -5 -6 -2 8 -1 10 -10 -12 15 -11 -15 -13 -4 -18 20 -20 21 22 -19
right_child=6 -3 16 4 5 -7 -8 -9 9 13 11 12 -14 14 -16 -17 17 18 19 -21 -22 -23 -24
leaf_value=0.0044162808847958328 0.019678139284808837 0.0070558997775397375 -0.0042706255337695625 -0.0023529364185033313 0.011920818136387326 -0.00069468757454125402 -0.012443812735287874 0.020617191897513175 -0.010176123208835397 -0.0078174610211724366 -0.012941891918274502 0.013985138953828018 -0.01107492162719142 0.0092329624366946084 -0.019266642112666991 0.063303506412864918 0.038933697873066275 0.0077706346269504692 0.045769957349086281 -0.0058561083844925503 0.033227078147246771 -0.0038917857744979931 0.053300813938509994
leaf_weight=115.49696126766503 7.5523038683459154 335.56848058570176 32.734130878932774 209.85241578985006 166.86338750831783 120.87179070711136 129.44639555271715 12.895176673308013 19.630189071409404 606.00122633296996 8.6199042880907673 7.3959540994837942 4.3822040865197769 58.874217240139842 12.043492965400217 9.5821313401684147 12.693910488858817 15.922643240541221 10.744796034879981 4.3074425626546136 8.5314962873235327 63.472424050793052 4.435489445924758
leaf_count=2296 364 5554 354 4097 1169 2460 6557 389 450 15095 206 165 90 1401 324 234 163 165 131 53 94 756 46
internal_value=0.000359432 0.00117171 -0.000147596 -0.00130677 0.00286067 0.00665308 -0.0104154 -0.00373336 -0.00415424 -0.00552509 0.00845484 0.0205274 0.0339855 -0.00657155 0.00399736 0.0455575 0.0099944 0.0138884 0.0102711 0.0320422 0.00611913 0.00265037 0.021571
internal_weight=1977.92 1840.92 1505.35 1352.51 497.588 287.735 136.999 854.921 842.026 726.529 49.6104 29.9802 21.3603 676.919 70.9177 16.9781 152.842 120.108 107.414 15.0522 92.3621 83.8306 20.3581
internal_count=42613 35692 30138 28376 7726 3629 6921 20650 20261 17965 1145 695 489 16820 1725 399 1762 1408 1245 184 1061 967 211
is_linear=0
shrinkage=0.03


Tree=91
num_leaves=24
num_cat=1
split_feature=29 27 88 43 116 6 51 11 6 19 72 42 136 24 26 24 133 31 50 61 123 143 42
split_gain=20.6876 14.8132 15.4647 19.5789 13.9201 10.9166 10.4558 10.2593 13.3854 10.2999 10.2045 10.5243 11.6349 10.1381 9.67449 13.2283 11.7224 16.0913 9.35594 11.8654 10.5829 9.42474 9.27223
threshold=0.50045000000000006 1.5000000000000002 0 0.019315000000000002 0.42640692640692646 0.7835000000000002 0.23025000000000004 3935.0000000000005 0.90650000000000019 19.500000000000004 1.2250000000000003 0.015250000000000001 28070.050000000007 255.00000000000003 0.33355000000000007 9855.0000000000018 0.43167701863354041 1.1295000000000002 4.5000000000000009 132.50000000000003 7339.8250000000007 1.5000000000000002 0.78100000000000014
decision_type=2 2 1 2 8 8 2 2 8 2 2 2 2 2 2 2 8 10 2 2 2 2 2
left_child=1 2 3 5 22 -1 -2 8 -8 -10 11 -6 -13 18 15 16 17 -3 19 21 -21 -4 -5
right_child=6 14 13 4 10 -7 7 -9 9 -11 -12 12 -14 -15 -16 -17 -18 -19 -20 20 -22 -23 -24
leaf_value=0.015597624898237803 -0.015768257549625665 0.067097996966565279 -0.0027230287881600942 0.0081469053601103437 0.00089410926737295898 -0.010210551056511877 -0.01117077157097141 -0.0045436651120593988 -0.009195600429122177 0.087809975445669569 -0.00098424639084407003 0.057831150067125456 -0.0093758556119176734 -0.0038250090928511147 0.0050226600661542106 -0.0064699808341288486 0.00067860329292123323 -0.0082985105604630547 -0.015418411493197037 0.037815792679090701 -0.0093133509304497552 0.010307246696111569 -0.0091748027999812125
leaf_weight=15.640291432850061 102.52029854059219 9.4910727050155455 119.3508022017777 253.9196014944464 5.4815399143844905 92.547652551904321 2.6932722879573694 30.145641943439841 0.85961716342717442 1.8104068320244548 8.2714602313935739 13.683376913890241 2.1233471408486357 836.86044886894524 317.96483899280429 8.5984915373846871 5.8458435032516709 2.7516377158462992 20.378622470423579 14.521474149078132 4.8730978388339272 83.158306317403913 29.53409600071609
leaf_count=314 5247 116 1383 5271 173 2265 147 1516 47 98 105 272 46 21505 2553 212 70 41 177 118 47 574 361
internal_value=0.000131892 0.000974611 -0.000316386 0.00439602 0.0084458 -0.00626418 -0.0109855 0.00292755 0.0347492 0.0660159 0.0274054 0.0375733 0.048764 -0.00221095 0.006564 0.0232979 0.0366836 0.0513664 0.00312353 0.00494886 0.0262104 0.00267619 0.00629046
internal_weight=1983.03 1845 1500.34 421.201 313.013 108.188 138.029 35.5089 5.3633 2.67002 29.5597 21.2883 15.8067 1079.14 344.652 26.687 18.0886 12.2427 242.282 221.904 19.3946 202.509 283.454
internal_count=42658 35603 32611 8807 6228 2579 7055 1808 292 145 596 491 318 23804 2992 439 227 157 2299 2122 165 1957 5632
cat_boundaries=0 1
cat_threshold=571612164
is_linear=0
shrinkage=0.03


Tree=92
num_leaves=24
num_cat=1
split_feature=24 88 67 42 40 46 66 78 43 22 15 66 9 9 118 23 9 117 40 14 76 11 22
split_gain=19.3537 14.7985 12.2585 12.1464 10.5139 11.1178 12.4119 15.4782 13.5288 12.7053 13.0132 10.4964 10.1177 17.6223 13.935 10.6993 12.5681 11.9612 14.6931 16.0112 14.5882 12.1546 9.66861
threshold=1865.0000000000002 0 0.099636877448653516 0.41815000000000008 0.53835000000000011 0.33550000000000008 0.42603986450140302 0.26313500000000006 0.014785000000000001 658.50000000000011 1.5000000000000002 0.05294509268019202 169950.00000000003 99550.000000000015 0.39009661835748799 75.950000000000017 28250.000000000004 0.47222222222222227 0.20965000000000003 3.5000000000000004 1.1157500000000002 50195.000000000007 695.50000000000011
decision_type=2 1 2 2 2 2 2 2 2 10 2 2 2 2 10 2 2 10 2 2 2 2 8
left_child=-1 3 -3 11 5 -5 9 8 -8 10 -7 -2 13 14 -4 16 -16 21 -19 20 -20 -18 -10
right_child=1 2 12 4 -6 6 7 -9 22 -11 -12 -13 -14 -15 15 -17 17 18 19 -21 -22 -23 -24
leaf_value=0.0042721708109688802 0.036896991434211254 -0.0096325711057290864 -0.0029757725732281765 -0.016199070478253086 -0.01877038758181606 0.031742271920463326 -0.010161925293791998 0.0035327074219970852 0.029048178873702601 -0.016069291474884728 -0.005891531989086503 -0.00079123102438455177 0.0058953335844609215 -0.012606872212660792 -0.0086930384194183908 -0.0093093159172785503 -0.012188904364758647 -0.0024540459139967023 0.075120738065767842 -0.015001288732561898 0.017011478672143327 0.032051146108636547 0.085391241585581049
leaf_weight=704.58726880885661 4.8408108670264474 242.39027893077582 375.07352384366095 7.0320469830185166 6.7714491691440335 21.232346802949905 2.2899440964683953 9.7275525964796525 8.9253375567495787 11.307316518388687 11.989088563248513 237.55716710165143 123.72996990382671 142.17798773851246 12.895227540284393 17.191878326237202 12.927120778709652 6.8878160659223822 11.232532328926032 2.4990697614848605 7.5829814784228793 6.9910756703466168 6.4317214069888005
leaf_count=6532 86 10666 8050 147 134 326 65 223 135 296 93 7153 3411 3653 207 584 279 125 197 21 129 80 176
internal_value=0.000280614 -0.00190331 -0.00372936 0.00345895 0.0132878 0.0164338 0.0199772 0.0352411 0.0505809 0.00948212 0.0185975 0.000257205 -0.00184787 -0.00347117 -0.000562836 0.0107949 0.0165752 0.0234232 0.0353533 0.0467333 0.0555863 0.00484661 0.0597657
internal_weight=1994.27 1289.68 961.579 328.105 85.7068 78.9354 71.9033 27.3746 17.647 44.5288 33.2214 242.398 719.189 595.459 453.281 78.2077 61.0158 48.1206 28.2024 21.3146 18.8155 19.9182 15.3571
internal_count=42768 36236 27402 8834 1595 1461 1314 599 376 715 419 7239 16736 13325 9672 1622 1038 831 472 347 326 359 311
cat_boundaries=0 1
cat_threshold=574754844
is_linear=0
shrinkage=0.03


Tree=93
num_leaves=24
num_cat=2
split_feature=143 94 88 107 108 145 46 78 19 1 71 2 0 134 72 5 129 106 41 123 46 133 45
split_gain=21.0025 16.1011 15.3267 14.344 13.7678 13.6994 12.2707 13.0892 12.932 12.3397 11.6892 11.3539 11.3009 10.0183 10.9308 10.12 9.90201 13.4037 13.3131 10.0381 9.82527 9.60201 15.1251
threshold=1.0000000180025095e-35 0 1 163.50000000000003 21.500000000000004 1.0000000180025095e-35 0.96450000000000002 0.27156000000000008 33.500000000000007 7.5500000000000007 11.500000000000002 7.5000000000000009 83.500000000000014 4494.3750000000009 1.2916666666666667 130850.00000000001 864.22500000000002 9.5000000000000018 2.2445000000000008 694.68500000000006 1.3295000000000001 0.39009661835748799 0.047750000000000008
decision_type=2 9 1 10 8 2 2 2 2 10 2 2 2 2 2 2 2 10 2 2 2 8 2
left_child=1 6 4 10 16 12 -1 13 9 -9 -4 -6 21 -8 -15 -16 17 -3 -19 -20 -17 -2 -23
right_child=5 2 3 -5 11 -7 7 8 -10 -11 -12 -13 -14 14 15 20 -18 18 19 -21 -22 22 -24
leaf_value=-0.0024763307611130217 0.0028398254825163648 0.010442262714102748 -0.0082043457105263583 0.028329191692914427 0.033389963193295361 -0.00068432706363534611 0.025348849861906348 0.049456549155496667 -0.010939718986364044 0.004356835685321676 0.011521516270530554 -0.0038585229822805309 0.040837266414837044 -0.0086325845888277873 -0.017075625577709985 0.057144202435978127 -0.0031361281816234135 -0.00061964239598923793 -0.00097446930104555507 0.0783386688418274 -0.00020214757392095448 0.019374325569432763 0.0022577461197972981
leaf_weight=92.115617830306292 304.00688860565424 32.661918489262462 635.42216558381915 8.3558026226237399 5.7318217474967232 395.78517034463584 14.672729408368467 17.561230255290873 5.3875164557248345 8.1496792212128621 26.538936632685363 156.18366026505828 6.6840758733451358 41.906823887489736 3.2772408239543429 5.060782681219278 20.383635995909572 3.8263282664120188 1.6765289325267057 6.3290707459673285 4.320006238296628 99.238616358488798 86.971201680600643
leaf_count=2510 3918 831 18816 144 140 5410 350 450 202 206 189 4538 80 1395 47 91 518 104 26 160 78 1366 999
internal_value=7.28779e-05 -0.00272007 -0.00435294 -0.0066074 0.00230446 0.00348025 0.00480047 0.0125716 0.0281232 0.0365073 -0.00738119 -0.00214861 0.00678681 0.00499313 -0.00118336 0.0212916 0.0140114 0.021664 0.0466526 0.0648542 0.0353407 0.00615849 0.0114888
internal_weight=1982.25 1089.56 897.11 670.317 226.793 892.686 192.452 100.336 31.0984 25.7109 661.961 161.915 496.901 69.2376 54.5649 12.658 64.8775 44.4938 11.8319 8.0056 9.38079 490.217 186.21
internal_count=42568 30795 25466 19149 6317 11773 5329 2819 858 656 19005 4678 6363 1961 1611 216 1639 1121 290 186 169 6283 2365
cat_boundaries=0 1 2
cat_threshold=269615220 855900560
is_linear=0
shrinkage=0.03


Tree=94
num_leaves=24
num_cat=2
split_feature=13 2 105 45 88 137 27 114 111 2 131 9 38 47 38 22 11 41 11 131 88 42 60
split_gain=18.8788 11.8125 11.4971 11.2515 11.2373 16.9422 10.1014 9.77443 9.25926 9.2443 9.74458 9.00044 22.3302 14.0847 12.5098 12.4836 12.3892 12.0754 15.3458 11.8669 15.2087 12.3224 14.1686
threshold=0.10615000000000001 15.500000000000002 151.50000000000003 0.02145 0 2.0640140396945421 1.5000000000000002 6.5000000000000009 2.5000000000000004 24.500000000000004 0.29679679679679688 21750.000000000004 0.027950000000000006 21.735000000000003 0.22855000000000003 617.50000000000011 33095.000000000007 2.2175000000000007 48955.000000000007 0.47213622291021679 1 0.45385000000000003 0.83665000000000012
decision_type=2 2 10 2 1 8 2 2 2 2 10 2 2 2 2 8 2 2 2 10 1 2 2
left_child=4 2 3 8 5 9 11 -4 -2 10 -1 12 -3 14 17 -15 -16 18 -13 20 21 -17 -23
right_child=1 6 7 -5 -6 -7 -8 -9 -10 -11 -12 13 -14 15 16 19 -18 -19 -20 -21 -22 22 -24
leaf_value=-0.014691924108188351 -0.012784718217262509 0.03415149702016141 0.052974232655867884 0.0092616756516350658 -0.012857338948844464 0.065408565247082259 0.0048043149732858673 0.0013195960614651855 0.015609161040719619 -0.013720837054041125 0.055396025661337563 0.049468934775750664 -0.0079665770455682686 0.0037301772937815198 -0.0024052049055718473 0.0021156300361346403 0.042960616269293275 -0.010188154491802737 -0.017417574928157386 -0.013027481845217638 -0.0046759496302482759 0.040217042283871109 0.0021548849772558888
leaf_weight=1.8262092564255024 42.361090005375445 9.8982506748288852 6.7680876273661834 164.64934414252639 112.66743576712906 3.0105442544445387 306.55769481323659 5.4514129236340523 11.639874724671243 10.500507174991069 2.5441994648426771 6.3893874930217844 254.82679883949459 349.89588929526508 7.3648050762712982 128.15191307291389 16.553832661360502 22.789996150881052 3.5941174123436213 94.00242125429213 388.27177312411368 16.601766651496291 17.162505432963371
leaf_count=83 752 168 104 2532 6473 156 2687 80 208 569 119 152 4002 4170 233 3928 281 494 60 2847 11708 372 391
internal_value=4.3684e-05 0.000825235 0.00714361 0.00538959 -0.0108942 0.0078369 -8.1756e-05 0.0333567 -0.00632555 0.00142249 0.0306913 -0.00122594 -0.00614748 2.32739e-05 0.0143047 -0.000818274 0.0298843 0.00186964 0.0265013 -0.00329269 -0.00158829 0.00563612 0.0220723
internal_weight=1983.48 1852.93 230.87 218.65 130.549 17.8815 1622.06 12.2195 54.001 14.8709 4.37041 1315.5 264.725 1050.78 56.6921 994.086 23.9186 32.7735 9.9835 644.19 550.188 161.916 33.7643
internal_count=42569 35169 3676 3492 7400 927 31493 184 960 771 202 28806 4170 24636 1220 23416 514 706 212 19246 16399 4691 763
cat_boundaries=0 1 2
cat_threshold=117440520 135141456
is_linear=0
shrinkage=0.03


Tree=95
num_leaves=24
num_cat=1
split_feature=27 88 35 133 19 43 137 22 51 34 3 22 41 123 24 7 67 106 7 46 137 116 7
split_gain=17.5926 13.5572 12.0515 16.4351 10.8171 10.6524 13.5172 10.7264 10.7186 10.8049 11.2725 9.70043 9.61025 9.25469 8.50952 8.46307 8.46307 8.30356 8.90547 9.65948 9.98832 8.20393 8.21853
threshold=1.5000000000000002 0 0.10505000000000002 0.46410256410256417 47.500000000000007 0.031575000000000006 1.5322325939690917 628.50000000000011 0.39385000000000003 1693.2900000000002 1.0000000180025095e-35 566.50000000000011 3.2205000000000008 33296.075000000004 45.000000000000007 0.84050000000000014 0.08719903236956493 49.500000000000007 0.28450000000000003 1.0785000000000002 1.9746330119738864 0.27386363636363642 0.28050000000000008
decision_type=2 1 2 10 2 2 10 10 2 2 2 8 2 2 2 8 2 10 8 2 8 8 10
left_child=1 2 13 5 16 17 8 11 9 10 -7 -8 14 -1 -2 -16 21 18 -4 20 -20 22 -3
right_child=12 4 3 -5 -6 6 7 -9 -10 -11 -12 -13 -14 -15 15 -17 -18 -19 19 -21 -22 -23 -24
leaf_value=-0.0046215699003868795 0.024821600808050029 -0.007123140084044517 -0.00433665757726104 -0.0053099412912353799 -0.013899537336042898 0.02308076800523701 0.008440204334198979 0.014616198834589714 0.03793918580480718 -0.013198816740348443 -0.0035344530004460108 0.066753566182228871 0.025567697924263354 0.025324694508857829 0.0019779794856631893 0.017090720316981431 -0.00068914667429930527 0.038763470749822948 0.040079034355390397 -0.0049551436391602624 -0.01407910947134779 -0.01643204112088293 0.0089729553120764822
leaf_weight=156.15825271140784 16.577425703406334 126.64152142684907 64.760692837648094 68.545230478979647 71.34264912083745 34.861294649541378 4.1228140369057664 15.5011890232563 9.6449408866465074 17.134126866236329 22.650079543702304 9.6009648256003857 20.179476797580719 7.8882351936772457 272.0304540079087 36.137167999520898 894.27777119260281 3.8080279985442749 12.591755644418299 11.473855979740618 2.7906721765175471 60.736616170033813 34.85422445088625
leaf_count=3663 100 5409 1787 1601 2469 683 35 462 184 387 499 130 174 216 2467 268 18288 91 266 227 54 2329 933
internal_value=0.000270356 -0.00103453 0.00334217 0.00732216 -0.00267821 0.0114773 0.017615 0.0346481 0.0110431 0.00666855 0.0128322 0.0525372 0.0064049 -0.00289391 0.00506493 0.00384895 -0.00199748 0.0039644 0.00172076 0.0156157 0.0297643 -0.00720918 -0.00358199
internal_weight=1974.31 1629.38 441.532 277.486 1187.85 208.94 113.515 29.225 84.2904 74.6455 57.5114 13.7238 344.925 164.046 324.745 308.168 1116.51 95.425 91.617 26.8563 15.3824 222.232 161.496
internal_count=42722 39713 10285 6406 29428 4805 2380 627 1753 1569 1182 165 3009 3879 2835 2735 26959 2425 2334 547 320 8671 6342
cat_boundaries=0 1
cat_threshold=576852996
is_linear=0
shrinkage=0.03


Tree=96
num_leaves=24
num_cat=0
split_feature=67 19 112 47 66 67 51 29 35 48 144 54 74 76 107 133 43 19 115 116 135 47 18
split_gain=16.6408 12.1563 8.95328 10.2177 13.7547 9.73434 9.50021 9.43782 9.08131 11.6095 14.8372 9.74766 8.75683 9.36971 10.3137 9.65974 9.35635 9.92403 11.8602 9.10984 8.43328 8.37284 8.34075
threshold=0.099636877448653516 18.500000000000004 19.500000000000004 67.345000000000013 0.49451936098511823 0.17778814262023221 0.29045000000000004 0.054050000000000008 0.24525000000000002 1.3215000000000001 0.80000000000000016 1.0000000180025095e-35 0.056927506775067756 1.3074500000000002 161.50000000000003 0.43167701863354041 0.030715000000000003 9.5000000000000018 0.89117647058823546 0.17712418300653598 320.64000000000004 19.885000000000002 55.500000000000007
decision_type=2 2 2 2 2 2 2 2 2 2 2 2 2 2 10 8 2 2 10 8 2 2 2
left_child=-1 2 8 5 20 22 -6 -7 9 10 12 -10 19 14 16 -15 21 18 -18 -2 -5 -14 -4
right_child=1 -3 3 4 6 7 -8 -9 11 -11 -12 -13 13 15 -16 -17 17 -19 -20 -21 -22 -23 -24
leaf_value=-0.005353369426004671 -0.0036114730297023842 -0.0024839652178043868 0.030151102891653646 -0.016730419088032231 0.04771224260228444 0.0070795793180265104 -0.010438899175914286 -0.016766676668079558 0.0063090833856289706 0.0069650938732648488 0.025873278637704812 0.042005528840908066 0.021605016436072613 0.019721246149772116 0.027026827886233385 -0.017154085010958969 -0.010081743355949144 -0.015184440576392788 0.0102823068782291 0.0086080635268034021 0.014330676769157986 -0.017433811520633002 -0.012833874903858679
leaf_weight=424.62284943182021 124.12131188530475 504.26057282742113 13.861943211406471 7.5111962184309951 14.851857433095576 29.677704425528646 2.2248521484434596 26.498095095157623 193.25411459710449 178.80353777389973 14.825239155441521 5.2344834096729747 3.5453549008816472 20.810222519561652 5.4691275311633936 7.140270832926034 43.996392607688904 46.262074540369213 56.491370390169322 95.371570306830108 51.02172483690083 101.59644171223044 4.1892722509801379
leaf_count=15172 1838 13050 274 89 269 255 49 395 2575 2300 120 61 47 254 70 109 512 794 721 1370 601 1633 49
internal_value=-0.000105617 0.00133611 0.0031776 0.00991801 0.0175319 0.00190574 0.0398359 -0.0043584 0.00203201 0.000415245 -0.00185661 0.0076601 -0.00276988 -0.00621794 -0.00801793 0.00978458 -0.00898574 -0.00400088 0.0013436 0.00172781 0.00992371 -0.0157387 0.0198902
internal_weight=1975.64 1551.02 1046.76 149.837 75.6096 74.227 17.0767 56.1758 896.922 698.433 519.629 198.489 504.804 285.311 257.361 27.9505 251.892 146.75 100.488 219.493 58.5329 105.142 18.0512
internal_count=42607 27435 14385 1981 1008 973 318 650 12404 9768 7468 2636 7348 4140 3777 363 3707 2027 1233 3208 690 1680 323
is_linear=0
shrinkage=0.03


Tree=97
num_leaves=24
num_cat=0
split_feature=143 27 134 7 45 3 43 39 128 73 116 76 133 6 42 130 60 60 13 106 51 128 133
split_gain=17.6568 12.6341 11.1255 11.6443 10.7149 10.3623 10.3421 10.7449 16.3251 10.1756 11.0548 10.1724 11.6837 10.1802 13.1109 9.95809 9.78992 12.0608 9.92806 15.9016 13.3105 12.6524 9.72578
threshold=1.5000000000000002 3.5000000000000004 4103.6900000000014 0.28050000000000008 0.032950000000000007 1.0000000180025095e-35 0.050455000000000007 0.12315000000000002 -21257.394999999993 0.35910447761194036 0.063508064516129045 1.1045500000000004 0.53589743589743599 0.93150000000000011 0.26915000000000006 -1216.3149999999994 0.92585000000000006 0.96425000000000016 0.5101500000000001 9.5000000000000018 0.013950000000000002 323.67000000000013 0.43875000000000003
decision_type=2 2 2 8 2 2 2 2 2 2 8 2 8 10 2 2 2 2 2 8 2 2 10
left_child=1 2 16 -4 9 -3 -6 8 -8 -2 15 12 -12 -13 -15 -11 -1 18 19 -18 -21 -22 -9
right_child=4 5 3 -5 6 -7 7 22 -10 10 11 13 -14 14 -16 -17 17 -19 -20 20 21 -23 -24
leaf_value=-0.00019016729266879923 -0.0036246349125033861 0.027157697890474595 -0.0060785315563101818 0.00059723301491469347 -0.0016464979048677235 -0.0044568304675950427 0.036075743210821007 0.017873998934708656 -0.010482631458046114 0.013820691187356441 0.0068102749340402495 0.017560522835366535 0.03518953724089225 0.075746272550620122 0.0048335257424574661 -0.011464851841469458 0.0053046913089162956 -0.0027682723048858063 0.0019998861590188274 -0.0090669388349165631 0.087560455151872538 0.018619875315470866 -0.0011942932969165646
leaf_weight=177.53512969519943 40.641116738319397 22.135703951120377 656.56996646616608 365.23532478045672 308.52697121351957 14.401544056832789 5.9461324568837872 83.449622135609388 44.727290945127606 26.250017149373889 72.735985500738025 20.974017567932609 14.351396286860107 6.4121607802808267 3.6539764553308487 25.84424127265811 10.984843925572934 24.903356195427477 13.204511720687149 2.1172681748867026 6.569350731559096 5.1979608833789825 33.182881021872163
leaf_count=4106 476 137 21565 7450 3871 94 63 834 466 309 831 233 160 90 29 291 330 564 119 59 190 150 335
internal_value=0.000239538 -0.00181707 -0.0023302 -0.00369583 0.0041235 0.0151119 0.00161325 0.00757295 -0.00385702 0.00971973 0.0129108 0.017917 0.012172 0.0323229 0.055073 0.00131631 0.00345426 0.0134176 0.0236143 0.0340875 0.0533241 0.0642363 0.0125202
internal_weight=1985.55 1298.85 1262.32 1021.81 686.696 36.5372 475.833 167.306 50.6734 210.863 170.222 118.128 87.0874 31.0402 10.0661 52.0943 240.512 62.9773 38.0739 24.8694 13.8846 11.7673 116.633
internal_count=42752 34764 34533 29015 7988 231 5569 1698 529 2419 1943 1343 991 352 119 600 5518 1412 848 729 399 340 1169
is_linear=0
shrinkage=0.03


Tree=98
num_leaves=24
num_cat=1
split_feature=143 88 145 0 9 12 48 0 45 67 23 5 132 40 70 44 43 61 43 73 44 37 105
split_gain=16.9451 15.1492 14.6014 12.9327 13.6662 11.5756 10.3151 11.5197 10.8769 12.6237 15.7183 10.735 10.0455 10.0416 11.9601 10.6593 10.4325 9.93102 9.70534 11.4595 15.8643 9.55147 9.42942
threshold=1.5000000000000002 0 2.5000000000000004 63.500000000000007 27250.000000000004 3.5000000000000004 1.0205000000000002 66.500000000000014 0.030050000000000004 0.068060784812541755 86.65000000000002 45450.000000000007 0.57738095238095244 0.40685000000000004 0.77500000000000013 0.057585000000000004 0.021845000000000003 6.5000000000000009 0.048775000000000006 0.69951456310679616 0.077525000000000024 21.500000000000004 58.500000000000007
decision_type=2 1 2 2 2 2 2 2 2 2 2 2 10 2 2 2 2 2 2 2 2 2 10
left_child=1 6 3 12 -5 -4 7 -1 9 -8 11 -11 -2 15 -15 -3 -17 -14 19 -13 -21 -16 -6
right_child=2 13 5 4 22 -7 8 -9 -10 10 -12 18 17 14 21 16 -18 -19 -20 20 -22 -23 -24
leaf_value=-0.0032304765017761345 0.0034030140229046502 -0.0087128682775575745 -0.0045429325357050172 -0.0015870319887376491 0.020101714403369046 0.019633837376670168 -0.013962994099575004 0.0259304017552776 0.0044744156008029298 -0.019087324792284453 0.074958797793634707 0.0091435678693586268 0.027091848961009097 -0.0035330636276834169 0.013834449978650094 -0.0094436258993996439 0.0021694286223473318 0.0054725250888943769 0.00036286991248110927 0.067203495760607732 -0.014924950420206669 -0.014374919409500175 0.058476356387780613
leaf_weight=170.23071007337421 351.78862607292831 374.73507401533425 186.49853204190731 14.925801036879419 23.368654595687989 17.706050032749772 6.613229568116366 11.12475379090756 135.91856617014855 4.3541057948023072 3.6900116791948667 9.9747211225330883 33.49679372087121 142.1974190287292 80.383789613842964 97.3308114875108 231.04379147384316 44.291191272437572 10.166980733163653 9.5711781997233611 1.8084973422810424 10.777278764173387 7.9315423704683772
leaf_count=4679 3738 10669 2776 128 271 129 290 269 3236 71 174 227 354 4441 1294 3128 5725 461 198 194 55 179 91
internal_value=0.000588198 -0.00141914 0.00441839 0.00728921 0.0220597 -0.00227653 0.00363861 -0.00117835 0.00889074 0.021164 0.0274247 0.0188356 0.00560492 -0.00339224 0.00189755 -0.00526856 -0.00130903 0.0152279 0.0249002 0.0355511 0.0538714 0.0102625 0.032754
internal_weight=1979.93 1299.92 680.007 475.803 46.226 204.205 363.453 181.355 182.097 46.1787 39.5655 35.8755 429.577 936.468 233.358 703.11 328.375 77.788 31.5214 21.3544 11.3797 91.1611 31.3002
internal_count=42777 34829 7948 5043 490 2905 9393 4948 4445 1209 919 745 4553 25436 5914 19522 8853 815 674 476 249 1473 362
cat_boundaries=0 1
cat_threshold=622863492
is_linear=0
shrinkage=0.03


Tree=99
num_leaves=24
num_cat=1
split_feature=24 88 43 47 130 0 133 78 18 47 143 47 37 2 134 124 4 106 112 134 7 51 51
split_gain=18.8931 12.396 14.6603 13.3906 12.7961 17.174 13.8794 13.5703 10.7241 14.4711 9.91001 9.90951 9.68621 12.4489 8.94988 13.6468 11.22 16.8827 10.9886 10.69 10.6989 9.77662 10.5721
threshold=285.00000000000006 0 0.069315000000000015 21.735000000000003 -1172.9749999999997 44.500000000000007 0.21980676328502416 0.2748850000000001 23.500000000000004 56.235000000000007 1.5000000000000002 103.26500000000001 5.5000000000000009 31.500000000000004 4035.1300000000006 573.7700000000001 1.5000000000000002 15.500000000000002 7.5000000000000009 15949.745000000003 0.16550000000000004 0.27385000000000004 0.15615000000000004
decision_type=2 1 2 2 2 2 10 2 2 2 2 2 2 2 2 2 2 10 2 2 8 2 2
left_child=-1 10 3 4 5 -3 -7 -8 -4 -10 14 -11 13 -12 15 16 17 -2 -17 -16 -21 22 -22
right_child=1 2 8 -5 -6 6 7 -9 9 11 12 -13 -14 -15 19 18 -18 -19 -20 20 21 -23 -24
leaf_value=0.0057431565077151062 -0.0070396768481772636 -0.0017917600098399063 0.00058503211062257076 -0.0050188509997501065 -0.0051980738330683228 -0.0071304604789802052 0.084012478510311905 0.011084987120892096 -0.0043436810640884952 0.041863981612428679 0.017319678893107929 0.0063511198214523173 0.015605962012304627 -0.01765358653075395 -0.0098161206681934426 -0.0084604883141672256 -0.0084196596932781149 0.050320392512325653 0.041491504323183222 -0.00839874386480087 0.0059572902987856625 -0.0093248840976866317 0.034487915005439351
leaf_weight=502.33109976164997 8.8598252488300187 11.810167987830939 123.04363496322185 869.95035556331277 22.594055009074509 3.0107785928994408 5.9323675064370018 4.2037376081570983 17.640710746869445 18.301308654248718 13.891113877296446 12.115919700823722 90.851358896121383 19.705365505069494 97.680521854199469 4.4440811090171364 34.748695516958833 6.7703846246004096 14.33895392809063 37.45947437081486 29.885507109574974 14.352072024717925 18.384167802520096
leaf_count=4211 233 319 3229 23833 564 86 138 96 246 211 168 162 1173 279 3147 122 961 175 395 1484 740 342 450
internal_value=0.000728252 -0.000979354 -0.00260122 -0.00416456 0.0110365 0.0250292 0.0461783 0.0605784 0.00535747 0.0170649 0.00346714 0.0289829 0.0106058 -0.00303256 0.000407057 0.00953987 0.00105898 0.0206963 0.029996 -0.00285044 0.00400727 0.0114586 0.0177634
internal_weight=1982.31 1479.97 1088.6 917.501 47.5511 24.9571 13.1469 10.1361 171.102 48.0579 391.372 30.4172 124.448 33.5965 266.924 69.1619 50.3789 15.6302 18.783 197.762 100.081 62.6217 48.2697
internal_count=42764 38553 28884 25036 1203 639 320 234 3848 619 9669 373 1620 447 8049 1886 1369 408 517 6163 3016 1532 1190
cat_boundaries=0 1
cat_threshold=574792708
is_linear=0
shrinkage=0.03


Tree=100
num_leaves=24
num_cat=2
split_feature=13 7 107 125 107 0 46 0 88 108 43 61 67 60 26 38 136 120 51 88 44 45 44
split_gain=16.857 13.932 12.4424 13.5337 10.9365 11.5704 10.669 12.6647 9.85562 11.555 16.8732 13.1805 13.9313 11.4095 14.2508 11.2241 12.2186 10.3843 11.6716 9.59946 10.4111 13.124 9.24691
threshold=0.074750000000000025 0.31850000000000006 70.500000000000014 1560.2250000000001 83.500000000000014 57.500000000000007 1.6745000000000003 60.500000000000007 0 27.500000000000004 0.069315000000000015 186.50000000000003 0.053490029276915436 0.78775000000000006 0.29475000000000007 0.13375000000000004 43799.915000000008 392.15000000000003 0.087050000000000002 1 0.13146500000000003 0.19605000000000003 0.16117500000000004
decision_type=2 8 10 2 10 2 2 2 1 8 2 2 2 2 2 2 2 2 2 1 2 2 2
left_child=-1 2 8 -4 -5 -6 7 19 9 10 11 12 -2 -12 -15 -10 -17 18 -14 20 -3 22 -22
right_child=1 6 3 4 5 -7 -8 -9 15 -11 13 -13 17 14 -16 16 -18 -19 -20 -21 21 -23 -24
leaf_value=-0.011836628503220399 0.037727764091247985 -0.003837190285095065 -0.0067510791148002831 0.037711634707731291 0.0033934787249822115 0.032231456469049263 -0.01003120719603536 0.017589408853062118 0.001173915500765863 -0.0014770208947265915 0.0011311161784014218 0.045980891914139801 0.058948287790308633 -0.00042941009109967611 0.066035769031466962 -0.0069405744953033996 0.016351044285421612 -0.0064402697005492967 -0.0039479122488336816 0.006996168388085389 0.053581976748227456 -0.017128927252516378 0.0015838726530516835
leaf_weight=97.429808805696666 6.602117550559341 177.1062377486378 38.570538578554988 13.09335182700306 62.844037509523332 13.829895098693667 39.985953196883202 68.487729214131832 289.45017280522734 201.06253974232823 6.5971634238958385 4.463243080303072 2.9656306626275164 3.8896395741030565 9.1584041118621808 541.83588218688965 19.202311494387686 69.533526849932969 5.2092917785048485 297.96660073939711 6.8353684302419442 4.8371395468711844 4.9155376739799976
leaf_count=5852 217 2572 455 160 853 164 535 925 7075 4652 115 91 66 117 132 12251 502 1477 99 4172 91 68 63
internal_value=0.000203496 0.000836544 -0.000922837 0.00786853 0.0141604 0.0092822 0.00460392 0.00568062 -0.00190737 0.00258381 0.01059 0.00468508 0.00148414 0.0343748 0.0487987 -0.00351653 -0.00608814 -0.0024645 0.0259711 0.0039572 -0.00145 0.0197577 0.0352246
internal_weight=1985.87 1888.44 1288.31 128.338 89.7673 76.6739 600.135 560.149 1159.97 309.482 108.419 88.7738 84.3106 19.6452 13.048 850.488 561.038 77.7084 8.17492 491.661 193.694 16.588 11.7509
internal_count=42704 36852 28426 1632 1177 1017 8426 7891 26794 6966 2314 1950 1859 364 249 19828 12753 1642 165 6966 2794 222 154
cat_boundaries=0 1 2
cat_threshold=572723458 68698646
is_linear=0
shrinkage=0.03


Tree=101
num_leaves=24
num_cat=3
split_feature=67 2 60 22 88 106 98 30 7 51 7 130 88 43 121 30 76 22 43 4 1 43 29
split_gain=14.9728 14.6973 14.6318 14.0846 13.9928 12.144 10.0985 13.8099 16.7565 11.9736 9.55588 9.50907 9.50098 9.83115 9.04281 9.48263 9.06188 12.7589 10.4486 10.7914 11.8286 12.1523 9.19316
threshold=0.10269157913223832 18.500000000000004 0.54705000000000015 636.50000000000011 0 62.500000000000007 1 0.86565000000000014 0.23450000000000001 0.25275000000000009 0.70450000000000002 -11274.49 2 0.013235000000000002 5154.920000000001 0.75960000000000016 0.12345000000000002 693.50000000000011 0.015245000000000002 2.5000000000000004 13.750000000000002 0.023015000000000004 0.14535000000000003
decision_type=2 2 2 8 1 8 1 8 10 2 10 2 1 2 2 8 2 10 2 2 8 2 2
left_child=12 2 -2 4 11 10 -5 8 -8 -10 -6 -3 13 -1 15 -4 22 -18 -19 20 21 -20 -17
right_child=1 3 14 6 5 -7 7 -9 9 -11 -12 -13 -14 -15 -16 16 17 18 19 -21 -22 -23 -24
leaf_value=-0.014269270479014358 0.044470464948322436 -0.010450448119489347 -0.006343138927266621 -0.0052552917931429416 -0.0015771555316785914 0.026599508582373848 0.0027064022247598402 -0.0007646037899237579 0.074910713392601649 -0.0026052041483777505 0.01737810830975418 0.012614923779862916 -0.0072357060886962038 0.0075123410290639349 -0.0074543058262843825 0.03301620238552834 0.0043157754951922518 -0.0107117458546265 0.11184886341941506 -0.00063867044421257789 -0.013412936175876749 0.032184745226191615 -0.0035028391330101643
leaf_weight=21.381801249459386 7.5309922555461517 16.248454913496971 30.901919667609036 472.9234185628593 493.85532897803932 13.132261116057633 12.105577392503621 71.583674216642976 5.3048804011195889 2.203565439209342 23.152876399457455 169.93748577311635 320.53368688654155 91.188593334518373 34.757430086843669 25.852433562278748 130.95308344066143 3.9239050224423435 1.7829078827053315 4.6054190741851917 1.4529182389378554 8.3782405266538245 7.5200012931600204
leaf_count=936 108 193 500 12901 5598 143 364 1846 110 49 159 1824 11725 3048 576 283 1590 129 49 120 36 232 188
internal_value=-2.31797e-05 0.00136516 0.0078731 4.53566e-05 0.00283416 0.000103348 -0.0034934 0.00555996 0.0265771 0.0563986 -0.000664598 0.00927957 -0.00493727 0.00262537 0.00642718 0.00871541 0.011279 0.00794886 0.0290447 0.0387828 0.0522123 0.0622585 0.0250544
internal_weight=1971.21 1538.11 257.659 1280.45 716.326 530.14 564.121 91.1977 19.614 7.50845 517.008 186.186 433.104 112.57 250.128 215.371 184.469 151.096 20.1434 16.2195 11.6141 10.1611 33.3724
internal_count=42707 26998 3811 23187 7917 5900 15270 2369 523 159 5757 2017 15709 3984 3703 3127 2627 2156 566 437 317 281 471
cat_boundaries=0 1 2 3
cat_threshold=571487272 2 570691793
is_linear=0
shrinkage=0.03


Tree=102
num_leaves=24
num_cat=3
split_feature=27 88 26 118 88 44 46 137 25 106 117 126 1 120 0 44 124 70 118 125 26 88 46
split_gain=15.3304 13.6714 14.6909 9.59291 12.7943 9.64078 16.7147 11.8791 10.9035 9.42901 12.2603 10.1788 9.26064 8.9668 20.3199 14.9492 9.69173 8.32086 15.303 13.1502 12.5188 12.0092 9.97839
threshold=1.0000000180025095e-35 0 0.26555000000000006 0.13961038961038963 1 0.105285 0.99250000000000005 2.0968086549919698 285.00000000000006 8.5000000000000018 0.40833333333333338 989.3850000000001 8.2500000000000018 14936.495000000001 43.500000000000007 0.059415000000000003 1090.8600000000001 2.4142857142857146 0.06458333333333334 2805.7350000000001 0.95405000000000006 2 0.97250000000000003
decision_type=2 1 2 10 1 2 2 8 2 10 8 2 8 2 2 2 2 2 8 2 2 1 2
left_child=1 -1 -3 12 -5 9 -7 8 -8 11 13 -6 -4 16 -15 -16 -11 18 19 -2 22 -19 -20
right_child=17 2 3 4 5 6 7 -9 -10 10 -12 -13 -14 14 15 -17 -18 21 20 -21 -22 -23 -24
leaf_value=0.0032784359432313456 0.0048678224091386404 -0.0093816264602807724 -0.0094010789652062814 -0.0048530223864780581 -0.0061694684964200613 -0.001202898952411769 0.02212707794083793 -0.011574043133608096 0.080399945261791006 0.033633274863740473 0.00045750446692198612 0.030888556026642477 0.0034949728791016403 -0.0024682839967868565 0.09618173203777583 -0.00027581895997408167 -0.0041334550625717233 0.0077830574895786531 -0.0083108006075926603 0.030413486379525893 0.03485458543628564 -0.00097687160882842044 0.0079313940809552664
leaf_weight=310.16518606804311 33.188507002778351 294.02907387632877 162.58161057997495 111.43202955182642 68.330225613899529 14.224751518107952 8.4969498775899428 2.4288298981264225 5.2586124362424007 8.6615360863506812 37.285170139744878 5.3825619518756858 70.802484091371298 4.8263349328190071 4.3173502879217267 1.8605463858693836 13.452699583955107 172.76012954674661 63.657181838527322 40.514841958880424 8.043719878420232 470.93626384902745 68.697006165981293
leaf_count=8229 430 12063 3543 2283 1531 311 113 52 162 167 788 76 1473 118 95 49 289 2293 876 579 42 6272 949
internal_value=0.000354402 -0.00195007 -0.00392713 -0.00100321 0.00267327 0.00715344 0.0229899 0.042047 0.0517823 0.00476687 0.0124632 -0.002719 -0.00549231 0.0251836 0.0453467 0.0741693 0.0122214 0.0033703 0.0084657 0.0193428 0.00256417 0.00165453 0.000112107
internal_weight=1981.33 1123.54 813.371 519.342 285.958 174.526 30.4091 16.1844 13.7556 144.116 70.4036 73.7128 233.384 33.1185 11.0042 6.1779 22.1142 857.798 214.101 73.7033 140.398 643.696 132.354
internal_count=42783 31342 23113 11050 6034 3751 638 327 275 3113 1506 1607 5016 718 262 144 456 11441 2876 1009 1867 8565 1825
cat_boundaries=0 1 2 3
cat_threshold=575804420 77603363 10518964
is_linear=0
shrinkage=0.03


Tree=103
num_leaves=24
num_cat=0
split_feature=143 134 107 60 72 137 32 44 51 1 42 6 115 29 76 74 30 60 26 42 1 42 29
split_gain=11.4695 14.2442 11.2722 10.7187 12.152 12.0773 15.5254 10.0566 10.257 9.97833 11.6176 15.6021 10.6623 12.3843 10.4141 9.96657 10.7307 9.87263 13.2907 9.82895 9.26451 13.1105 9.39912
threshold=2.5000000000000004 4103.6900000000014 69.500000000000014 0.91855000000000009 1.8750000000000002 0.37846604440329207 71.500000000000014 0.045785000000000006 0.096150000000000013 6.2500000000000009 0.21035000000000001 0.87550000000000006 0.86607142857142871 0.20855000000000004 1.1302500000000002 0.18405368988391382 0.65645000000000009 0.77285000000000015 0.18035000000000004 -0.58839999999999992 12.950000000000001 -0.053249999999999992 0.046950000000000006
decision_type=2 2 10 2 2 10 2 2 2 10 2 8 10 2 2 2 10 2 2 2 8 2 2
left_child=1 3 7 -1 5 15 -7 -3 9 10 11 14 13 -12 -9 16 -5 18 -10 -4 22 -22 -21
right_child=-2 2 19 4 -6 6 -8 8 17 -11 12 -13 -14 -15 -16 -17 -18 -19 -20 20 21 -23 -24
leaf_value=0.0011524668196870112 0.0048536413730377896 -0.0067221394086008279 0.042120098386944575 0.051739796370617853 -0.0047352212051554425 -5.1904445530594266e-05 0.046646602276314626 0.033578691275862327 -0.016114345665959984 -0.003980004221131905 -0.0062521226387937867 -0.0078602887667600999 0.02597373640582969 0.038768584312492103 -0.0069024171322049719 -0.0094095261966879243 0.0023172929441270616 -0.0065186826243249542 0.007556265698694593 0.009226859140213815 -0.021970536196239985 0.036023397631195608 -0.0082469194020989185
leaf_weight=220.08839331939816 368.27321881242096 465.41306749731302 4.4725932134315363 17.635122488252826 23.782785169780254 34.073135492391884 5.8900522887706748 15.116373049095275 24.402523276396096 90.225624060258269 25.627773104235533 57.44990898296237 43.989435104653239 4.877691854722797 7.7023544013500205 3.2438660301268092 5.1931569753214708 323.20566728617996 110.45967453438789 54.485415724106133 3.0910239871591356 13.17219748534262 52.385247546248138
leaf_count=4525 3683 12874 133 421 303 783 145 483 1116 2436 411 1931 783 184 245 70 82 8382 2244 431 63 152 938
internal_value=9.34525e-05 -0.0010028 -0.00238489 0.00475552 0.0133669 0.019834 0.00872602 -0.00331129 -0.00104069 0.00389429 0.00847714 0.000492074 0.0168433 0.00288893 0.0204594 0.0350256 0.0415891 -0.00368554 0.00310031 0.00601822 0.00405465 0.023802 0.00066751
internal_weight=1974.26 1605.98 1296.08 309.907 89.8181 66.0353 39.9632 1168.47 703.057 244.989 154.764 80.2686 74.4949 30.5055 22.8187 26.0721 22.8283 458.068 134.862 127.606 123.134 16.2632 106.871
internal_count=42818 39135 32806 6329 1804 1501 928 31089 18215 6473 4037 2659 1378 595 728 573 503 11742 3360 1717 1584 215 1369
is_linear=0
shrinkage=0.03


Tree=104
num_leaves=24
num_cat=1
split_feature=144 24 12 2 88 13 141 29 6 76 99 42 35 134 6 131 14 40 134 13 66 25 24
split_gain=17.0937 13.4553 10.1363 9.83397 20.057 13.8661 10.5496 12.7762 14.3937 14.7981 13.8642 10.8429 10.4819 10.196 9.93688 9.61167 9.61056 9.85889 9.60903 10.0706 9.63063 9.51727 9.50847
threshold=0.80000000000000016 285.00000000000006 1.0000000180025095e-35 34.500000000000007 0 0.10615000000000001 4435.1450000000013 0.14025000000000001 0.86350000000000005 1.0070500000000002 510.52000000000004 -0.84734999999999994 0.097550000000000012 26945.825000000004 0.98450000000000004 0.22401433691756276 1.0000000180025095e-35 0.25745000000000007 2150.6800000000007 0.37375000000000008 0.25939928894364489 15505.000000000002 165.00000000000003
decision_type=2 2 2 2 1 2 2 2 10 2 2 2 2 2 8 8 2 2 2 2 2 2 2
left_child=1 22 -2 4 13 -5 11 -8 9 10 -9 12 -7 -3 -15 -4 -10 -18 19 20 -6 -16 -1
right_child=2 3 15 5 18 6 7 8 16 -11 -12 -13 -14 14 21 -17 17 -19 -20 -21 -22 -23 -24
leaf_value=0.0013019989664137255 0.041231643006496392 0.014091002608710003 0.032798148924644964 -0.016150958592670205 -0.01645626137049205 0.043064538426723364 -0.0021694509473266644 0.090964756011059814 -0.019874030968992953 0.0138352064223432 -0.00035055181378163398 -0.0047418258394408041 -0.0073191099712395236 -0.012419941392498622 0.039692152245236985 0.00017084358609879884 0.043498313704833494 -0.0064996554143317052 -0.0039296500162988735 -0.004768253588107685 0.040510892720790344 -0.017751551965202169 0.010844356841123188
leaf_weight=355.38596900738776 10.153792057186363 132.39096979144961 9.1861292850226146 75.181372039951384 2.1669091833755401 6.50326409190893 65.428908419795334 4.1553633362054851 8.9376530423760432 12.587758863344787 1.9568167822435496 652.54010910913348 5.7119640046730638 27.477874541655183 5.6642197240143997 29.782029626891017 4.8007544791325909 6.4958908371627331 391.7846045633778 12.902675725519655 11.376057819463311 2.5150053044781089 126.10657032206655
leaf_count=2930 129 3059 80 4596 60 247 1229 151 365 413 69 15974 248 660 86 262 142 207 9862 170 342 104 1140
internal_value=-3.50342e-05 -0.000492256 0.0170853 -0.00195226 0.00103091 -0.0040213 -0.00279681 0.00599174 0.0191425 0.0367324 0.0688513 -0.0041904 0.0217896 0.00898061 -0.00377226 0.00908789 0.00104459 0.0180949 -0.00257213 0.0141408 0.0304513 0.0220116 0.00383574
internal_weight=1961.19 1912.07 49.122 1430.58 586.278 844.3 769.118 104.363 38.9342 18.6999 6.11218 664.755 12.2152 168.048 35.6571 38.9682 20.2343 11.2966 418.23 26.4456 13.543 8.17923 481.493
internal_count=42525 42054 471 37984 14343 23641 19045 2576 1347 633 220 16469 495 3909 850 342 714 349 10434 572 402 190 4070
cat_boundaries=0 1
cat_threshold=126094340
is_linear=0
shrinkage=0.03


Tree=105
num_leaves=24
num_cat=2
split_feature=143 7 88 107 47 137 44 7 88 22 29 60 22 18 105 19 131 118 43 7 128 23 29
split_gain=16.9918 13.1483 12.9828 13.2299 12.6956 12.5035 15.0312 12.2288 12.4509 13.1972 10.5599 10.0405 12.2174 9.86519 10.7747 10.416 10.1013 9.61903 14.4702 9.49528 9.14385 11.6738 11.1612
threshold=1.0000000180025095e-35 0.44550000000000006 0 71.500000000000014 21.735000000000003 1.9746330119738864 0.066155000000000005 0.18250000000000002 1 616.50000000000011 0.068850000000000008 0.88195000000000012 655.50000000000011 42.500000000000007 150.50000000000003 49.500000000000007 0.27681992337164757 0.078461538461538485 0.067870000000000014 0.12050000000000001 -44081.999999999993 79.350000000000009 0.07605000000000002
decision_type=2 10 1 10 2 8 2 8 1 10 2 2 8 2 10 2 10 10 2 8 2 2 2
left_child=4 2 13 17 5 -1 10 8 9 -6 -7 12 -5 14 15 -2 -16 18 -4 -13 21 22 -19
right_child=1 -3 3 11 7 6 -8 -9 -10 -11 -12 19 -14 -15 16 -17 -18 20 -20 -21 -22 -23 -24
leaf_value=0.0038387510674524846 0.0010326521175797472 0.012616488042730427 -0.011660226200859446 -0.0073252136532517579 0.013632404483378621 0.0030487028052926437 -0.00033626838262491285 -0.00016859299996120007 -0.0096496169452759371 -0.0054930412948865021 0.088230964966649769 0.056345618988874746 0.032106758980448319 0.02072927813113061 -0.0076122499414415529 0.03245339002557994 0.054696297032524113 -0.00035371069219019413 0.0097699357810805895 0.013939782921447139 -0.0002254076537140723 -0.01887993985474665 0.061031593065835103
leaf_weight=43.803164466284215 145.57422201149166 115.89283326268196 149.84558846242726 29.294291276484728 49.697998948395252 1.9381368001922945 5.2621099874377251 573.95302001666278 311.49945626594126 85.415715468116105 3.2808578526601195 5.1056867241859463 7.1419734954833975 45.724640132859349 2.8379959650337687 8.1702733840793353 5.1088072583079338 4.1609652154147607 33.256654484197497 21.091427115723491 317.36906319856644 2.9937917739152899 5.30658926256001
leaf_count=1158 2123 959 2310 211 857 30 122 13284 11718 3743 106 49 113 348 43 160 77 40 429 163 4587 89 68
internal_value=0.000233583 0.00327356 0.00186205 -0.000600881 -0.00231005 0.0115721 0.0380975 -0.00306963 -0.00678045 0.00138538 0.0662061 0.0121693 0.00167242 0.00777996 0.00509771 0.00309772 0.035388 -0.00223061 -0.00770438 0.0256148 0.000836219 0.0241659 0.0386964
internal_weight=1973.73 898.875 782.982 575.566 1074.85 54.2843 10.4811 1020.57 446.613 135.114 5.21899 62.6334 36.4363 207.416 161.691 153.744 7.9468 512.933 183.102 26.1971 329.83 12.4613 9.46755
internal_count=42787 11769 10810 8059 31018 1416 258 29602 16318 4600 136 536 324 2751 2403 2283 120 7523 2739 212 4784 197 108
cat_boundaries=0 1 2
cat_threshold=570590497 560079112
is_linear=0
shrinkage=0.03


Tree=106
num_leaves=24
num_cat=2
split_feature=14 88 40 40 44 90 17 2 37 22 38 60 6 37 51 37 41 40 1 13 129 120 73
split_gain=17.1056 13.3817 13.1168 14.1207 12.0553 11.4936 14.092 13.5265 11.2894 11.1218 10.343 9.95038 13.7374 13.3692 12.6483 10.2107 12.1099 10.9716 9.78494 16.8543 11.1937 9.96365 9.35487
threshold=1.0000000180025095e-35 0 0.26905000000000007 0.40255000000000007 0.089785000000000018 1 1.5000000000000002 126.50000000000001 17.500000000000004 585.50000000000011 0.17685000000000003 0.91855000000000009 0.82650000000000012 9.5000000000000018 0.19965000000000002 5.5000000000000009 2.6725000000000008 0.17455000000000001 10.65 0.60325000000000006 -6637.4749999999995 5874.795000000001 0.49620974636648624
decision_type=2 1 2 2 2 1 2 2 2 10 2 2 8 2 2 2 2 2 8 2 2 2 2
left_child=-1 2 8 10 9 7 18 11 -2 -5 -4 -3 14 15 22 16 -14 -17 -7 20 -20 -21 -13
right_child=1 5 3 4 -6 6 -8 -9 -10 -11 -12 12 13 -15 -16 17 -18 -19 19 21 -22 -23 -24
leaf_value=-0.0037600043095834864 0.018058663155245035 0.00064611647085458424 -0.013682555430393113 0.029716403222750841 -0.0067708620911181528 -0.0041951235268601166 0.01917583379964221 0.038723931238206943 -0.0029920192534512494 0.0058539595933167123 0.0037983320868433604 0.0048013778205701031 -0.012726118706360427 -0.0085639516863128418 0.0019213997490208988 -0.010365411513394433 0.033485639205548874 0.047062982578606423 0.025120421514091763 0.0045989143177885324 -0.0046111382260914067 0.036479380518748244 0.073465421886688781
leaf_weight=609.16854447219521 122.12177762575448 180.58271841704845 54.009138821624219 32.36163121368736 24.077104417607188 569.30778282880783 26.28441845998168 8.9069179538637382 27.487930580973625 38.53726648259908 65.336102720350027 2.675477213226257 13.07197365164757 27.43408574629575 5.9278477933257809 3.0029692184180012 5.736998936161398 11.995332492515443 10.823065703734754 17.035788727924228 100.78118665330112 17.896299175918102 6.035871715284884
leaf_count=20284 2074 3007 879 250 366 9726 186 141 436 799 1021 43 200 449 78 51 89 179 244 105 1943 106 94
internal_value=0.000415657 0.0022732 0.00696927 0.00264079 0.0111558 0.000384315 -0.00155084 0.00543958 0.0142026 0.0172624 -0.00420769 0.00451907 0.0134827 0.00667289 0.0377446 0.0188251 0.00323277 0.0356979 -0.0024172 0.00445367 -0.00133637 0.0220228 0.057211
internal_weight=1980.6 1371.43 363.931 214.321 94.976 1007.5 742.129 265.37 149.61 70.8989 119.345 256.463 75.8806 61.2414 14.6392 33.8073 18.809 14.9983 715.844 146.536 111.604 34.9321 8.71135
internal_count=42750 22466 5825 3315 1415 16641 12310 4331 2510 1049 1900 4190 1183 968 215 519 289 230 12124 2398 2187 211 137
cat_boundaries=0 1 2
cat_threshold=109188356 50
is_linear=0
shrinkage=0.03


Tree=107
num_leaves=24
num_cat=1
split_feature=144 7 2 0 61 116 138 39 124 88 19 47 135 12 120 71 112 61 116 1 45 24 14
split_gain=15.4326 13.3056 11.542 14.3506 12.7169 14.6693 11.7651 15.1542 11.252 10.4107 15.5709 10.3059 10.2861 16.3246 10.7521 10.1445 9.75831 10.3193 16.3351 11.8046 11.3428 10.5287 10.2639
threshold=0.80000000000000016 0.18150000000000002 36.500000000000007 59.500000000000007 183.50000000000003 0.30860805860805868 45.535000000000004 0.14305000000000004 709.46000000000015 0 8.5000000000000018 91.445000000000007 1504.3900000000001 1.0000000180025095e-35 19009.505000000005 6.5000000000000009 19.500000000000004 6.5000000000000009 0.39009661835748799 4.9500000000000011 0.076850000000000016 44115.000000000007 1.5000000000000002
decision_type=2 8 2 2 2 8 2 2 2 1 2 2 2 2 2 2 2 2 8 8 2 2 2
left_child=1 9 4 6 16 8 -4 -8 -6 10 -1 12 14 15 -11 -14 17 18 20 -19 22 -21 -3
right_child=-2 2 3 -5 5 -7 7 -9 -10 11 -12 -13 13 -15 -16 -17 -18 19 -20 21 -22 -23 -24
leaf_value=0.0013453831806367635 0.016023006485181689 0.016332415331230424 -0.004573735338640657 0.010144295202784115 0.0010529113213465779 -0.0077984948582244798 0.026206182135555429 -0.0045495106162911185 0.05173004715846484 6.8513857240294862e-05 -0.015981265334556165 -0.0067750316480653678 -0.0093921145444892887 0.013823980284984107 -0.018322053861194412 0.032109383144343404 0.013869799138089667 -0.010413257446510876 0.030875608859411943 0.00055904091272214343 -0.0099691052946505442 0.028504522038224789 -0.0016171558513651638
leaf_weight=70.477272287942469 49.315354997292161 63.036357606761158 482.59251255635172 83.76307047624141 5.4909281097352567 8.2007683217525464 24.950825844891369 29.941041267476976 12.796471134759484 188.21637780964375 134.5650217467919 203.2475065542385 54.23490004055202 109.49113965127617 31.737904898822308 3.8960644975304595 69.630426906049252 93.841550771147013 21.010164685547352 120.68267351482064 38.851939001120627 11.500953615643082 50.684626327827573
leaf_count=1220 452 1486 9339 1520 80 116 339 386 193 4753 4708 6012 2251 2578 959 63 1126 1450 337 1749 606 414 526
internal_value=-0.000213113 -0.000647999 0.00146333 -0.00126022 0.00486784 0.0243525 -0.00306855 0.00986015 0.0381177 -0.00360742 -0.00898531 -0.00128397 0.00153318 0.00708873 -0.00272631 -0.00563513 0.00366926 0.00183163 0.00729112 -0.00238833 0.00368593 0.00337912 0.00844273
internal_weight=1962.16 1912.84 1116.97 621.247 495.727 26.4882 537.484 54.8919 18.2874 795.866 205.042 590.824 387.576 167.622 219.954 58.131 469.239 399.608 173.583 226.025 152.573 132.184 113.721
internal_count=42663 42211 19667 11584 8083 389 10064 725 273 22544 5928 16616 10604 4892 5712 2314 7694 6568 2955 3613 2618 2163 2012
cat_boundaries=0 1
cat_threshold=4776048
is_linear=0
shrinkage=0.03


Tree=108
num_leaves=24
num_cat=2
split_feature=143 14 88 43 88 22 35 40 10 50 45 128 121 38 108 40 29 128 106 5 42 29 73
split_gain=12.2894 12.2069 10.4801 10.4552 10.0859 11.9328 10.056 12.3614 9.50511 10.5706 9.04997 9.17021 10.151 10.9566 9.06225 8.84182 13.416 12.2856 8.98269 9.24134 12.504 13.8943 8.69415
threshold=1.0000000180025095e-35 4.5000000000000009 0 0.096860000000000016 1 583.50000000000011 0.07605000000000002 0.49475000000000008 0.97745000000000015 1.5000000000000002 0.36550000000000005 -6008.4049999999997 4890.4500000000007 0.46155000000000007 13.500000000000002 0.30685000000000007 0.051950000000000003 -6818.2349999999997 31.500000000000004 101050.00000000001 0.6634500000000001 0.029750000000000002 0.54701298701298717
decision_type=2 2 1 2 1 10 2 2 2 2 2 2 2 2 8 2 2 2 10 2 2 2 2
left_child=4 2 6 10 -1 15 -2 -8 -7 -10 11 12 13 14 -4 -6 18 -18 19 20 21 -17 -16
right_child=1 -3 3 -5 5 8 7 -9 9 -11 -12 -13 -14 -15 22 16 17 -19 -20 -21 -22 -23 -24
leaf_value=-0.0069662122165026772 -0.00167430504790643 0.014329489717490268 0.021076839864115446 0.013938268192344359 -0.00062574224921777477 -0.0039671177657554313 0.015249599875520872 -0.011214454644580254 -0.0092029489315412997 0.024812588539783891 -0.014996790135720105 -0.0035240601515883654 -0.013762884126789851 0.042225884486071209 -0.0078179804857513614 0.00028413630121005141 -0.025047894230741261 0.0075329668654530134 -0.0096402885598341221 0.031256990625829317 -0.021328984945136777 0.054316952134489539 0.0080459124439757074
leaf_weight=281.78873839788139 72.314727837219834 68.727626234292984 25.76066717877984 38.679838962852955 124.4897179082036 517.12264393735677 124.52884086593986 16.699050409719348 11.750527646392586 20.093094415962696 41.259377732872963 356.28051341697574 21.601722439751029 5.7649092115461817 47.768406577408314 11.089774075895553 12.32240182161331 36.240383870899677 7.704783657565712 39.162635732442141 7.5840095337480298 5.0001709982752791 81.108048984780908
leaf_count=8491 988 352 368 446 1617 19202 1651 218 113 178 553 4913 327 77 749 85 223 594 67 326 47 50 1185
internal_value=-0.000219452 0.00236266 0.00134185 -0.000738653 -0.00238408 -0.000506392 0.00663246 0.0120075 -0.00297256 0.0124585 -0.00179454 -0.000730821 0.00471594 0.00734337 0.0055204 0.00497879 0.0107503 -0.00139791 0.0189215 0.022613 0.00699269 0.0212243 0.0021363
internal_weight=1974.84 900.494 831.766 618.223 1074.35 792.56 213.543 141.228 548.966 31.8436 579.544 538.284 182.004 160.402 154.637 243.594 119.104 48.5628 70.5414 62.8366 23.674 16.0899 128.876
internal_count=42820 11827 11475 8618 30993 22502 2857 1869 19493 291 8172 7619 2706 2379 2302 3009 1392 817 575 508 182 135 1934
cat_boundaries=0 1 2
cat_threshold=637931808 134679136
is_linear=0
shrinkage=0.03


Tree=109
num_leaves=24
num_cat=2
split_feature=68 138 88 144 129 67 2 105 133 128 67 22 32 112 68 132 0 94 68 124 6 43 68
split_gain=11.936 14.4313 10.1438 10.9946 10.0267 10.1325 9.25074 10.8495 9.3971 9.39493 9.18942 8.70325 8.4215 8.36568 10.792 9.14201 8.24083 8.02995 15.0269 15.3527 15.6004 20.3398 18.2196
threshold=0.0098432693950786087 584.23500000000013 0 0.80000000000000016 -1251.5999999999997 0.31150088454422126 25.500000000000004 151.50000000000003 0.21583850931677021 -9058.7049999999981 0.21481081086814788 452.50000000000006 67.500000000000014 19.500000000000004 1.1861083440170466 0.40833333333333338 55.500000000000007 1 1.3859543021619964 2391.7400000000002 0.91850000000000021 0.016595000000000002 2.3818228750537771
decision_type=2 2 1 2 2 2 2 10 8 2 2 10 2 2 2 10 2 9 2 2 8 2 2
left_child=1 10 11 6 -5 -6 7 9 -9 13 -1 -2 -10 -4 -15 -16 -13 -8 -19 -20 21 -21 -23
right_child=2 -3 3 4 5 -7 17 8 12 -11 -12 16 -14 14 15 -17 -18 18 19 20 -22 22 -24
leaf_value=-0.0042168588553163243 0.0084724443618895695 0.040062403944084987 0.0076095765050268925 -0.0034512210466713616 0.043123318121374848 -0.0017253509426709934 -0.0031578358401029953 0.050837548478755969 -0.0075824452998337274 0.00036990795044272121 0.011306600894435375 -0.0076140499477185767 0.040447483127039337 0.0063253541953128059 0.083424486960445285 -0.0031427625950111457 0.0026518184057505059 -0.0014595932261638319 0.0024480461105345058 -0.0074519412794391117 0.0057476508142577151 0.079503369631968829 -0.0011035316684168621
leaf_weight=55.179302457720041 40.912645150907338 9.6988860722631198 62.950027766637504 12.387927535921337 13.241249008104207 6.2409414872527114 646.74126261007041 6.1079922830686 9.3112783115357143 270.03256414737552 85.266643412411213 372.12042851559818 2.7154185371473423 6.5768662076443416 2.7182355821132664 1.2474509337916968 85.61129882093519 201.68389848619699 47.698048174381256 4.3590040896087912 15.910716772079466 10.164166346192358 3.1159298149868837
leaf_count=496 603 66 1415 119 155 44 15820 112 192 5322 642 8959 46 87 89 42 2039 3315 1819 204 660 351 165
internal_value=-9.1967e-05 0.00798093 -0.000765305 0.000634621 0.0175192 0.0299334 0.000203729 0.00426135 0.0256845 0.0029883 0.00523407 -0.00428554 0.00748285 0.0123443 0.0348942 0.0642693 -0.0056908 -0.00138052 0.0027147 0.013678 0.0286079 0.0465429 0.0629215
internal_weight=1971.99 150.145 1821.85 1323.2 31.8701 19.4822 1291.33 361.66 18.1347 343.525 140.446 498.644 12.0267 73.4926 10.5426 3.96569 457.732 929.673 282.932 81.2479 33.5498 17.6391 13.2801
internal_count=42762 1204 41558 29957 318 199 29639 7305 350 6955 1138 11601 238 1633 218 131 10998 22334 6514 3199 1380 720 516
cat_boundaries=0 1 2
cat_threshold=151536480 8918417
is_linear=0
shrinkage=0.03


Tree=110
num_leaves=24
num_cat=2
split_feature=18 88 19 108 128 88 73 99 76 61 115 1 74 7 47 136 73 105 124 123 118 2 47
split_gain=12.6288 11.7352 10.9578 10.2261 13.8436 10.9304 10.7496 11.3081 11.8567 11.2568 10.065 9.76648 9.60336 11.4141 12.1441 10.6569 9.81642 9.70961 9.34267 12.7363 14.3055 13.9224 10.4312
threshold=19.500000000000004 0 30.500000000000004 1.5000000000000002 -10952.599999999997 1 1.5694939415538134 172.72000000000003 1.2231500000000002 10.500000000000002 0.7947368421052633 2.9500000000000006 0.073627260981912149 0.32150000000000006 25.065000000000001 8861.385000000002 1.1639784946236562 9.5000000000000018 2558.3800000000006 5215.3900000000003 0.17028985507246377 29.500000000000004 21.735000000000003
decision_type=2 1 2 8 2 1 2 2 2 2 10 8 2 8 2 2 2 10 2 2 10 2 2
left_child=1 2 -1 4 -2 6 7 -5 -9 -8 -7 -6 15 14 17 16 -4 -14 -3 20 21 -20 -21
right_child=3 18 12 5 11 10 9 8 -10 -11 -12 -13 13 -15 -16 -17 -18 -19 19 22 -22 -23 -24
leaf_value=-0.0001765884471553001 -0.019568046775358432 -0.0059935776296032792 0.053472397239425561 0.0011414123368119662 -0.0025189650299850641 -0.0053404315048256731 0.044218319328812226 0.010991644567274772 0.05436283899607873 0.0070173213247812132 0.0034277356451367621 0.042631451955376619 0.062881976077775376 0.025080801796528197 -0.005105356936850638 -0.0015325209909067144 -0.0056986391526271619 -0.012915036924688478 0.044759446373322437 0.019234444479201078 -0.0036357653900232819 0.0081193350455373153 -0.0038334189576039648
leaf_weight=250.95978780463338 4.6003530658781555 541.01168054062873 10.979339196346702 104.57812818046659 5.4747517369687584 185.71295868512243 13.382309488952162 29.338958467356861 5.5680446242913595 15.700080365873871 314.47699371539056 15.14064283389598 2.4772591963410373 19.211968960240483 52.56672409363091 6.9847068190574637 2.6854480579495421 1.4266553446650503 14.361887687817214 16.78411530982703 30.883273378014565 24.388785175979137 294.65550023876131
leaf_count=6060 54 14757 295 1182 45 2159 138 345 57 160 3532 155 74 418 1798 224 73 55 342 448 845 743 8783
internal_value=0.000123733 -0.00165476 0.00293784 0.00337226 0.0214121 0.00263024 0.00860022 0.00620232 0.0204809 0.0258792 0.00015617 0.0314786 0.0116369 0.00631691 -0.000706322 0.0288557 0.042601 0.0401909 -0.00337528 0.000133525 0.0115455 0.0232293 -0.00247545
internal_weight=1963.35 1269.38 347.292 693.973 25.2157 668.757 168.568 139.485 34.907 29.0824 500.19 20.6154 96.3321 75.6826 56.4706 20.6495 13.6648 3.90391 922.085 381.074 69.6339 38.7507 311.44
internal_count=42742 34915 8997 7827 254 7573 1882 1584 402 298 5691 200 2937 2345 1927 592 368 129 25918 11161 1930 1085 9231
cat_boundaries=0 1 2
cat_threshold=589435012 584581408
is_linear=0
shrinkage=0.03


Tree=111
num_leaves=24
num_cat=1
split_feature=67 74 7 41 0 60 116 26 44 40 113 42 51 32 88 46 69 0 12 116 129 30 77
split_gain=14.1126 9.87065 12.8055 11.8639 10.1856 10.1539 9.94227 11.1164 11.052 13.5615 11.2215 11.1954 12.9561 9.40312 9.37969 17.198 11.847 12.1849 11.6408 9.63282 9.17151 9.10253 9.26663
threshold=0.099636877448653516 0.010183341629334661 0.13450000000000004 1.8255000000000001 34.500000000000007 0.77075000000000016 0.45889639639639646 0.32225000000000004 0.053185000000000003 0.16755000000000003 1.5000000000000002 -0.45704999999999996 0.15615000000000004 72.500000000000014 0 1.2185000000000004 1.1871572781295179 50.500000000000007 4.5000000000000009 0.20881782945736438 -311.52999999999992 0.88965000000000016 1.5000000000000002
decision_type=2 2 8 2 2 2 8 2 2 2 2 2 2 2 1 2 2 2 2 10 2 8 2
left_child=-1 2 -2 21 6 -4 7 -5 11 10 -10 12 -9 -11 15 -6 -17 -18 -16 -20 -15 -3 -23
right_child=1 3 5 4 14 -7 -8 8 9 13 -12 -13 -14 20 18 16 17 -19 19 -21 -22 22 -24
leaf_value=-0.0045588716131717191 -0.014300150326748563 -0.0048787943622810685 0.051895095165978844 -0.0029846558355320655 -0.00063179465882530169 0.011613926188019196 -0.012498319243452566 0.064433490794050211 0.00063320227730149733 0.0074494730416059434 0.058453282056370924 -5.9252406789173846e-05 -0.011677075555276197 0.051415034026333004 -0.0030716328730752041 0.011018710926183589 0.075569986850466953 -0.0032087819390343923 0.030567606261903128 -0.006716632319019874 0.0066485478940150784 0.018692127408232534 -0.0099601628013770444
leaf_weight=410.46683598682284 7.3435736186802378 25.477752381004393 7.9684626068919924 65.699784080497921 236.17605446279049 16.697517735883594 22.678986550308764 3.3182243648916474 4.1050533540546885 67.349663618020713 9.9241217169910652 79.481949605047703 2.3896246403455734 8.0624800901860016 794.58807594515383 87.759850485250354 3.3630935708060852 2.4013650892302394 15.121569119393827 8.8431071527302247 8.128796109929679 76.832966001704335 10.386517964303492
leaf_count=15178 132 481 81 1894 3979 219 389 74 55 905 111 1079 47 113 14526 1381 128 101 146 86 103 1417 200
internal_value=0.000378587 0.00167849 0.0176671 0.00132185 0.000571065 0.0275432 0.00577828 0.00753302 0.0113054 0.0180997 0.0437246 0.00328692 0.0378074 0.0128748 -0.000666431 0.0034475 0.0144487 0.050379 -0.00236093 0.0173519 0.032142 0.0106029 0.0151333
internal_weight=1974.57 1564.1 32.0096 1532.09 1419.39 24.666 271.139 248.46 182.76 97.5701 14.0292 85.1898 5.70785 83.5409 1148.25 329.7 93.5243 5.76446 818.553 23.9647 16.1913 112.697 87.2195
internal_count=42825 27647 432 27215 25117 300 4770 4381 2487 1287 166 1200 121 1121 20347 5589 1610 229 14758 232 216 2098 1617
cat_boundaries=0 1
cat_threshold=554833156
is_linear=0
shrinkage=0.03


Tree=112
num_leaves=24
num_cat=0
split_feature=26 107 2 13 9 32 38 27 115 74 107 30 42 51 43 138 125 37 77 103 131 45 76
split_gain=12.1063 10.122 9.91207 10.2679 11.2517 10.1418 9.86289 13.1104 11.3786 10.3814 9.66982 8.95433 8.80344 9.05873 8.4821 8.65042 15.1668 13.7395 8.6648 8.42571 8.33008 9.3175 8.00208
threshold=1.0171500000000002 71.500000000000014 34.500000000000007 0.071250000000000022 225050.00000000003 26.500000000000004 0.16945000000000002 1.5000000000000002 1.1602564102564104 0.25070621468926563 80.500000000000014 0.61275000000000013 -0.92004999999999992 0.061650000000000003 0.013235000000000002 58.900000000000006 1879.0250000000003 14.500000000000002 1.0000000180025095e-35 1832.3700000000001 0.40238095238095245 0.042850000000000006 1.0721500000000004
decision_type=2 10 2 2 2 2 2 2 10 2 10 10 2 2 2 2 2 2 2 2 8 2 2
left_child=1 2 5 -4 12 20 9 8 -8 -6 -3 19 13 -5 -14 -16 18 -18 -17 -10 21 -1 -9
right_child=-2 10 3 4 6 -7 7 22 11 -11 -12 -13 14 -15 15 16 17 -19 -20 -21 -22 -23 -24
leaf_value=-0.0024972382138174639 0.020713762848547288 0.024379746285609644 -0.015466595909128168 0.048551778547265917 -0.010096546775962039 0.0013263307903836664 -0.0032586709710484218 0.0071755877368001094 0.042723518399921737 0.043650870614739795 0.0038373419045485292 -0.013659681378548904 -0.010457406639662039 -0.0021569565778898785 -0.0031073100826116144 0.0109585525902244 0.010200379113408528 -0.02268065316894332 0.053748802329866882 -0.014515861409491777 -0.0059394323454450334 0.057535064097386616 0.071818641203159672
leaf_weight=3.0786908231675589 23.464902468025684 21.58604602701962 51.940935174003243 4.0222162511199695 29.293732733465735 713.1486460827291 27.025966510176659 3.1989821605384341 13.254222554154696 1.62576738372445 174.84949328377843 3.0695272590965024 126.90647000819445 6.3548787115141749 694.55473851412535 11.401914514601232 31.579584821127355 15.349514071829615 6.4043091274797908 1.7212857343256462 4.5242755822837362 5.8505068449303508 3.6029821531847119
leaf_count=93 134 239 3428 147 916 15039 843 46 398 48 2079 82 3397 266 14472 140 473 213 72 62 88 105 40
internal_value=0.000162154 -0.000105524 -0.000829642 -0.00271832 -0.00201207 0.00185117 0.00844268 0.0162153 0.00921719 -0.00479019 0.00631769 0.026363 -0.00299414 0.0221674 -0.00333803 -0.00212376 0.00820575 -0.00104179 0.0302222 0.0352093 0.0259001 0.0401673 0.0499552
internal_weight=1977.81 1954.34 1757.91 1031.31 979.366 726.602 82.7925 51.873 45.071 30.9195 196.436 18.045 896.574 10.3771 886.197 759.29 64.7353 46.9291 17.8062 14.9755 13.4535 8.9292 6.80196
internal_count=42820 42686 40368 25043 21615 15325 2435 1471 1385 964 2318 542 19180 413 18767 15370 898 686 212 460 286 198 86
is_linear=0
shrinkage=0.03


Tree=113
num_leaves=24
num_cat=0
split_feature=18 44 43 18 32 134 42 33 51 105 47 137 126 24 33 60 66 1 28 45 39 130 24
split_gain=11.2938 11.2435 9.77931 15.4895 12.0267 9.44209 15.6903 16.6731 9.91308 9.57654 9.45382 10.0739 11.5886 10.9311 9.85424 10.4704 9.36431 9.09356 8.33624 8.59361 8.32225 8.51775 8.09994
threshold=92.500000000000014 0.04969500000000001 0.011765000000000001 20.500000000000004 73.500000000000014 4256.2300000000005 -0.53944999999999987 21276.210000000003 0.03815000000000001 114.50000000000001 118.25500000000001 0.46087816421259059 721.32500000000016 435.00000000000006 36652.860000000008 0.86335000000000006 0.10746785352359352 5.3500000000000005 18.500000000000004 0.016550000000000006 0.096150000000000013 -373.53999999999962 5135.0000000000009
decision_type=2 2 2 2 2 2 2 2 2 10 2 10 2 2 2 2 2 10 2 2 2 2 2
left_child=2 -2 3 18 -5 6 7 8 -4 -10 11 13 22 20 -15 -16 -12 -3 19 -1 -8 -22 -13
right_child=1 17 5 4 -6 -7 10 -9 9 -11 16 12 -14 14 15 -17 -18 -19 -20 -21 21 -23 -24
leaf_value=0.00080666558113171082 -0.0022181889620798197 0.041952435035635463 -0.0025656912511548184 0.00084413731069573077 0.034556021840096783 -0.00042112082522319981 -0.0058385671201317277 -0.014048773023150872 0.063043595449372103 -0.0064987248829015288 -0.021751131860052963 -0.010881765695226647 0.02981257978367631 -0.0043917104550755658 -0.0074288631743833168 0.051201425810719348 0.016680561202887963 0.0053136026114537277 0.023608039592911679 -0.015046508263282117 0.047149722975148453 0.012806565175152137 0.0042042722824082134
leaf_weight=39.594212180003524 19.577998789958656 13.960525647737088 3.2315443120896843 56.844661360606551 9.4671036675572378 1344.0683826608583 7.69099979661405 5.0453627398237577 10.690425195731221 1.6646741479635228 4.5656886948272577 98.127424277365208 6.5961392326280466 56.005405892618001 4.0036115320399386 4.4295163573697209 60.669603448361158 10.92679209075868 4.5107611985877147 133.13323265314102 10.573538577184083 18.0355239007622 45.796489981003106
leaf_count=1529 208 130 98 806 130 29184 66 205 351 57 59 1194 68 1199 98 96 1058 95 48 4657 81 137 1252
internal_value=0.000243608 0.0148585 -0.000109098 -0.00570187 0.00652787 0.000706923 0.00518022 0.0293316 0.0433745 0.0540738 0.0034315 0.000751644 -0.00414595 0.00800771 0.0004494 0.0272785 0.0134238 0.027458 -0.0102993 -0.0114449 0.0207008 0.0277508 -0.00608957
internal_weight=1969.21 44.4653 1924.74 243.55 66.3118 1681.19 337.126 20.632 15.5866 12.3551 316.494 251.259 150.52 100.739 64.4385 8.43313 65.2353 24.8873 177.238 172.727 36.3001 28.6091 143.924
internal_count=42806 433 42373 7170 936 35203 6019 711 506 408 5308 4191 2514 1677 1393 194 1117 225 6234 6186 284 218 2446
is_linear=0
shrinkage=0.03


Tree=114
num_leaves=24
num_cat=3
split_feature=19 143 94 48 26 88 88 31 23 40 61 106 78 5 42 22 67 78 40 60 49 58 117
split_gain=12.6955 11.7502 13.2223 12.7401 11.9109 11.5794 10.3686 10.3183 10.0099 9.58767 14.6865 10.7732 14.457 10.6368 10.1846 13.0421 9.7734 9.30662 9.22791 11.7772 9.08665 12.1599 8.85855
threshold=3.5000000000000004 2.5000000000000004 0 1.0085000000000002 0.049750000000000009 1 2 1.1115000000000002 80.750000000000014 0.41765000000000008 25.500000000000004 14.500000000000002 0.41733500000000007 102150.00000000001 -0.30354999999999993 764.50000000000011 0.35727485873015674 0.17461500000000002 0.31025000000000008 0.88875000000000015 1.0000000180025095e-35 1.0000000180025095e-35 0.17424242424242428
decision_type=2 2 9 2 2 1 1 8 2 2 2 10 2 2 2 8 2 2 2 2 2 2 10
left_child=-1 2 3 -2 17 -5 -4 -7 20 11 14 -8 13 18 15 -11 -15 -3 -13 -20 22 -22 -6
right_child=1 4 6 5 8 7 9 -9 -10 10 -12 12 -14 16 -16 -17 -18 -19 19 -21 21 -23 -24
leaf_value=0.0060924677935418111 -0.0073815644901281457 0.055642927570874946 -0.0045856382992551983 0.0068307194833235616 0.0029772379964559787 0.015304219071780189 -0.0018083914753626981 -0.0046073775622713052 -0.013614721268308564 0.075512840244651977 0.0014608262194250497 0.0064243076234604558 0.044440813550961987 -0.007463849228154679 0.018402987220575436 -0.012173879345590425 0.024074662547588083 0.0060068066778903983 0.06461407210046026 -0.0029737410361590109 -0.017577489413368199 0.020153657844461506 0.015299252677092945
leaf_weight=303.1050106100738 454.33424718864262 5.1934938803315145 113.20354425907135 119.8486509192735 148.55931216664612 23.201986562460661 159.42539555300027 340.81086767837405 26.305353958159685 4.9955926947295657 36.428568820469081 15.19155347812921 8.5033636493608338 42.541724649257958 29.482219448313117 1.3150360593572257 9.0383916292339546 7.4928632210940123 5.4193839170038682 3.129638385027647 28.412376370280981 8.4544797800481302 80.328508105129004
leaf_count=3537 12835 111 2982 3006 1332 265 4211 8946 624 149 837 319 177 1342 627 73 99 159 79 60 264 69 683
internal_value=0.000464799 -0.000561697 -0.00175029 -0.00368748 0.00474613 -0.000392458 0.00255274 -0.003053 0.0033958 0.00527385 0.0151359 0.00278385 0.0113565 0.00656848 0.0282399 0.058708 -0.001245 0.031137 0.0223222 0.0439986 0.00516868 -0.00833299 0.00739673
internal_weight=1974.72 1671.62 1366.87 938.196 304.746 483.862 428.674 364.013 292.06 315.471 72.2214 243.249 83.8241 75.3207 35.7928 6.31063 51.5801 12.6864 23.7406 8.54902 265.755 36.8669 228.888
internal_count=42786 39249 36007 25052 3242 12217 10955 9211 2972 7973 1686 6287 2076 1899 849 222 1441 270 458 139 2348 333 2015
cat_boundaries=0 1 2 3
cat_threshold=67900801 688459908 143411296
is_linear=0
shrinkage=0.03


Tree=115
num_leaves=24
num_cat=1
split_feature=14 2 18 107 88 7 140 37 61 43 51 60 7 7 29 133 120 5 29 5 68 41 136
split_gain=15.3912 10.7921 8.41116 8.40249 8.05169 12.9322 11.0435 10.2152 9.13998 10.3366 9.01958 9.33494 8.90931 10.0585 8.03664 9.09426 9.66416 8.51509 10.5074 12.0894 9.15658 8.03725 8.92908
threshold=1.0000000180025095e-35 15.500000000000002 66.500000000000014 5.5000000000000009 0 0.35750000000000004 1.5000000000000002 5.5000000000000009 35.500000000000007 0.031015000000000004 0.20225000000000001 0.94875000000000009 0.11350000000000002 0.15850000000000003 0.045850000000000009 0.20526315789473687 220152.26000000004 155950.00000000003 0.037450000000000004 111150.00000000001 1.9241317320253251 3.0885000000000002 9876.1150000000034
decision_type=2 2 2 8 1 10 2 2 2 2 2 2 8 8 2 8 2 2 2 2 2 2 2
left_child=3 2 -2 -1 5 6 12 -7 9 -9 11 -8 -3 -14 17 -16 -17 18 20 -20 -5 22 -19
right_child=1 4 -4 14 -6 7 10 8 -10 -11 -12 -13 13 -15 15 16 -18 21 19 -21 -22 -23 -24
leaf_value=0.027877559160132931 0.0067057763477653739 0.0099324121901992971 0.0299535679417493 -0.0009700702991752672 -0.00057981982581024015 -0.0017533140104915219 -0.0060411212364444274 0.0094718072672969039 0.0077541380510261874 0.056368903048325439 0.043809771273308359 0.041203535151647756 -0.015813442508019509 0.0010836181392163619 0.00055754231647807526 -0.0088383877854609928 0.043632830695006702 -0.020260849299776392 0.0047881795280134698 0.066697458859557343 0.0406837908847986 0.02711181258382735 0.0042969957906329355
leaf_weight=5.465533934533596 160.72354467678815 61.850794736295938 13.669407844543455 36.600194791331887 892.75904640369117 14.199916942045091 13.163839189335709 7.4966014400124577 13.635878000408409 11.664541400969027 7.8544961363077155 3.0659341532737008 40.649449544027448 122.70394045300782 143.13758896943182 348.32317336276174 1.2398233758285631 25.728629824705422 5.997377051971851 4.0344372605904937 3.4435638980939975 4.4198580412194124 24.535617504268885
leaf_count=143 2281 1423 101 556 15075 140 203 83 144 112 132 40 822 1864 5317 12860 48 547 123 78 113 72 470
internal_value=0.00015709 0.00192175 0.00884697 -0.00382662 0.000892906 0.00493924 0.00256176 0.0194511 0.0282049 0.0406502 0.0210415 0.00642508 0.000417639 -0.00326152 -0.00420869 -0.00580959 -0.00840512 0.00328838 0.0119978 0.0366341 0.00437687 -0.00482901 -0.00856766
internal_weight=1966.36 1363.44 174.393 602.926 1189.04 296.285 249.288 46.9969 32.797 19.1611 24.0843 16.2298 225.204 163.353 597.46 492.701 349.563 104.76 50.0756 10.0318 40.0438 54.6841 50.2642
internal_count=42747 22420 2382 20327 20038 4963 4484 479 339 195 375 243 4109 2686 20184 18225 12908 1959 870 201 669 1089 1017
cat_boundaries=0 1
cat_threshold=578859056
is_linear=0
shrinkage=0.03


Tree=116
num_leaves=24
num_cat=1
split_feature=88 22 43 60 1 4 18 43 18 44 9 29 68 106 24 128 32 6 40 25 106 11 41
split_gain=12.4012 13.1241 13.3533 11.3489 10.2388 13.0729 12.5873 11.7538 12.7301 10.1013 10.0084 9.94877 9.67537 9.52691 8.99796 8.94612 8.42933 8.41716 8.33732 8.2623 8.14081 12.1097 16.0885
threshold=0 526.50000000000011 0.12040500000000001 0.96825000000000017 8.4500000000000011 1.5000000000000002 52.500000000000007 0.016135000000000004 46.500000000000007 0.11821500000000001 97750.000000000015 0.50045000000000006 1.8037265917259091 35.500000000000007 10225.000000000002 -9852.9649999999965 59.500000000000007 0.83950000000000002 0.52955000000000008 -244.99999999999997 8.5000000000000018 36615.000000000007 2.8185000000000007
decision_type=1 8 2 2 10 2 2 2 2 2 2 2 2 10 2 2 2 10 2 2 8 2 2
left_child=3 13 11 4 7 6 15 8 -1 20 14 -3 -11 18 -4 -6 -10 -14 -2 -7 -9 22 -22
right_child=1 2 10 -5 5 19 -8 9 16 12 -12 -13 17 -15 -16 -17 -18 -19 -20 -21 21 -23 -24
leaf_value=-0.0088020249417788219 0.0059798229739671397 -0.0021952997605700192 0.0095407678031634423 -0.0096569066023582187 0.029337462664945347 0.00888917049456916 0.0458824182281901 0.0068889058134527425 -0.00094404078013020929 -0.010647696648159974 -0.0088996753433685395 -0.012383030739526133 0.055540686527128215 -0.01587854871831745 0.050407858634811425 -0.0051572857620847479 0.047110692401415313 -0.0066022011401106161 0.028223307656581278 -0.012122894958814131 0.0017399694981359514 0.027936149573920061 0.032969311918629396
leaf_weight=58.620963798835874 142.11667776666582 1118.0934538086876 12.497724378481513 48.108632116578519 7.1296952525153783 19.93414444476366 6.215461002662777 125.07311620749533 6.2312823487445694 31.458039591088891 8.3622406888753158 91.66981952264905 2.184676934964954 14.066925663501022 7.4126152088865629 24.506262906827033 4.7718995660543442 2.9858636744320393 15.307844288647173 75.631669194437563 59.950822986662388 57.412161402404308 17.843185234814882
leaf_count=1662 859 24733 169 993 166 243 56 2396 75 461 233 5233 93 88 173 517 50 117 82 1743 1336 859 377
internal_value=9.8485e-05 -0.00139443 -0.00249855 0.00381896 0.00533922 -0.00175795 0.0127495 0.0079181 -0.00310411 0.0105063 0.017196 -0.00298644 -0.00405785 0.00631246 0.027968 0.00389885 0.0239371 0.0278225 0.00846969 -0.0076476 0.0125711 0.0176505 0.0095497
internal_weight=1957.59 1409.53 1238.04 548.058 499.949 133.417 37.8514 366.532 69.6241 296.908 28.2726 1209.76 36.6286 171.491 19.9103 31.636 11.0032 5.17054 157.425 95.5658 260.279 135.206 77.794
internal_count=42714 31570 30541 11144 10151 2725 739 7426 1787 5639 575 29966 671 1029 342 683 125 210 941 1986 4968 2572 1713
cat_boundaries=0 1
cat_threshold=576852996
is_linear=0
shrinkage=0.03


Tree=117
num_leaves=24
num_cat=2
split_feature=7 88 5 125 125 41 29 124 7 5 105 94 11 44 44 25 1 135 73 59 61 12 24
split_gain=12.9105 10.2342 9.97929 13.9771 10.8354 10.6576 11.9424 11.6279 11.2781 9.01453 8.8057 8.46105 11.4497 9.39941 8.96788 9.31147 15.9207 12.8296 9.40495 10.6288 9.28137 12.5503 9.00057
threshold=0.19250000000000003 0 83750.000000000015 565.49500000000012 9735.9600000000009 2.1425000000000005 0.14735000000000001 24489.200000000004 0.059500000000000004 23850.000000000004 7.5000000000000009 1 18595.000000000004 0.027675000000000002 0.023035000000000003 7005.0000000000009 3.1500000000000008 736.60500000000013 0.71718331419823966 1.0000000180025095e-35 227.50000000000003 1.5000000000000002 1225.0000000000002
decision_type=8 1 2 2 2 2 2 2 10 2 10 9 2 2 2 2 10 2 2 10 2 2 2
left_child=1 2 3 -1 -4 -6 -7 8 -8 10 -2 12 -11 -14 -13 20 17 -17 19 -19 22 -22 -16
right_child=9 -3 4 -5 5 6 7 -9 -10 11 -12 14 13 -15 15 16 -18 18 -20 -21 21 -23 -24
leaf_value=-0.0078188457377311588 0.0038067690736720622 -0.0040580302891456144 -0.004404494995735253 0.022798283386063409 -0.013932652432011276 0.0027764605284517235 -0.012897789294163273 -0.015059761570877175 0.062248546251937167 -0.0019352526152551391 0.044147169195343026 -0.014054512991095433 0.014198883726631865 0.0043914094753809167 0.0034488269080017548 -0.010416423807941316 0.0012426312640775358 -0.00086175376429041409 0.012527080434487307 0.10303379480123892 0.047734115807736545 -0.0080135269256516751 -0.008271505073199294
leaf_weight=18.048993026837707 11.163895297795536 636.3420378966257 130.42359719611704 42.345363522879779 8.0915164444595558 14.553494715131821 1.4068652875721444 1.8965928349643935 9.5165999149903637 201.16243025287986 7.2567363381385794 44.157785874791443 109.75235016550869 430.47056335397065 101.24481262825429 2.4594917614012939 27.653688453137875 1.051205079071224 3.5089345807209611 2.706118761561811 5.6726687708869559 5.9732559081166983 136.36696250271052
leaf_count=392 134 17734 3757 926 273 302 66 83 382 4530 91 811 1760 6465 757 104 1113 45 132 101 78 58 2369
internal_value=0.000540666 -0.00219894 0.00312143 0.013691 -0.000379011 0.0138696 0.022477 0.0414485 0.052072 0.00270765 0.022466 0.00232699 0.00402499 0.00642893 -0.00165775 0.000192602 0.0137551 0.0430522 0.0594923 0.0837646 -0.00193457 0.0221571 -0.00329045
internal_weight=1953.23 862.625 226.283 60.3944 165.889 35.4651 27.3736 12.8201 10.9235 1090.6 18.4206 1072.18 741.385 540.223 330.795 286.637 37.3794 9.72575 7.26626 3.75732 249.258 11.6459 237.612
internal_count=42463 23915 6181 1318 4863 1106 833 531 448 18548 225 18323 12755 8225 5568 4757 1495 382 278 146 3262 136 3126
cat_boundaries=0 1 2
cat_threshold=245497866 67646036
is_linear=0
shrinkage=0.03


Tree=118
num_leaves=24
num_cat=2
split_feature=21 88 72 9 5 22 143 94 7 45 114 22 42 38 73 44 26 11 1 76 18 5 128
split_gain=10.4491 9.63429 15.3013 11.7661 15.2139 11.8679 16.0891 9.52755 12.4518 11.0034 9.87928 9.01851 8.22162 10.3138 11.1675 10.5943 13.7111 15.5833 9.89683 13.0593 11.4677 8.75431 8.31747
threshold=1.0000000180025095e-35 0 0.18333333333333338 50450.000000000007 55650.000000000007 595.50000000000011 2.5000000000000004 1 0.18350000000000002 0.13075000000000003 7.5000000000000009 627.50000000000011 0.47375000000000006 0.12185000000000001 0.44582470669427193 0.041635000000000012 0.45575000000000004 42915.000000000007 14.050000000000002 1.0786500000000003 11.500000000000002 214650.00000000003 85.425000000000082
decision_type=2 1 2 2 2 10 2 9 8 2 2 10 2 2 2 2 2 2 8 2 2 2 2
left_child=1 2 -1 4 -4 -5 11 8 -3 10 -10 -7 13 14 -2 16 -15 -18 22 20 -20 -16 -17
right_child=12 7 3 5 -6 6 -8 -9 9 -11 -12 -13 -14 15 21 18 17 -19 19 -21 -22 -23 -24
leaf_value=-0.005293672295547021 -0.0081305300736969118 -0.0059952422008831465 0.012519936554874427 0.026908012084443815 -0.0076224770601111295 -0.021577361249852652 0.03196768377895029 -0.0037163650204992708 0.032558942220935611 -0.0044025985468948443 0.0036180511553252611 0.0054207946793080521 0.0084946952861253925 -0.01073014522073612 0.022063685301056811 -0.019155867426257935 -4.8291180875737655e-05 0.036655723886854265 -0.0061506297491612143 -0.018620623872398784 0.056948829777908265 -0.0016569171252670616 -0.0011648387330948219
leaf_weight=138.03358404058963 24.570857343263924 44.639900140464306 56.089918774552643 39.031137701123953 78.56114458758384 11.728630321100352 16.342007160186768 998.19615316204727 27.906769384630024 19.264917430467904 17.312125003896654 56.961752838455141 192.12829736899585 26.2261355035007 44.995968943461776 62.195690382272005 23.277418648824096 16.826007766649127 3.6299008214846236 5.637648885138332 4.7558603119105101 19.567953969351947 36.576621042564511
leaf_count=4699 384 1434 873 408 1219 203 191 25128 564 340 355 1822 1608 527 569 863 212 160 71 85 35 293 551
internal_value=-0.000152811 -0.00136376 0.00256219 0.00700773 0.000828436 0.0135948 0.00700594 -0.00276786 0.00492469 0.014289 0.0221014 0.000330907 0.00379209 0.000386132 0.00861507 -0.0037586 0.00564894 0.0163611 -0.00929274 0.0129743 0.0337107 0.0150407 -0.0126489
internal_weight=1964.46 1504.07 396.748 258.715 134.651 124.064 85.0324 1107.32 109.124 64.4838 45.2189 68.6904 460.388 268.26 89.1348 179.125 66.3296 40.1034 112.796 14.0234 8.38576 64.5639 98.7723
internal_count=42594 37236 9415 4716 2092 2624 2216 27821 2693 1259 919 2025 5358 3750 1246 2504 899 372 1605 191 106 862 1414
cat_boundaries=0 1 2
cat_threshold=595596300 663636
is_linear=0
shrinkage=0.03


Tree=119
num_leaves=24
num_cat=1
split_feature=18 144 88 45 144 32 74 131 145 9 33 33 143 134 76 38 44 38 44 106 76 136 19
split_gain=15.0043 11.2393 11.5669 13.3114 11.973 11.5996 16.8661 11.7834 10.8065 11.0122 11.1118 10.4128 9.6601 10.1174 9.45174 9.15393 8.8081 8.88309 8.68204 8.57108 9.26357 8.04124 10.9708
threshold=80.500000000000014 0.67500000000000016 0 0.00175 0.80000000000000016 27.500000000000004 0.068987966954022997 0.3373983739837399 2.5000000000000004 225050.00000000003 175459.11000000002 95463.720000000016 1.5000000000000002 49904.255000000012 1.1830500000000004 0.098050000000000012 0.023035000000000003 0.16585000000000003 0.13712500000000002 73.500000000000014 0.35865000000000008 7860.8500000000013 10.500000000000002
decision_type=2 2 1 2 2 2 2 8 2 2 2 2 2 2 2 2 2 2 2 8 2 2 2
left_child=1 8 18 -4 5 6 7 -5 9 10 12 -11 13 -1 15 -6 17 -13 19 20 -3 -14 -23
right_child=-2 2 3 4 14 -7 -8 -9 -10 11 -12 16 21 -15 -16 -17 -18 -19 -20 -21 -22 22 -24
leaf_value=-0.0026275249388466181 0.012172902004700798 -0.0022902041518750096 0.034186489424803901 0.06439848151492289 0.029700007850561708 -0.0021463077747031324 -0.0063869035873213176 0.0014955022035657076 -0.0044325090856011835 0.052106353053894848 -0.020485813014385984 -0.0029880367451396877 0.011705509726992516 0.037118424446311339 0.035018748121842351 -0.0069260114124132842 0.001579811016915348 0.060264853189738204 0.0096942817382088663 0.025449026433539357 -0.01304238934787875 0.011236824198606379 -0.012328189323404229
leaf_weight=156.12898509856313 82.074947190470994 112.42514342442155 7.8372268173843613 6.176261388696731 6.7161284945905235 884.07597080525011 11.187668948434291 4.1316893640905628 145.34715193510056 5.7379620876163235 14.721412902697919 2.8614558558911112 171.87133074179292 3.9840009324252597 12.073846345767377 19.057121124118567 22.423968941904604 3.4781391713768244 23.517746002413332 4.6605516560375682 204.21164423134178 33.731466570869088 33.395900683477521
leaf_count=2791 798 3199 227 145 56 22881 307 101 2433 107 175 50 1829 73 101 177 414 57 601 116 5341 268 502
internal_value=-0.000228297 -0.000779201 -0.0023441 -0.00051943 -0.000893187 -0.00159801 0.0192155 0.0435254 0.00263353 0.00493381 0.00352177 0.0207497 0.00450504 -0.00119282 0.015205 0.00406964 0.0115136 0.0378451 -0.00681701 -0.00860522 -0.00926305 0.00830043 -0.000504274
internal_weight=1971.83 1889.75 1296.07 951.256 943.419 905.572 21.4956 10.308 593.682 448.335 413.833 34.5015 399.112 160.113 37.8471 25.7732 28.7636 6.3396 344.815 321.297 316.637 238.999 67.1274
internal_count=42749 41951 33252 23995 23768 23434 553 246 8699 6266 5638 628 5463 2864 334 233 521 107 9257 8656 8540 2599 770
cat_boundaries=0 1
cat_threshold=135334721
is_linear=0
shrinkage=0.03


Tree=120
num_leaves=24
num_cat=1
split_feature=2 22 29 67 141 41 109 120 43 6 29 23 76 96 13 6 0 45 45 35 146 37 22
split_gain=11.5616 9.95883 11.5533 10.6553 9.87011 14.4375 18.2495 10.1794 9.08596 9.14606 11.7682 11.5177 9.93952 8.7052 12.8248 13.104 12.2741 10.4071 11.0685 9.77321 9.64593 10.0887 8.66826
threshold=18.500000000000004 636.50000000000011 0.060250000000000005 0.15933890332761153 5761.3050000000012 2.5715000000000008 5.5000000000000009 14762.300000000001 0.011125000000000001 0.9295000000000001 0.5091500000000001 72.350000000000009 1.1755500000000001 0 0.47245000000000004 0.92250000000000021 61.500000000000007 0.23125000000000004 0.14135000000000003 0.13745000000000004 0.67500000000000016 13.500000000000002 624.50000000000011
decision_type=2 8 2 2 2 2 2 2 2 10 2 2 2 1 2 10 2 2 2 2 2 2 10
left_child=-1 3 -3 -2 -4 7 8 -6 -7 10 11 -10 -13 14 15 -5 17 18 -15 -18 -20 -22 -16
right_child=1 2 4 13 5 6 -8 -9 9 -11 -12 12 -14 16 22 -17 19 -19 20 -21 21 -23 -24
leaf_value=0.005203731282366772 -0.0043240953046686653 -0.010509153972745792 -0.0029347282349053124 0.0055085780042816957 0.012566031894288125 -0.007082628773481538 -0.011619860287648789 -0.015267953583158007 0.013584053750296149 0.0078456079462206688 -0.0072856236436195836 0.099222774851489642 0.012488586992373752 -0.0029584797763334233 0.0092122726577395474 -0.017513878870702961 1.5735485721261376e-05 -0.015180076156929845 -0.011369934722385648 0.030167516035480534 0.036360503750466955 -0.00042033094220161405 0.032478857439693441
leaf_weight=327.34962273668498 222.56545635405928 160.94261554069817 545.38556279335171 66.119515179656446 19.81479362398386 3.0941787613555851 8.6641535526141507 23.907419771887362 3.9015159578993934 5.6051537524908772 1.9043352277949441 5.8126131659373641 2.156889395788312 188.44840588327497 207.1187662165612 31.078900100663304 19.14047640003264 47.887990761548281 8.3288509622216207 17.568739576265216 16.69667357578874 10.399805959314106 13.98689917847514
leaf_count=6065 3053 3681 20624 1070 727 141 321 919 73 197 105 193 72 2035 1562 549 199 462 87 177 154 87 163
internal_value=7.64095e-05 -0.00095808 -0.0033986 0.00128933 -0.0015257 0.00854876 0.0234919 -0.00265577 0.0368712 0.0438947 0.0557087 0.0654076 0.0829633 0.00329005 0.00649166 -0.00205747 -0.00051539 -0.00278918 -2.77486e-05 0.0152592 0.0148875 0.0231852 0.010962
internal_weight=1957.88 1630.53 781.189 849.34 620.247 74.8611 31.1388 43.7222 22.4747 19.3805 13.7754 11.871 7.9695 626.775 318.304 97.1984 308.471 271.762 223.874 36.7092 35.4253 27.0965 221.106
internal_count=42716 36651 27053 9598 23372 2748 1102 1646 781 640 443 338 265 6545 3344 1619 3201 2825 2363 376 328 241 1725
cat_boundaries=0 1
cat_threshold=452
is_linear=0
shrinkage=0.03


Tree=121
num_leaves=24
num_cat=0
split_feature=144 7 110 27 124 0 66 137 43 145 107 46 114 133 25 73 44 11 0 23 131 131 131
split_gain=13.7643 14.2172 11.3164 9.29239 10.3093 9.02218 10.1279 10.4447 9.04111 11.1799 9.81256 10.8436 8.9554 10.3028 16.6798 18.8794 10.6156 12.7329 9.59787 10.6131 9.22774 8.53194 16.4618
threshold=0.67500000000000016 0.10550000000000001 4.5000000000000009 1.0000000180025095e-35 2558.3800000000006 55.500000000000007 0.15505777797380146 1.1055139760194073 0.077925000000000008 1.5000000000000002 5.5000000000000009 1.1775000000000002 5.5000000000000009 0.39565217391304358 195.00000000000003 0.47124917382683412 0.034945000000000011 56505.000000000007 51.500000000000007 76.750000000000014 0.30495169082125612 0.47213622291021679 0.44590643274853808
decision_type=2 8 2 2 2 2 2 10 2 2 10 2 2 10 2 2 2 2 2 2 10 8 10
left_child=1 -1 3 21 5 8 -7 -8 -5 10 11 -10 13 -3 16 -16 17 -15 19 -17 -18 22 -2
right_child=2 12 -4 4 -6 6 7 -9 9 -11 -12 -13 -14 14 15 18 20 -19 -20 -21 -22 -23 -24
leaf_value=-0.0067254858573521474 -0.0036522823354581211 0.0048362274822335346 0.034709597579126679 -0.0064902604879700674 0.0066627192359058878 -0.017296358025150272 0.021034504306656605 -0.0048067539978852011 -0.0095040781047186045 -0.010082657438043026 0.047940249313473619 0.034902946639107341 0.002509646323665648 0.043083828656781911 -0.0030580869272414947 0.073033891701442061 0.023223187956545498 -0.0077789394784453332 0.0089797772042204821 0.016419431322523371 -0.0094079772562021807 -0.011236289607750895 0.017830312384712711
leaf_weight=96.179883702658117 632.32771723344922 123.26348978746682 5.6776434155181041 241.61182141490281 195.30017310101539 10.605861734598873 39.530966244637966 20.330551362596452 11.748274086043244 15.959737593308089 6.3275542929768553 5.8533496791496864 315.92015414498746 10.902886297553779 8.3378824628889578 11.802097635343676 8.4119438342750055 5.9288069270551196 5.3349877484142771 5.6131886988878241 29.13426398858428 119.4053009506315 31.846135353669524
leaf_count=1972 20416 1597 121 3617 3246 102 585 318 182 175 50 92 4207 92 183 170 66 48 122 183 247 3867 1011
internal_value=9.49739e-05 0.00377913 -0.00161945 -0.00182628 0.00117109 -0.00189653 0.00756493 0.0123865 -0.00430165 0.00863196 0.0209288 0.00731778 0.00572309 0.0105168 0.0184116 0.0352778 0.00785975 0.0262445 0.0484395 0.0583574 -0.00129246 -0.00391737 -0.00257179
internal_weight=1957.35 620.83 1336.53 1330.85 547.268 351.968 70.4674 59.8615 281.501 39.8889 23.9292 17.6016 524.65 208.73 85.4661 31.0882 54.3779 16.8317 22.7503 17.4153 37.5462 783.579 664.174
internal_count=42669 8887 33782 33661 8367 5121 1005 903 4116 499 324 274 6915 2708 1111 658 453 140 475 353 313 25294 21427
is_linear=0
shrinkage=0.03


Tree=122
num_leaves=24
num_cat=0
split_feature=21 74 120 48 37 116 67 41 4 74 60 34 145 125 35 6 6 130 74 11 41 71 48
split_gain=10.3016 10.0072 10.9648 9.83397 10.955 11.641 9.57315 9.48144 11.6491 10.5382 11.175 9.44232 13.8176 12.1647 11.5232 9.93913 8.95077 12.4697 8.93993 18.9843 8.93913 10.0824 8.73867
threshold=1.0000000180025095e-35 0.05959145021645023 105008.83 1.3155000000000003 22.500000000000004 0.42206477732793529 0.18532159307494853 2.3425000000000007 5.5000000000000009 0.087415033986405447 0.91365000000000007 1339.2800000000002 1.5000000000000002 3986.4850000000001 0.21245000000000003 0.93750000000000011 0.95650000000000002 -1676.3099999999997 0.11940690690690693 33095.000000000007 2.4835000000000007 9.5000000000000018 1.5105000000000002
decision_type=2 2 2 2 2 8 2 2 2 2 2 2 2 2 2 8 8 2 2 2 2 2 2
left_child=1 -1 3 -3 5 22 16 -4 9 -9 -11 12 13 14 -8 -16 17 -2 19 -7 -19 -22 -5
right_child=6 2 7 4 -6 18 11 8 -10 10 -12 -13 -14 -15 15 -17 -18 20 -20 -21 21 -23 -24
leaf_value=0.0020883206140462698 -0.010236138517604338 -0.0052195038408638667 -0.0054655104036248235 0.0094141216875864644 -0.014425598280502655 -0.0026995853162449248 0.0031585040545478349 -0.0062936246682062866 -0.016261198885740253 0.091302363073252221 0.0012430156944074446 -0.002005772900572854 0.00054390714618772907 0.029003067876694211 0.039659380383949769 0.0052965570222632584 -0.01202508764445237 0.02182292282457542 0.0036297920590739204 0.077044869408725347 -0.011475174400343577 0.023717089194203692 -0.0037419517827449937
leaf_weight=568.29882889334112 37.178711599670351 678.44535819068551 6.8032639157026997 79.625420385971665 29.777318244799972 4.3444376699626464 73.414084949530661 1.7153538046404699 1.8161486731842158 3.3451075255870819 1.6873354809358714 76.365685890428722 86.264383305795491 42.003830850124359 15.994034845381977 14.305146062746642 51.257237960584462 31.959454049356282 9.202357651665805 4.5264488514512777 21.57927888631821 8.6308446954935771 100.75791083928198
leaf_count=12999 643 18337 197 1906 697 147 726 65 47 97 48 828 785 425 152 127 824 465 212 80 355 42 2393
internal_value=0.000172579 -0.00103843 -0.00296593 -0.00341123 0.00196267 0.00454104 0.0040925 0.0206741 0.038543 0.0536388 0.0700474 0.00710578 0.0100967 0.015668 0.0098208 0.0247682 -0.00208912 0.00317334 0.0262222 0.0446792 0.0112616 -0.000572604 0.002105
internal_weight=1949.3 1490.35 922.046 906.679 228.234 198.457 458.953 15.3672 8.56395 6.7478 5.03244 308.347 231.981 145.717 103.713 30.2992 150.606 99.3483 18.0732 8.87089 62.1696 30.2101 180.383
internal_count=42597 37225 24226 23772 5435 4738 5372 454 257 210 145 3043 2215 1430 1005 279 2329 1505 439 227 862 397 4299
is_linear=0
shrinkage=0.03


Tree=123
num_leaves=24
num_cat=1
split_feature=29 137 132 88 74 74 103 128 29 74 66 16 38 22 39 51 131 9 120 29 22 130 105
split_gain=11.1449 9.93906 10.4077 9.29707 15.5928 10.3251 9.24304 14.8173 11.9937 14.8999 12.4467 11.4782 11.655 10.2156 10.2065 8.80806 8.42917 8.34845 12.3174 8.12644 8.39603 11.6407 9.75183
threshold=0.5091500000000001 0.42277901906994869 0.44949494949494956 0 0.042647194536729431 0.33647910731244074 693.84000000000003 3251.7500000000005 0.043750000000000004 0.034064233888177552 0.42411451560778374 1.0000000180025095e-35 0.12185000000000001 605.50000000000011 0.10255000000000002 0.41035000000000005 0.35805860805860812 120950.00000000001 8231.2500000000018 0.44125000000000009 637.50000000000011 -9259.0649999999987 48.500000000000007
decision_type=2 10 10 1 2 2 2 2 2 2 2 2 2 8 2 2 10 2 2 2 10 2 8
left_child=3 2 16 4 6 19 8 -8 11 15 13 12 -1 -11 -12 17 -2 -10 -19 20 22 -22 -6
right_child=1 -3 -4 -5 5 -7 7 -9 9 10 14 -13 -14 -15 -16 -17 -18 18 -20 -21 21 -23 -24
leaf_value=0.033618153825237702 0.0079443013449241994 -0.013405352239302349 0.029781327851279519 5.0104522640629146e-05 0.016654692541703122 0.035695315317306783 0.054352174443383569 -0.0096925243190656638 -0.015462733257007118 0.028303569641398654 -0.0079707556558148707 0.043348399559357556 -0.0098927911796338076 -0.016964742349127544 0.061215902509198741 0.03236271985422956 -0.023382423846847394 0.052020684536371729 -0.0095264216282953066 0.030850997672553695 0.012651411213951285 -0.0078587101748332847 0.0013539887066389116
leaf_weight=7.3926704926416305 18.220597657375041 84.951194263994694 8.9442219194024783 1299.8053826503456 45.424723258242011 6.0742790857329956 9.18189764395356 3.8287639049813142 37.215848815627396 6.184855856001378 1.9156605722382645 14.864582404494284 11.917943500913678 7.9925720999017367 6.7715960247442126 3.1038087205961338 10.610001552850006 2.6421936927363259 6.6131939589977264 6.2689155377447596 28.37515221349895 138.98139460012317 180.99697740096599
leaf_count=79 1014 4791 505 25858 500 105 141 62 675 54 50 88 135 190 136 59 613 60 147 259 853 4162 2004
internal_value=0.000869821 -0.00780825 0.00482012 0.00146113 0.00471066 0.00210059 0.0143597 0.0367249 0.0110044 0.00384359 0.0228392 0.0251313 0.00835626 0.00384111 0.0473228 -0.00546338 -0.00435327 -0.00922087 0.0141654 0.00141546 0.000793315 -0.0042729 0.00454256
internal_weight=1948.28 122.726 37.7748 1825.55 525.747 406.121 119.626 13.0107 106.615 72.4397 22.8647 34.1752 19.3106 14.1774 8.68726 49.575 28.8306 46.4712 9.25539 400.047 393.778 167.357 226.422
internal_count=42540 6923 2132 35617 9759 7883 1876 203 1673 1371 430 302 214 244 186 941 1627 882 207 7778 7519 5015 2504
cat_boundaries=0 1
cat_threshold=573576198
is_linear=0
shrinkage=0.03


Tree=124
num_leaves=24
num_cat=1
split_feature=10 43 41 10 13 33 125 122 137 131 47 40 47 137 128 116 105 78 74 97 46 33 78
split_gain=11.0791 8.65445 9.89573 9.82588 9.63491 11.5909 14.4423 15.0006 9.38439 9.32634 9.14975 14.0874 13.184 12.3495 12.5176 11.1142 16.7932 11.8607 13.1402 17.3203 9.33603 15.5287 9.07644
threshold=0.10495 0.067870000000000014 1.5675000000000001 0.97745000000000015 0.58115000000000017 8192.8450000000012 671.04000000000008 1155.9750000000001 0.89283718281410884 0.31643132220795894 101.69500000000001 0.18775000000000003 58.795000000000009 1.2840167885733174 -3453.8749999999995 0.27386363636363642 68.500000000000014 0.077155000000000015 0.03742728975648231 0 1.1555000000000002 13601.920000000002 0.33346500000000007
decision_type=2 2 2 2 2 2 2 2 10 8 2 2 2 8 2 8 10 2 2 1 2 2 2
left_child=-1 4 8 10 5 6 -2 -8 -3 -5 12 13 22 -12 -15 16 17 -14 -19 -20 21 -21 -4
right_child=1 2 3 9 -6 -7 7 -9 -10 -11 11 -13 15 14 -16 -17 -18 18 19 20 -22 -23 -24
leaf_value=-0.011255954663145931 0.00084236585245823711 0.053439464071919636 -0.0017244400748425682 0.005629625396802322 0.003874158770545531 -0.0025477509461772165 0.050662463612497738 -0.0029459301076036623 -0.00301845321977493 -0.012807622937450453 -0.001419887411461465 -0.0097699663393846971 -0.0058625350611291151 -0.0051310823741515148 0.069956702441998558 0.0013927233786019341 -0.0058791059976400929 0.0032876513943177472 -0.0011784483369253781 -0.0026602480543540447 0.022559047912232531 0.081977811759975858 0.018751837791954808
leaf_weight=74.397523677907884 43.220800978131592 5.0606528725475055 75.406371377408504 44.301147881895304 338.74334602244198 1124.5171398697421 11.078228098340334 7.0039226384833446 3.9159299144521356 51.407485399395227 10.648753277957441 53.156248614192009 4.8502383353188625 2.5845141895115376 4.1232197768986216 20.246978669427335 10.148771893233059 6.8594996696338049 4.863552276045084 2.0741480514407256 7.1675101332366458 14.41922926250845 24.139468432404101
leaf_count=4839 833 78 1635 268 2328 28509 198 138 71 312 264 1116 107 67 87 409 244 127 117 35 151 291 456
internal_value=-5.78389e-05 0.000399241 0.00467278 0.00373449 -0.000573739 -0.00184872 0.0106495 0.0316724 0.0327479 -0.00433293 0.00695173 -0.00209615 0.0106815 0.0199869 0.0464916 0.0204106 0.0277082 0.0360576 0.04181 0.0502514 0.0600909 0.0721974 0.00351251
internal_weight=1944.33 1869.94 345.374 336.397 1524.56 1185.82 61.303 18.0822 8.97658 95.7086 240.689 70.5127 170.176 17.3565 6.70773 70.6299 50.3829 40.2342 35.3839 28.5244 23.6609 16.4934 99.5458
internal_count=42680 37841 5835 5686 32006 29678 1169 336 149 580 5106 1534 3572 418 154 1481 1072 828 721 594 477 326 2091
cat_boundaries=0 1
cat_threshold=2
is_linear=0
shrinkage=0.03


Tree=125
num_leaves=24
num_cat=0
split_feature=21 7 141 67 67 120 29 24 107 5 40 6 103 40 105 67 2 122 141 24 48 121 7
split_gain=12.2536 11.8851 10.6685 10.7685 17.4955 10.3786 10.2128 13.5033 14.872 10.9697 13.434 11.1473 9.96676 9.24357 12.5016 10.7793 10.6541 14.5498 13.0532 12.9598 15.1793 11.0556 10.629
threshold=1.0000000180025095e-35 0.28050000000000008 15357.950000000003 0.12373267352667679 0.16062679347726971 52002.355000000003 0.20855000000000004 435.00000000000006 26.500000000000004 491700.00000000006 0.34835000000000005 0.95150000000000012 1629.72 0.37465000000000004 107.50000000000001 0.089363238542627871 33.500000000000007 12743.825000000003 5515.170000000001 17485.000000000004 0.83650000000000013 2165.5650000000005 0.57650000000000012
decision_type=2 8 2 2 2 2 2 2 8 2 2 10 2 2 10 2 2 2 2 2 2 2 8
left_child=1 2 -1 -4 5 -5 9 -8 -9 13 11 12 -11 15 16 22 18 -18 19 -15 -21 -22 -3
right_child=-2 6 3 4 -6 -7 7 8 -10 10 -12 -13 -14 14 -16 -17 17 -19 -20 20 21 -23 -24
leaf_value=-0.0034958005550006321 0.0047015426858530492 0.030043288159103274 -0.0083337950656134398 0.082209748230795326 0.0072695050480291179 -0.0041329806074696367 0.033621711721609278 0.04625464583949436 -0.011239872463663378 0.045486715213757981 -0.002197133211054299 -0.012118881019872026 -0.0060129765990864859 0.017730161336888105 -0.01250157337535129 -0.0026344238407451847 -0.0014261039211420448 0.034473388671960238 -0.022774938482608111 -0.010125107375486345 0.091978983368532607 0.0085940277091085711 -0.006898425291098742
leaf_weight=928.40698330011219 458.70414362195879 17.023091901093725 12.457827612757681 3.7645707344636348 16.650344007648528 1.3655228866264222 5.2884598933160296 2.2857025032863021 90.424857979640365 20.152874595485635 17.444813682697713 3.7500285636633626 3.4804501300677648 37.102930470369756 18.855259283445776 223.70147354342043 57.542069988325238 10.30310048535466 3.6466277390718451 1.9678455367684344 4.9520057383924723 2.3646108005195856 10.097660158760844
leaf_count=26682 5361 358 592 110 343 38 85 76 3404 309 274 61 61 355 255 2887 793 144 53 36 92 36 223
internal_value=0.000424194 -0.000894469 -0.00287923 0.01311 0.0250447 0.0645145 0.00270514 -0.00595565 -0.00887557 0.00468648 0.0184142 0.0308006 0.038025 0.00301223 0.00922601 -0.000421371 0.012852 0.00485669 0.0230901 0.027488 0.0564292 0.0726603 0.0167599
internal_weight=1951.73 1493.03 962.645 34.2383 21.7804 5.13009 530.384 97.999 92.7106 432.385 44.8282 27.3834 23.6333 387.557 136.734 250.822 117.879 67.8452 50.034 46.3874 9.28446 7.31662 27.1208
internal_count=42628 37267 27765 1083 491 148 9502 3565 3480 5937 705 431 370 5232 1764 3468 1509 937 572 519 164 128 581
is_linear=0
shrinkage=0.03


Tree=126
num_leaves=24
num_cat=1
split_feature=14 27 47 12 76 89 19 112 118 10 7 78 33 30 69 143 25 106 108 105 77 51 6
split_gain=8.75493 7.57428 9.26011 11.5027 9.78262 9.30606 10.6298 11.0656 9.67138 10.8343 9.79179 8.91257 8.84742 8.80099 11.5721 8.64708 8.58516 9.51632 9.22009 8.57286 8.53188 8.4021 12.4866
threshold=8.5000000000000018 1.0000000180025095e-35 301.77000000000004 1.0000000180025095e-35 1.1283500000000002 0 24.500000000000004 5.5000000000000009 0.078461538461538485 0.21115000000000003 0.038500000000000006 0.20526000000000003 3676.3550000000005 0.60405000000000009 0.86054577588591319 2.5000000000000004 -964.99999999999989 7.5000000000000009 19.500000000000004 113.50000000000001 1.0000000180025095e-35 0.066550000000000012 0.87450000000000017
decision_type=2 2 2 2 2 1 2 2 10 2 10 2 2 8 2 2 2 10 8 10 2 2 8
left_child=1 2 5 4 11 8 7 21 -1 10 -10 -4 -8 14 16 -15 17 -3 -18 -9 -17 -7 -23
right_child=-2 13 3 -5 -6 6 12 19 9 -11 -12 -13 -14 15 -16 20 18 -19 -20 -21 -22 22 -24
leaf_value=-0.0087522314536663103 0.025715342111865699 -0.0060299135471064171 0.07807642816999262 -0.0013677377399676793 -0.013081081768622186 -0.0078791181189960119 0.033546986296628348 0.0056457626565435109 0.018557984141234812 0.00079462933664030454 -0.016248286792094731 0.0037622027735439052 -0.0068846534932081628 4.2747775306096026e-05 0.057881914309953923 0.012156329062731886 0.024870005193260231 0.0599255884004136 -0.012688072468860842 -0.0099570654852956346 -0.0010690783816293481 0.0020869579010782775 0.060185264683365956
leaf_weight=244.58262158650905 10.211754053831099 2.6386346090585056 3.5048677716404226 11.462037364020942 1.4627935159951446 3.9011722151190069 3.1090984363108864 228.74242724850774 6.5758235836401573 358.93400499783456 58.886584277264774 2.260468291118741 121.12847570888698 631.01982595864683 3.4141862839460364 118.67491465248168 6.7748678587377098 3.1753916013985872 15.848836543969808 34.875066597014666 68.527489921078086 5.5337645048275563 6.961031618528069
leaf_count=7398 46 40 143 288 63 97 83 5163 410 8355 3608 92 4443 9356 131 889 97 51 272 827 505 128 162
internal_value=0.000393199 0.000233727 -0.00141836 0.0184687 0.0434034 -0.0017984 0.00178039 0.00512067 -0.00388157 -0.00127427 -0.0123054 0.0574127 -0.00535738 0.00235418 0.0173495 0.00172956 0.00899973 0.0361104 -0.000334488 0.00352217 0.0073549 0.0276446 0.0382927
internal_weight=1952.21 1941.99 1091.92 18.6902 7.22813 1073.23 404.251 280.013 668.979 424.396 65.4624 5.76534 124.238 850.074 31.8519 818.222 28.4377 5.81403 22.6237 263.617 187.202 16.396 12.4948
internal_count=42647 42601 31260 586 298 30674 10903 6377 19771 12373 4018 235 4526 11341 591 10750 460 91 369 5990 1394 387 290
cat_boundaries=0 1
cat_threshold=5
is_linear=0
shrinkage=0.03


Tree=127
num_leaves=24
num_cat=3
split_feature=14 88 19 74 94 19 115 27 74 88 78 38 44 124 1 128 106 38 71 135 35 143 28
split_gain=8.68942 8.28521 9.73898 9.5112 9.28363 11.0363 9.81876 8.50864 8.65961 11.1086 13.9473 12.1815 11.2587 11.2436 10.3263 13.1885 9.88079 14.0905 12.5984 13.0948 12.4616 9.67952 10.2891
threshold=6.5000000000000009 0 3.5000000000000004 0.21885212418300656 1 35.500000000000007 1.017241379310345 4.5000000000000009 0.041895604395604406 2 0.056190000000000011 0.10415000000000001 0.032775000000000006 493.69000000000011 1.0500000000000003 167.46500000000017 8.5000000000000018 0.18685000000000004 2.5000000000000004 3225.2400000000002 0.18785000000000004 1.5000000000000002 3.5000000000000004
decision_type=2 1 2 2 9 2 8 2 2 1 2 2 2 2 10 2 8 2 2 2 2 2 2
left_child=1 2 -1 4 5 -3 -7 8 9 12 11 -11 21 -12 15 16 -10 18 19 20 -18 22 -6
right_child=-2 3 -4 -5 7 6 -8 -9 14 10 13 -13 -14 -15 -16 -17 17 -19 -20 -21 -22 -23 -24
leaf_value=0.0065277505818476453 0.016296292062690267 -0.010625802043145467 -0.0048234426765656323 0.010932415035740833 -0.015629230358031928 0.032433476847502855 -0.0087295290861508171 0.023610746275204004 0.0046917108012272286 -0.0041599250279868334 -0.0028279037048011412 0.063051310977231712 -0.0085309542767692641 0.013078177139894013 -0.0010464736912211068 -0.0062771009860457319 0.088840409593271524 0.0037546048850489056 0.0033292836537236574 -0.0033220748800807977 0.0073762612828871445 0.032786820281116465 0.028873898733875046
leaf_weight=79.491067808121443 29.552773335948586 111.68043097853661 414.76079556718469 90.007523074746132 12.543217455968266 9.2164904978126305 8.4876689687371236 13.942368622869251 28.687757881358266 3.1473732022568566 55.371697818860412 5.9949049716815352 80.154701164923608 136.44207539781928 801.74633650295436 29.827446336857975 7.3371630487963611 12.317998747341333 5.0176514703780404 2.2583557656034818 2.5354420598596334 10.74627557210624 4.8952413946390143
leaf_count=946 146 2287 10458 2058 383 293 271 68 596 71 965 118 1569 2640 18403 705 172 269 44 67 58 101 74
internal_value=0.000679915 0.00042372 -0.002836 0.00157292 0.00095927 -0.00598338 0.0138162 0.00179465 0.00153943 0.00584605 0.00934831 0.0433194 -0.00229907 0.0085047 3.25684e-05 0.00967019 0.0177863 0.0294264 0.0455484 0.0600685 0.072686 0.0129106 -0.00145108
internal_weight=1956.16 1926.61 494.252 1432.36 1342.35 129.385 17.7042 1212.97 1199.02 309.295 200.956 9.14228 108.339 191.814 889.728 87.9818 58.1544 29.4666 17.1486 12.131 9.87261 28.1847 17.4385
internal_count=42762 42616 11404 31212 29154 2851 564 26303 26235 5921 3794 189 2127 3605 20314 1911 1206 610 341 297 230 558 457
cat_boundaries=0 1 2 3
cat_threshold=411583264 8397984 4333657
is_linear=0
shrinkage=0.03


Tree=128
num_leaves=24
num_cat=0
split_feature=13 5 9 9 9 33 0 22 135 27 66 66 38 128 6 66 61 110 40 5 48 5 7
split_gain=13.8101 9.54193 9.59864 7.88599 12.2598 11.6805 15.2579 12.662 13.0068 11.4686 11.0513 11.3713 15.4151 10.9135 11.7957 9.80452 9.77198 9.71389 8.95461 8.68746 8.22117 9.19675 7.82892
threshold=0.094750000000000015 59350.000000000007 16050.000000000002 168150.00000000003 111650.00000000001 116318.94000000002 36.500000000000007 655.50000000000011 1779.4600000000003 1.5000000000000002 0.647894804724375 0.52591589218748058 0.099450000000000024 25110.235000000004 0.97750000000000015 0.45715405593922226 4.5000000000000009 4.5000000000000009 0.33515000000000006 321150.00000000006 1.4335000000000002 551650.00000000012 0.18150000000000002
decision_type=2 2 2 2 2 2 2 8 2 2 2 2 2 2 8 2 2 2 2 2 2 2 8
left_child=1 2 -1 4 17 6 -5 19 -9 13 11 15 -13 20 -15 -10 -11 22 -16 -8 -7 -22 -2
right_child=3 -3 -4 5 -6 9 7 8 10 16 -12 12 -14 14 18 -17 -18 -19 -20 -21 21 -23 -24
leaf_value=-0.014733603127209458 -0.0015238458646917147 -0.012693942321131097 0.039495548222074149 -0.0075513599588963153 -0.0068722838488536556 -0.010774849813744663 0.030438388171755228 0.0092086504730584818 0.046246073368275881 -0.006535406399045993 0.011147262343767925 -0.0004914068553136604 0.090544156023243491 0.0018689580610163224 0.066729373811180687 -0.0085430047126299671 0.035130903605814418 0.034344621616312652 -0.0062767447205298778 -0.0064152960459213709 -0.016803145677586961 0.023768558546054207 0.0030061529959782745
leaf_weight=3.7128404797986132 570.06573276594281 95.697982371784747 4.8536930438131094 20.791252078488469 180.42315984424204 83.115887760184705 5.8656008727848556 18.476712635718286 4.486732007004326 6.9171111881732967 8.671003567054866 1.9921940704807619 7.8186759417876601 17.051043048501018 3.4742916356772175 4.4118086360394955 12.604245500639079 6.0051335217431179 1.6479958677664397 19.724130596965551 5.930795841850343 12.685724130831657 857.71830912493169
leaf_count=173 13029 6353 236 591 4453 2264 82 638 124 82 335 75 238 458 98 157 132 95 49 285 160 284 12228
internal_value=0.000602986 -0.00991538 0.0176519 0.0012059 0.000454132 0.00630805 0.0145136 0.0209653 0.0300851 0.000904046 0.042587 0.0546743 0.0751056 -0.00256788 0.0156372 0.0224993 0.0211317 0.00138435 0.0480742 0.00362633 -0.00676081 0.0104671 0.00119788
internal_weight=1954.14 104.265 8.56653 1849.88 1614.21 235.665 92.2381 71.4469 45.8571 143.427 27.3804 18.7094 9.81087 123.906 22.1733 8.89854 19.5214 1433.79 5.12229 25.5897 101.732 18.6165 1427.78
internal_count=42619 6762 409 35857 29805 6052 2525 1934 1567 3527 929 594 313 3313 605 281 214 25352 147 367 2708 444 25257
is_linear=0
shrinkage=0.03


Tree=129
num_leaves=24
num_cat=2
split_feature=88 74 71 48 43 48 116 97 29 61 47 136 2 67 1 6 78 13 23 25 99 128 43
split_gain=9.83026 15.2863 11.0224 9.5093 8.43363 8.79532 8.31855 12.7281 9.78426 9.41785 10.9859 10.1147 8.96843 8.11114 10.9653 9.39382 10.4705 9.07506 12.5973 10.9636 11.0085 8.01638 7.90759
threshold=0 0.038501602564102573 11.500000000000002 0.94550000000000012 0.014785000000000001 0.9105000000000002 0.070197044334975381 1 0.10735000000000001 10.500000000000002 38.925000000000004 2078.0450000000005 12.500000000000002 0.12267447894621665 1.3500000000000003 0.95650000000000002 0.13864000000000001 0.26765000000000005 65.250000000000014 17825.000000000004 890.1450000000001 -1156.9649999999976 0.031865000000000011
decision_type=1 2 2 2 2 2 8 1 2 2 2 2 2 2 10 8 2 2 2 2 2 2 2
left_child=1 6 -2 4 -3 -6 7 -1 9 10 -8 -12 -9 14 -5 17 -17 19 -19 20 -15 -4 -10
right_child=2 3 21 13 5 -7 8 12 22 -11 11 -13 -14 15 -16 16 -18 18 -20 -21 -22 -23 -24
leaf_value=-0.0045632811910782277 -0.0016131915711016498 -0.016742076296854529 2.5009062289155524e-05 0.026451508736694832 0.0017804305622844121 -0.020551587154898576 -0.012524201994025807 0.011269452321161258 -0.019554339134045761 0.0036638776276621578 0.0021501784771880126 0.050712747073200184 0.051464016361656643 0.0588947262706623 -0.0082939444054650861 0.019727198538565648 -0.0082359059101933564 0.016115052687624129 -0.00380369467023506 -0.0093498761376246929 -0.002523779828154733 0.018656143269833735 0.0091967047824115401
leaf_weight=8.3854504125192761 1314.8514400403947 34.270914731547236 40.263972681947052 7.4312792625278226 141.99455646425486 15.840938015840946 3.663615174591544 9.4281242769211548 14.706440743058922 26.864309631288052 5.3924033064395216 13.42486620787531 13.50705597642809 8.9907029066234809 60.728208612650633 13.828208500519393 48.621258997358382 80.055574798956513 42.845374837517738 3.6599916210398069 3.241776091977953 40.973885040730238 16.00133101362735
leaf_count=136 30610 1020 243 243 3006 316 40 151 448 291 58 149 232 282 2071 228 792 707 866 160 96 229 409
internal_value=0.000441218 0.00365268 -0.000928648 0.00138056 -0.00369662 -0.000690005 0.0136829 0.0263936 0.0081877 0.0162227 0.0297048 0.0383399 0.0371701 0.00500157 -0.00385967 0.00801126 -0.001624 0.0123081 0.00922132 0.0324799 0.0445506 0.00964446 -0.00492637
internal_weight=1968.97 572.882 1396.09 461.509 192.106 157.835 111.374 31.3206 80.053 49.3452 22.4809 18.8173 22.9352 269.402 68.1595 201.243 62.4495 138.793 122.901 15.8925 12.2325 81.2379 30.7078
internal_count=42783 11701 31082 9787 4342 3322 1914 519 1395 538 247 207 383 5445 2314 3131 1020 2111 1573 538 378 472 857
cat_boundaries=0 1 2
cat_threshold=573735940 4
is_linear=0
shrinkage=0.03


Tree=130
num_leaves=24
num_cat=2
split_feature=143 88 145 60 42 66 88 61 6 35 13 25 116 12 7 7 134 143 120 73 48 47 25
split_gain=9.05568 12.8019 14.928 11.9422 10.1203 9.98187 9.61229 9.36756 11.2524 9.96982 9.16781 14.8435 15.2876 9.8518 12.362 11.3984 10.9556 10.2568 9.0245 8.89373 8.88221 8.73866 8.75771
threshold=1.0000000180025095e-35 0 2.5000000000000004 0.91145000000000009 0.42475000000000007 0.45184415184415189 1 143.50000000000003 0.82550000000000001 0.14835000000000001 0.19015000000000001 18425.000000000004 0.096006144393241177 2.5000000000000004 0.053500000000000006 0.27250000000000008 2976.7800000000002 1.5000000000000002 851.16500000000008 1.5924528301886796 0.61650000000000016 253.49500000000003 61915.000000000007
decision_type=2 1 2 2 2 2 1 2 8 2 2 2 10 2 8 10 2 2 2 2 2 2 2
left_child=6 3 21 10 -5 -6 7 -1 9 -9 11 12 -2 14 -12 17 -15 -16 -19 -4 -8 22 -3
right_child=1 2 19 4 5 -7 20 8 -10 -11 13 -13 -14 16 15 -17 -18 18 -20 -21 -22 -23 -24
leaf_value=-0.008691434739406945 -0.0082916371829536394 0.0011221414630828612 -0.010970862043228493 -0.010413474129219473 5.9169279709585899e-05 0.039162623029773372 -0.010328750510163444 0.067223763425163452 -0.0035874720043725097 -0.0015358500790413636 0.05038159457605712 -0.0093649585142534485 0.077284711250652185 -0.0094929186859605847 -0.0217068616262912 0.017678527354119126 0.031407533707560317 -0.019300630433926359 0.0089295628372179324 0.0067705836539168956 0.0008416287740662232 0.022137862062345842 0.031655648521811179
leaf_weight=252.16382520552725 2.0299530364572984 460.13446087483317 138.54715406429023 43.723035623319447 17.996010761708025 6.72744196653366 68.347433236427605 2.8578687971457866 14.261991418898104 2.9713739790022373 3.4704604279249898 3.6700582951307297 5.4802758321166039 6.2788006477057925 16.975799351930618 35.39890338294208 29.444308077916503 10.724399250000713 49.951990034431219 29.619704056531191 715.54071076121181 17.625929448753595 6.6182086970657101
leaf_count=7859 64 5769 2143 658 161 72 2224 80 382 86 61 154 159 50 305 303 246 120 559 384 20365 240 215
internal_value=-8.36583e-05 0.00215321 -0.000150054 0.00776684 -0.00189027 0.0128341 -0.00195735 -0.00651103 0.0117961 0.0407356 0.0129592 0.0372978 0.0572748 0.0107114 0.00627044 0.00406404 0.0240966 -0.00243038 0.00348328 -0.00780316 -0.000151313 0.00252041 0.0016883
internal_weight=1940.56 884.417 652.545 231.871 68.4465 24.7235 1056.14 272.255 20.0912 5.82924 163.425 11.1803 7.51023 152.245 116.522 113.051 35.7231 77.6522 60.6764 168.167 783.888 484.379 466.753
internal_count=42659 11663 8751 2912 891 233 30996 8407 548 166 2021 377 223 1644 1348 1287 296 984 679 2527 22589 6224 5984
cat_boundaries=0 1 2
cat_threshold=637702404 8588128
is_linear=0
shrinkage=0.03


Tree=131
num_leaves=24
num_cat=0
split_feature=144 144 12 18 105 7 122 66 32 11 106 115 74 32 1 51 45 38 122 11 105 136 34
split_gain=10.0538 11.1713 14.1181 10.1793 10.5923 9.69139 9.70887 10.7495 9.31964 12.4464 10.8998 11.668 11.279 10.5727 12.4974 12.4182 10.9878 16.6225 9.39524 9.28479 9.14869 9.68222 9.12346
threshold=0.67500000000000016 0.80000000000000016 1.0000000180025095e-35 21.500000000000004 45.500000000000007 0.08950000000000001 4295.8000000000002 0.2976724237661646 43.500000000000007 3785.0000000000005 33.500000000000007 0.53743315508021394 0.15012626262626264 39.500000000000007 2.8500000000000001 0.26935000000000003 0.08765000000000002 0.14855000000000004 2993.8150000000005 47755.000000000007 12.500000000000002 3676.2000000000003 233.75500000000002
decision_type=2 2 2 2 8 8 2 2 2 2 8 10 2 2 8 2 2 2 2 2 8 2 2
left_child=5 3 -3 -2 -5 6 7 -1 9 -7 11 -10 -12 15 -15 16 -11 -18 -13 -19 -20 -22 -6
right_child=1 2 -4 4 22 8 -8 -9 10 13 12 18 -14 14 -16 -17 17 19 20 -21 21 -23 -24
leaf_value=0.023652995852056689 -0.0033711321301099725 0.037587143329810273 0.003062245325800848 0.012714206083115185 0.012469532911924942 0.042267286954835476 -0.019722769989791517 -0.008742142238167154 -0.012297258360403351 -0.0019671140899017174 0.027050250221149142 -0.0022710809096564808 -0.021921649914430977 0.047179566748431337 0.011222028902405028 -0.01864222235487711 -0.017197142721136226 0.013763922713465404 -0.011436771925513135 0.051066252765549366 0.024146120700129493 0.0060903910674825392 -0.0017629487764906971
leaf_weight=12.518620174378155 860.70457367505878 12.591311443597077 41.111919663846493 70.993538018316031 44.783884819597006 8.8915036087855679 28.22059603780508 23.393996848724782 48.924361956305802 44.563812994398177 24.433449946343902 148.50903775263578 3.4839210174977771 9.5792156141251308 43.882560964673758 17.928749834187329 6.9809944089502087 16.036604110151533 17.567991217598319 10.219975845888255 34.040405165404081 112.35878024157137 301.54070500377566
leaf_count=193 27964 143 348 899 499 114 659 562 693 619 303 1970 61 115 528 255 97 217 246 90 431 1643 3981
internal_value=0.000524261 -0.000938367 0.0122159 -0.00150934 0.00232831 0.00370207 -0.00717677 0.00320239 0.00499812 0.0110959 0.00247803 0.0010316 0.0198819 0.00870364 0.0191339 0.00260639 0.00784747 0.0203713 0.00318343 0.0308701 0.00809155 0.0105575 0.00013851
internal_weight=1943.26 1331.73 53.7032 1278.02 417.318 611.535 64.1332 35.9126 547.401 158.083 389.318 361.401 27.9174 149.192 53.4618 95.7301 77.8014 33.2376 312.476 26.2566 163.967 146.399 346.325
internal_count=42630 33834 491 33343 5379 8796 1414 755 7382 2035 5347 4983 364 1921 643 1278 1023 404 4290 307 2320 2074 4480
is_linear=0
shrinkage=0.03


Tree=132
num_leaves=24
num_cat=1
split_feature=143 47 122 41 146 133 13 144 41 78 88 46 1 6 41 128 24 41 72 38 1 6 120
split_gain=12.2255 12.6156 13.2926 14.1954 10.9129 8.28859 9.56341 8.94057 8.22937 8.12233 8.07559 9.17214 8.85108 11.6398 8.1136 8.9656 10.105 9.28342 10.6537 11.3869 10.0454 10.3774 8.81339
threshold=2.5000000000000004 23.995000000000001 1523.8550000000002 2.5225000000000004 0.67500000000000016 1.0000000180025095e-35 0.43225000000000008 0.72500000000000009 3.0425000000000004 0.14345500000000003 0 0.95650000000000002 11.15 0.9385 1.7045000000000001 30038.115000000009 27445.000000000004 2.8415000000000004 0.35416666666666669 0.063750000000000015 9.3500000000000032 0.91850000000000021 3220.7950000000005
decision_type=2 2 2 2 2 8 2 2 2 2 1 2 10 8 2 2 2 2 2 2 8 10 2
left_child=1 2 3 4 -1 6 -2 -7 -5 -8 11 12 -3 -14 -13 17 -17 18 20 -20 -16 22 -22
right_child=5 10 -4 8 -6 7 9 -9 -10 -11 -12 14 13 -15 15 16 -18 -19 19 -21 21 -23 -24
leaf_value=-0.002521643944479385 -0.0039235691947050871 -0.0058710318187348304 -0.00060643003479868382 -0.012880142976062702 0.042999603867696266 0.011398122418349574 0.0015464180443618488 -6.273269844397805e-05 0.025187279917896866 0.033542719771240681 -0.0034700653640054101 -0.018170574904465952 0.02915311093373036 -0.012543523443380502 -0.0087397136726016077 -0.00117920383050304 0.059888107333330047 -0.0067830515659897941 -0.010839568296945375 0.019001140357024 0.061155185203123477 -0.011763645072237979 0.0054083580795901091
leaf_weight=5.7149135116487768 14.692048940807579 157.85353401489556 63.91017001401633 13.014738234691324 20.790595491416752 79.647018561139703 10.241514287889002 245.24329608306289 5.7485383432358494 23.209551986306906 1083.2934388732538 10.124995933845637 13.712510709650816 8.307607861235736 41.730509258806705 4.004141646437346 3.9499916415661573 40.631436118856072 11.977332683280109 83.385438965633512 3.8360253851860744 5.3935145158320656 5.3013640707358718
leaf_count=121 252 3772 1471 286 436 675 67 2502 107 147 27437 223 287 215 1390 55 158 935 241 1526 110 173 186
internal_value=-0.00030042 -0.00145284 0.00829595 0.0203581 0.0336964 0.00457065 0.0159351 0.00279945 8.53733e-05 0.0243865 -0.00218544 0.00150565 -0.00335249 0.0136875 0.00582995 0.00721142 0.0350863 0.0057088 0.00910102 0.0151075 -0.00124912 0.0187175 0.0355911
internal_weight=1955.71 1582.68 109.179 45.2688 26.5055 373.033 48.1431 324.89 18.7633 33.4511 1473.5 390.208 179.874 22.0201 210.335 200.21 7.95413 192.256 151.624 95.3628 56.2614 14.5309 9.13739
internal_count=42772 39129 2421 950 557 3643 466 3177 393 214 36708 9271 4274 502 4997 4774 213 4561 3626 1767 1859 469 296
cat_boundaries=0 1
cat_threshold=591401284
is_linear=0
shrinkage=0.03


Tree=133
num_leaves=24
num_cat=0
split_feature=7 47 43 74 25 22 105 60 39 34 74 47 26 125 103 37 74 113 112 125 10 48 128
split_gain=9.43064 11.7394 10.9765 11.9687 9.92006 9.73372 10.1743 13.5636 8.91421 8.80651 13.4914 11.5164 13.8003 10.7149 10.2054 11.6676 12.8519 10.682 9.55433 12.7114 10.5637 9.11234 8.76816
threshold=0.34550000000000003 24.525000000000002 0.012205000000000002 0.063763786764705885 -54.999999999999993 655.50000000000011 108.50000000000001 0.84745000000000015 0.078550000000000023 188.73000000000005 0.10272645216098546 118.25500000000001 0.36795000000000005 9735.9600000000009 3119.3500000000008 12.500000000000002 0.21274262784621131 5.5000000000000009 14.500000000000002 12584.990000000002 0.69505000000000006 0.74850000000000005 -8727.0799999999963
decision_type=8 2 2 2 2 8 8 2 2 2 2 2 2 2 2 2 2 2 2 2 2 2 2
left_child=1 4 3 5 -1 6 7 -3 -8 10 11 12 -4 22 15 16 17 18 19 20 -15 -18 -11
right_child=-2 2 9 -5 -6 -7 8 -9 -10 13 -12 -13 -14 14 -16 -17 21 -19 -20 -21 -22 -23 -24
leaf_value=-0.009976128708572592 0.0031963684427679167 0.059119613884504131 0.025934074365889032 -0.015456306979706107 0.012897235275723862 -0.0088878419632522111 0.025987138265322191 -0.0036318812808745831 -0.013136776687563948 0.0023030391734210473 -0.0068904699351846925 0.035532907294938999 -0.0060864903868297496 0.0077409130238854807 -0.01742124434165767 -0.0039713245361116629 -0.005784081368724628 0.045412783286558421 -0.0084353113022460555 0.003790277313406741 0.048964498410319628 0.053676178754504644 -0.005234276584844726
leaf_weight=19.853056485764682 555.77150882594287 5.6056843092665094 18.568890229798853 104.93560441676527 81.586710812523961 41.744054840877652 5.7657577926293042 4.8637227192521095 14.12590359803289 177.69661477021873 36.815076505765319 16.697463423013687 28.051205484196544 11.946976704522969 16.741116063669324 71.869053761474788 2.5722996853291971 4.5058339666575185 30.409089081920683 67.750057322904468 10.262616906315086 7.7187505112960935 618.59423613455147
leaf_count=271 8254 85 454 3611 2015 1729 75 78 265 4440 750 282 325 481 456 1915 71 110 850 1699 105 211 14257
internal_value=-0.000102699 -0.00141629 -0.00218882 -0.00908696 0.00831429 0.000349424 0.0128143 0.0340607 -0.000458283 -0.00108435 0.00731842 0.015538 0.00720954 -0.0019219 0.00385427 0.00572487 0.0108632 0.00784109 0.0057154 0.0105782 0.0292609 0.040291 -0.00355073
internal_weight=1954.45 1398.68 1297.24 177.041 101.44 72.1051 30.3611 10.4694 19.8917 1120.2 100.133 63.3176 46.6201 1020.07 223.776 207.035 135.166 124.875 120.369 89.9597 22.2096 10.2911 796.291
internal_count=42789 34535 32249 5843 2286 2232 503 163 340 26406 1811 1061 779 24595 5898 5442 3527 3245 3135 2285 586 282 18697
is_linear=0
shrinkage=0.03


Tree=134
num_leaves=24
num_cat=3
split_feature=88 60 88 12 10 146 128 61 22 6 2 11 88 105 11 12 48 1 5 42 105 45 42
split_gain=10.3945 12.1445 10.659 9.98912 14.0802 10.2026 9.50701 11.6342 10.2993 9.97229 9.28224 8.84252 9.07061 14.5474 13.0579 12.5025 11.0433 9.97668 14.0255 12.3468 9.80833 9.29815 8.82424
threshold=0 0.89865000000000006 1 2.5000000000000004 0.66475000000000006 0.72500000000000009 11755.805000000002 30.500000000000004 649.50000000000011 0.92050000000000021 124.50000000000001 25805.000000000004 2 169.50000000000003 28075.000000000004 1.5000000000000002 1.0005000000000002 2.6500000000000008 380050.00000000006 -0.10084999999999998 1.0000000180025095e-35 0.14785000000000001 0.71185000000000009
decision_type=1 2 1 2 2 2 2 2 8 8 2 2 1 10 2 2 2 10 2 2 10 2 2
left_child=3 11 -3 -1 6 -6 7 9 -9 -5 -4 -2 13 16 15 -14 -13 18 19 -18 -21 -22 -16
right_child=1 2 10 4 5 -7 -8 8 -10 -11 -12 12 14 -15 22 -17 17 -19 -20 20 21 -23 -24
leaf_value=0.0016308969994631138 -0.0071420149918243183 -0.0030797349622085851 0.0048926607273377725 0.036350854293845367 0.00048701923187801754 0.026289406823732767 -0.016477491603662121 0.0071474503960942152 0.082430280816636836 -0.011676083878154034 0.032405863649731102 -0.004707670634711239 -0.0030151655475755788 0.052061061718233305 -0.0084511328813100303 0.04121381316779902 -0.011257349203550591 0.003885138862606231 -0.015530582505231007 0.062278664695722838 -0.010229159349593517 0.045534951428401527 0.0038621101662421045
leaf_weight=438.06730355974287 349.57514805719256 193.2386088129133 307.14752823673189 6.730221295729284 67.134132564067841 15.384065067395566 2.1507194312289348 2.6578837856650344 5.0947269573807716 5.6658946759998807 9.5435707569122297 96.924201180227101 11.812604826875033 3.5232062106952062 245.12508806586266 8.7647813810035569 3.5369320837780895 88.034362823702395 5.0986529318615785 9.6446721348911542 5.1550662741065016 2.5854330388829112 65.195843008346856
leaf_count=9916 10202 4387 6776 160 576 116 61 53 130 158 216 1858 317 66 4845 133 78 1564 126 132 81 37 683
internal_value=5.96361e-05 -0.00130573 0.0023604 0.00348483 0.011873 0.00580569 0.0319992 0.0381943 0.0633792 0.0158267 0.00548933 -0.00343157 -0.00103594 0.00356055 -0.00398705 0.0178059 0.00268729 0.00894437 0.0245619 0.034835 0.0444062 0.013922 -0.00585606
internal_weight=1947.79 1404.91 509.93 542.885 104.818 82.5182 22.2994 20.1487 7.75261 12.3961 316.691 894.976 545.401 214.503 330.898 20.5774 210.979 114.055 26.0208 20.9221 17.3852 7.7405 310.321
internal_count=42671 31501 11379 11170 1254 692 562 501 183 318 6992 20122 9920 3942 5978 450 3876 2018 454 328 250 118 5528
cat_boundaries=0 1 2 3
cat_threshold=637670660 1583713 1091689
is_linear=0
shrinkage=0.03


Tree=135
num_leaves=24
num_cat=0
split_feature=13 47 43 40 25 106 1 114 134 74 131 10 59 70 74 22 1 107 66 13 48 23 10
split_gain=8.95566 9.34555 8.22364 10.5913 11.3089 8.59939 11.3351 13.1748 10.212 17.8311 10.0993 17.4198 11.3511 9.92068 9.46241 9.39322 8.24552 8.05091 7.9946 7.84015 7.86118 8.01198 9.75326
threshold=0.041650000000000006 48.715000000000011 0.0064450000000000011 0.30545000000000005 5715.0000000000009 23.500000000000004 13.950000000000001 2.5000000000000004 1690.2450000000001 0.089164286685706529 0.093073593073593086 0.18855000000000002 1.0000000180025095e-35 5.8285714285714292 0.044244260204081641 709.50000000000011 11.750000000000002 41.500000000000007 0.69944914226829136 0.60325000000000006 0.78450000000000009 74.550000000000011 0.26585000000000009
decision_type=2 2 2 2 2 10 8 2 2 2 8 2 10 2 2 8 8 10 2 2 2 2 2
left_child=1 -1 3 -2 -5 10 7 13 9 14 11 12 -4 17 -9 16 -13 -7 -12 20 -8 -22 -23
right_child=2 -3 5 4 -6 6 19 8 -10 -11 18 15 -14 -15 -16 -17 -18 -19 -20 -21 21 22 -24
leaf_value=0.0066796108649203011 -0.016665831024415552 -0.017693479394991194 -0.0096319574926230205 0.013331895884877796 -0.01766472581629944 -0.015801313279032468 -0.01233276498126973 0.0077900656543604093 0.0056657216391303219 -0.011012687906092528 0.00019687221639113541 0.0052117002731482016 0.089654015162513007 0.01370641914113088 0.077504022783159807 -0.021677971029850803 0.037159082096187124 0.014335486157907513 -0.01217362638653143 0.049350214491661201 0.0074720862198026849 -0.0075354937430144641 0.061877861107951647
leaf_weight=19.009164059534669 51.623528259806335 44.977940966375172 0.91891622543334994 29.772976221516728 13.935339789837597 56.453543409705162 6.8616311652585891 3.1011619586497527 203.20704316347837 4.7772549549117684 1372.0803473880515 32.017368977889419 2.0001932661980382 15.395262774080036 4.3420304656028748 6.6208545994013539 7.7587326075881711 7.6460535069927564 46.684665306471288 5.526113621890544 15.584928565658631 1.9488094775006164 4.7765839425846934
leaf_count=1297 1529 3148 52 545 645 1293 149 47 4061 92 26768 516 105 180 52 199 102 79 1628 32 222 103 141
internal_value=0.000395291 -0.0104698 0.000773207 -0.00772183 0.00310886 0.00123178 0.00559505 0.00361154 0.00744745 0.0321112 0.000245836 0.0133204 0.0671907 -0.00671128 0.0562597 0.00729449 0.012924 -0.0118815 -0.000226745 0.0213387 0.0132065 0.0214296 0.0446472
internal_weight=1957.02 63.9871 1893.03 95.3318 43.7083 1797.7 329.62 294.922 215.427 12.2204 1468.08 49.3161 2.91911 79.4949 7.44319 46.397 39.7761 64.0996 1418.77 34.6981 29.172 22.3103 6.72539
internal_count=42985 4445 38540 2719 1190 35821 6451 5804 4252 191 29370 974 157 1552 99 817 618 1372 28396 647 615 466 244
is_linear=0
shrinkage=0.03


Tree=136
num_leaves=24
num_cat=3
split_feature=67 144 88 7 120 46 144 129 94 39 40 69 25 12 107 131 92 107 122 108 124 31 61
split_gain=9.04678 10.4336 10.6896 10.2205 12.1691 9.83742 10.6397 10.7035 9.83582 16.4802 13.1596 26.8979 22.0999 17.9555 12.7265 13.816 11.3821 11.3383 10.9745 14.9465 10.9706 9.69682 10.6644
threshold=0.34398944250562363 0.80000000000000016 0 0.45750000000000007 31063.965000000004 0.68450000000000022 0.67500000000000016 -40.814999999999991 1 0.19045000000000004 0.27645000000000003 0.1975526502824225 7935.0000000000009 1.5000000000000002 166.50000000000003 0.38585607940446659 2 5.5000000000000009 7017.5700000000006 27.500000000000004 1125.1150000000002 1.5645000000000002 119.50000000000001
decision_type=2 2 1 10 2 2 2 2 9 2 2 2 2 2 10 8 1 10 2 8 2 10 2
left_child=1 2 5 4 -2 6 7 -1 14 10 -10 -12 13 17 16 20 21 -13 19 -14 -16 22 -4
right_child=3 -3 8 -5 -6 -7 -8 -9 9 -11 11 12 18 -15 15 -17 -18 -19 -20 -21 -22 -23 -24
leaf_value=0.032779015084172657 0.0042997626258254101 0.014204525392678059 0.0091539050472698412 0.015078148904677006 -0.012458675826337594 -0.0083337369860628716 -0.0042055789596029533 -0.0028660454020440537 0.0010306291420737372 -0.0041429604722963169 0.0053848249747029493 0.084939870079242086 0.067127187326310081 0.0071356829727963096 0.00090507064202628631 -0.01647944693069725 -0.0039160328567638177 -0.0033096551081420902 -0.0064631749732886341 0.0084047248538909863 0.071236277605526338 -0.017628569879050836 -0.014362488191538434
leaf_weight=15.577063604258003 318.89341661613435 39.390409201383591 158.53103002347052 64.660268912091851 42.439525973983109 283.35409979522228 58.663301353342831 12.809160289354621 91.767481174319983 117.23131057992578 81.533129900693893 10.900811067782344 4.4226492969319287 4.9942280827090135 3.0366146564483616 3.2012023534625778 584.75759685691446 1.2953664148226369 11.434284277260302 11.721093971282242 4.1321244882419705 14.21718742046505 17.65919435955584
leaf_count=273 3424 392 4018 451 515 7679 1758 198 2403 2858 1081 358 193 130 43 47 14961 37 514 523 56 413 417
internal_value=0.000422664 -0.000654681 -0.00106568 0.00427862 0.00227369 -0.00528298 0.00312849 0.0175644 0.000442713 0.00454569 0.00972819 0.015933 0.0340919 0.0591335 -0.00140147 0.0287532 -0.00192291 0.076421 0.0155395 0.0301182 0.0481406 0.00414542 0.00666215
internal_weight=1956.62 1530.63 1491.24 425.993 361.333 370.404 87.0495 28.3862 1120.84 335.3 218.069 126.302 44.7684 17.1904 785.535 10.3699 775.165 12.1962 27.578 16.1437 7.16874 190.407 176.19
internal_count=42742 38352 37960 4390 3939 9908 2229 471 28052 8097 5239 2836 1755 525 19955 146 19809 395 1230 716 99 4848 4435
cat_boundaries=0 1 2 3
cat_threshold=411110048 8918465 9
is_linear=0
shrinkage=0.03


Tree=137
num_leaves=24
num_cat=2
split_feature=72 88 106 50 60 105 6 88 66 10 22 105 38 23 40 6 61 43 137 44 134 132 48
split_gain=8.87661 10.7663 9.94154 10.5355 10.1046 16.8504 11.4627 9.50734 8.22743 12.1224 11.5145 13.8952 11.4062 11.0882 10.1569 18.0271 12.2351 9.90673 9.40354 8.61052 8.58436 9.43257 8.22296
threshold=1.0000000180025095e-35 0 13.500000000000002 2.5000000000000004 0.90945000000000009 49.500000000000007 0.73050000000000004 1 0.23139503338207759 0.66015000000000013 595.50000000000011 57.500000000000007 0.10295000000000001 84.350000000000009 0.37655000000000005 0.95550000000000013 38.500000000000007 0.032965000000000008 1.2840167885733174 0.079815000000000011 26202.335000000003 0.64583333333333337 1.0475000000000001
decision_type=2 1 8 2 2 10 10 1 2 2 10 10 2 2 2 8 2 2 10 2 2 10 2
left_child=1 2 -1 4 -4 6 -6 8 9 12 14 -12 18 17 16 -16 -10 -13 -2 -15 21 -19 -8
right_child=7 -3 3 -5 5 -7 22 -9 10 -11 11 13 -14 19 15 -17 -18 20 -20 -21 -22 -23 -24
leaf_value=-0.0013041344450776672 0.0032675751601050065 -0.0049351588057325304 0.010213751312992616 -0.0046160671966821399 -0.005927202379767957 -0.0069053725730871306 0.09480825917285661 0.0002365473999307695 0.018557313085424819 -0.0064182226623474064 -0.0015798040074285146 -0.0061840262840623782 0.0020414808155976741 0.065692073882576543 0.044034228126877378 -0.0047140047740478804 -0.0085573129979703427 0.043494844115327828 0.081586808506936795 -0.0055585822059134463 -0.0095054913712111413 -0.011601108113144323 0.019043081474057803
leaf_weight=102.70481919776648 2.3762962594628325 429.7925814948976 26.287436660379171 18.020660069771111 1.6159859541803578 4.0924282642081371 4.4082088973373175 1017.1724215457216 43.762240692973137 75.467960182577372 113.536067744717 16.778420143760741 10.490217297337947 4.5213490650057784 22.519045923836533 8.9634264130145294 20.832032669335604 12.474278199486436 1.9868587190285323 1.6102691907435653 4.4402267998084417 2.567000111564993 3.157991249114275
leaf_count=3372 63 15093 907 603 54 132 152 16850 413 649 2709 340 299 182 183 76 195 210 47 72 82 55 96
internal_value=0.000445601 -0.00262146 0.00374946 0.0140775 0.0224049 0.0420483 0.0611993 0.00177873 0.00588842 -0.00143123 0.00908204 0.00395776 0.0216617 0.0181918 0.0171482 0.0307025 0.00981831 0.0104347 0.0533658 0.0502155 0.0239907 0.033834 0.073778
internal_weight=1949.58 590.08 160.288 57.5827 39.5621 13.2746 9.18219 1359.5 342.326 90.3213 252.004 155.928 14.8534 42.3915 96.0767 31.4825 64.5943 36.2599 4.36315 6.13162 19.4815 15.0413 7.5662
internal_count=42834 20409 5316 1944 1341 434 302 22425 5575 1058 4517 3650 409 941 867 259 608 687 110 254 347 265 248
cat_boundaries=0 1 2
cat_threshold=543228053 578958592
is_linear=0
shrinkage=0.03


Tree=138
num_leaves=24
num_cat=3
split_feature=29 2 88 5 125 29 88 78 107 44 60 2 69 122 109 135 88 45 108 44 16 24 49
split_gain=9.33168 8.01908 17.6298 10.0222 9.35201 9.30522 15.8953 15.4567 11.2815 13.0248 13.6223 10.9449 11.8077 10.9003 10.2255 9.97791 11.4513 11.2666 11.3766 15.2135 9.88856 11.193 9.63285
threshold=0.50045000000000006 25.500000000000004 0 53850.000000000007 565.49500000000012 0.13855000000000003 1 0.14219500000000004 70.500000000000014 0.038555000000000006 0.91965000000000008 30.500000000000004 1.0344625143396995 939.59500000000014 5.5000000000000009 4413.9350000000004 2 0.07085000000000001 19.500000000000004 0.04969500000000001 1.5000000000000002 515.00000000000011 1.0000000180025095e-35
decision_type=2 2 1 2 2 2 1 2 10 2 2 2 2 2 2 2 1 2 8 2 2 2 2
left_child=1 2 3 -1 -4 8 7 -7 15 13 -11 12 14 -10 22 16 17 18 19 -3 -17 -22 -8
right_child=-2 5 4 -5 -6 6 11 -9 9 10 -12 -13 -14 -15 -16 20 -18 -19 -20 -21 21 -23 -24
leaf_value=0.028642492273655121 -0.0077645744088052342 -0.0092220899245956424 -0.006422339029782541 -0.007774844165879302 0.0090455632526283986 0.031550616875714144 0.041871559247797202 0.0065702759986869148 -0.0049568134722277326 0.0066733007011166735 -0.018814082418023816 -0.0030254991334583343 -0.016205156387331783 0.028390672414722949 -0.018192031066359329 -0.012316430500223201 -0.0039017105026519835 0.013374521741883824 -0.0070749861366992449 0.036277914496405973 -0.011739619281610544 0.03229305369372007 -0.012312355283892153
leaf_weight=5.2357080560177556 119.90204302314669 10.963838427327575 37.770851152017713 127.80189350992441 341.53417692054063 32.940721064805984 16.227351216599356 65.612805323675275 11.372609134763477 66.28170788474381 24.082973048090935 230.72149560134858 6.3117705322802058 30.540766810066998 2.7340407008305183 147.85670928377658 488.94853251613677 79.863888820633292 78.145438008010387 12.487704438157378 8.8616943992674369 8.3665561899542791 2.5934774102643123
leaf_count=74 7024 169 526 2326 5801 1065 427 2178 115 585 224 8134 302 281 81 2759 7854 1145 1355 185 50 80 60
internal_value=0.000274008 0.00080649 0.00398586 -0.00501095 0.00701945 -0.000427122 0.00369874 0.0123185 -0.0019542 0.00612539 -0.000379613 -0.000764258 0.0162668 0.0195286 0.026344 -0.00324496 -0.00160496 0.00447994 -0.00155408 0.0159531 -0.00980605 0.0107787 0.0339396
internal_weight=1957.16 1837.26 512.343 133.038 379.305 1324.91 357.142 98.5535 967.772 132.278 90.3647 258.588 27.8666 41.9134 21.5549 835.494 670.409 181.461 101.597 23.4515 165.085 17.2283 18.8208
internal_count=42800 35776 8727 2400 6327 27049 12247 3243 14802 1205 809 9004 870 396 568 13597 10708 2854 1709 354 2889 130 487
cat_boundaries=0 1 2 3
cat_threshold=403194449 302649365 672293136
is_linear=0
shrinkage=0.03


Tree=139
num_leaves=24
num_cat=3
split_feature=43 88 0 7 74 0 78 46 88 6 41 67 38 137 88 66 42 51 7 43 32 47 38
split_gain=8.9641 10.6543 10.6403 11.9898 10.2121 11.8086 9.98778 8.40561 11.4495 10.606 9.81334 9.41856 9.63545 12.9532 9.44467 9.48308 13.9364 13.8389 13.2266 11.6879 11.6229 10.9441 10.828
threshold=0.037915000000000011 0 69.500000000000014 0.16550000000000004 0.063235701426395244 63.500000000000007 0.21878500000000004 0.82550000000000001 1 0.85150000000000003 2.6235000000000004 0.40087748102275733 0.17435000000000003 1.5731203536662202 2 0.52810603672865253 0.33555000000000007 0.17825000000000002 0.10350000000000001 0.027915000000000006 38.500000000000007 160.24500000000003 0.16585000000000003
decision_type=2 1 2 8 2 2 2 2 1 10 2 2 2 10 1 2 2 2 8 2 2 2 2
left_child=7 4 -3 -4 -2 -6 -7 8 9 -1 -11 14 -13 -14 15 16 -9 18 -17 22 -20 -22 -18
right_child=1 2 3 -5 5 6 -8 11 -10 10 -12 12 13 -15 -16 17 19 -19 20 -21 21 -23 -24
leaf_value=-0.0072421252778296407 -0.0096108745833155176 0.0040599892691491309 -0.0036906266973858611 0.037326790892207112 -0.00038943478428127645 0.0052505420673382283 0.05524418342596938 -0.0052467152392916419 -0.0079878151021481533 0.0023371846295787042 0.028606096608288278 -0.00071871352764580579 0.0086704494166682435 0.044310595256049558 -0.003006065649823717 -0.0077882559916100961 0.0015386332972624271 -0.0087920770908350883 -0.00936046156141024 -0.0080176597626779554 0.065262334634680244 -0.011958908024542057 0.032971243679252304
leaf_weight=35.453497689217329 106.40829500555992 641.39480465371162 9.3801708696410078 16.231588065624237 129.21859296411276 8.8944775136187655 4.6373046040534964 86.954829707741737 246.43701083399355 30.287848664447665 20.676923898048699 42.448987098410726 34.62603098154068 11.225363889709113 439.25280143413693 4.6029913853854003 15.680812532082198 8.9091740585863572 2.2472959328442803 15.318289809860287 11.065510625019668 1.2502682730555523 25.552031028084457
leaf_count=809 1902 12190 224 216 2577 158 93 2419 6127 781 492 421 326 98 11725 249 203 406 94 208 432 52 361
internal_value=0.000654903 0.00281167 0.00468397 0.0231252 -0.00242297 0.00257528 0.0272908 -0.00126154 -0.00517013 0.00399334 0.0136725 0.000608772 0.00965269 0.0188832 -0.000725826 0.00481806 0.00226833 0.0208384 0.0341411 0.0136082 0.046734 0.0568475 0.0216416
internal_weight=1948.15 916.165 667.007 25.6118 249.159 142.75 13.5318 1031.99 332.855 86.4183 50.9648 699.134 88.3004 45.8514 610.834 171.581 143.506 28.0752 19.1661 56.5511 14.5631 12.3158 41.2328
internal_count=42563 17360 12630 440 4730 2828 251 25203 8209 2082 1273 16994 845 424 16149 4424 3191 1233 827 772 578 484 564
cat_boundaries=0 1 2 3
cat_threshold=4737681 71306633 21365076
is_linear=0
shrinkage=0.03


Tree=140
num_leaves=24
num_cat=2
split_feature=18 26 32 88 88 37 26 122 115 106 137 29 2 107 117 11 46 76 11 60 106 48 48
split_gain=11.408 8.5683 8.74012 12.3461 10.5235 10.3333 15.0861 14.2552 15.0455 10.4714 9.98197 10.326 7.83716 7.73112 14.7083 7.67361 7.43685 8.5626 7.28481 10.2916 10.7569 7.96791 7.98124
threshold=89.500000000000014 1.0171500000000002 48.500000000000007 0 1 18.500000000000004 0.21175000000000002 8947.8950000000023 0.84523809523809534 1.5000000000000002 2.1793674764028919 0.019650000000000004 62.500000000000007 71.500000000000014 1.0000000180025095e-35 69145.000000000015 0.67850000000000021 1.1283500000000002 4905.0000000000009 0.67845000000000011 5.5000000000000009 1.4945000000000002 0.5335000000000002
decision_type=2 2 2 1 1 2 2 2 10 8 8 2 2 10 8 2 2 2 2 2 10 2 2
left_child=1 2 3 13 -4 9 7 8 -7 10 11 -5 -2 16 -15 -12 17 -1 19 -11 -21 22 -22
right_child=12 -3 4 5 -6 6 -8 -9 -10 18 15 -13 -14 14 -16 -17 -18 -19 -20 20 21 -23 -24
leaf_value=0.0160398257000922 0.020176423527149222 0.017282156113652199 -0.0068410305979585721 0.038435951925687585 -0.00035348155357629754 0.0011269945644245146 0.0084776838455488113 -0.012859354365331685 0.10615949270214159 -0.023537031423454747 0.047149425833391011 0.00057818087687143481 -0.005191510291188541 -0.011943917796501474 0.038820403705183075 -0.0065113823395093967 -0.0098700901630070469 -0.01254407144455863 0.00073605932160067161 -0.012123374314134855 -0.016474954098618821 -0.010611032338664403 0.037074030591437303
leaf_weight=22.430654354393482 39.170484245754778 22.669908739626408 288.42062173783779 5.9832639051601282 832.03941937722266 1.7379905935376907 24.078904231078923 1.4149701520800588 2.5660120574757457 4.114636384882032 10.045414390042422 34.874095560051501 13.979977348819373 9.0958783784881252 8.0116826621815544 2.4390048189088693 138.90248592849821 13.53040629159659 439.45267004240304 6.7348919836804262 1.6533726574853123 3.4993098089471451 23.479931836016476
leaf_count=527 378 127 6828 52 18664 63 382 67 84 121 238 851 136 105 86 44 3235 322 9430 194 48 101 698
internal_value=0.000107354 -0.000283345 -0.000513972 0.00198002 -0.00219291 0.0041328 0.0209483 0.0576533 0.07756 0.00330992 0.0156698 0.00765713 0.0135577 -0.00428158 0.0134046 0.0372145 -0.00674911 0.00519082 0.00187389 0.0138924 0.0192736 0.026968 0.0325966
internal_weight=1950.33 1897.18 1874.51 754.046 1120.46 562.074 29.7979 5.71897 4.304 532.277 53.3418 40.8574 53.1505 191.971 17.1076 12.4844 174.864 35.9611 478.935 39.4821 35.3675 28.6326 25.1333
internal_count=42781 42267 42140 16648 25492 12373 596 214 147 11777 1185 903 514 4275 191 282 4084 849 10592 1162 1041 847 746
cat_boundaries=0 1 2
cat_threshold=424185858 75507937
is_linear=0
shrinkage=0.03


Tree=141
num_leaves=24
num_cat=1
split_feature=88 13 31 6 116 143 38 12 128 29 132 67 38 130 135 11 121 120 134 38 118 106 2
split_gain=7.00056 10.6484 9.85532 11.2786 9.47082 14.3559 18.9402 11.9767 12.7744 11.8611 11.6036 12.6981 10.54 8.47047 8.23312 8.98173 8.19772 8.17398 10.9695 8.20888 8.11599 8.91792 8.21825
threshold=0 0.094750000000000015 1.2915000000000003 0.9235000000000001 0.267948717948718 1.0000000180025095e-35 0.24555000000000002 1.5000000000000002 2542.4750000000008 0.036550000000000006 0.61250000000000016 0.16631251774056205 0.21535000000000001 224.13000000000014 122.97500000000001 21185.000000000004 73.855000000000004 5953.5650000000005 6436.7650000000003 0.32085000000000002 0.078461538461538485 70.500000000000014 11.500000000000002
decision_type=1 2 8 8 8 2 2 2 2 2 8 2 2 2 2 2 2 2 2 2 8 10 2
left_child=2 -2 13 4 5 9 7 -7 16 10 11 -4 -11 -1 -15 -16 -9 18 -5 -19 21 22 -3
right_child=1 20 3 17 -6 6 -8 8 -10 12 -12 -13 -14 14 15 -17 -18 19 -20 -21 -22 -23 -24
leaf_value=-0.013217346943378019 -0.01227594173962449 0.0091363048156714987 0.06814071712847522 0.00099666384077163142 0.00076366007615045128 0.0030118985049922956 0.056444147243678411 0.052000989474391246 -0.0085841309048503688 0.0061661066079353741 -0.010178824106567612 0.012720293470465303 -0.019011642780440822 0.032871531535117626 0.024750172181090508 -0.017067238434588596 0.0066774594480460267 0.010038855666148039 -0.017697309429192457 -0.011912840135109048 0.00125887019604591 0.025063665976523989 -0.0053834369768264315
leaf_weight=53.765468914061785 70.531109182164073 36.409440327435732 5.0095559181645539 82.312410484068096 83.028216107748449 32.58426275011152 11.139418631792067 13.694958217442041 5.2543128039687863 54.706491095013916 5.6412565074861041 10.512931076809762 18.32986605912447 6.0850715199485448 4.9280078504234579 12.011557040736077 5.5047883819788685 81.658700689673424 40.857248265296221 16.999064788222313 861.68687964696437 7.5921039730310431 426.65421193186194
leaf_count=693 4926 610 94 1586 1716 545 160 139 57 1855 88 110 586 80 60 157 54 1978 970 402 16702 154 8936
internal_value=6.03431e-05 -0.00106262 0.00286682 0.00463733 0.00904147 0.0132133 0.0235089 0.0153825 0.0303921 0.00542805 0.0241336 0.0363421 -0.00049104 -0.00684061 0.00791618 -0.0035729 0.0408621 -0.000272183 -0.0053881 0.00609496 -0.000471415 -0.00363118 -0.00420741
internal_weight=1946.9 1402.87 544.024 467.233 245.406 162.378 68.1777 57.0383 24.4541 94.2001 21.1637 15.5225 73.0364 76.7901 23.0246 16.9396 19.1997 221.827 123.17 98.6578 1332.34 470.656 463.064
internal_count=42658 31328 11330 10340 5404 3688 955 795 250 2733 292 204 2441 990 297 217 193 4936 2556 2380 26402 9700 9546
cat_boundaries=0 1
cat_threshold=639766531
is_linear=0
shrinkage=0.03


Tree=142
num_leaves=24
num_cat=1
split_feature=144 88 76 107 48 43 74 125 9 34 132 9 116 136 116 1 11 48 29 105 116 99 124
split_gain=6.38182 10.0558 9.69221 9.69334 8.99206 13.2577 9.60571 9.22796 8.90816 15.6773 10.147 9.85059 9.32567 8.9542 8.89411 9.18839 10.074 8.46883 8.43969 8.40443 14.1587 9.69833 8.25627
threshold=0.67500000000000016 0 0.10395 138.50000000000003 1.0395000000000001 0.072505000000000014 0.033423913043478269 2536.9000000000005 107450.00000000001 738.22500000000014 0.44949494949494956 225050.00000000003 0.21132376395534294 3766.2200000000007 0.22792207792207794 13.15 96765.000000000015 1.4865000000000002 0.022750000000000003 39.500000000000007 0.070197044334975381 2133.8200000000002 573.7700000000001
decision_type=2 1 2 10 2 2 2 2 2 2 8 2 8 2 8 10 2 2 2 10 10 2 2
left_child=1 8 3 4 5 7 -7 -2 9 10 -1 -10 -13 -11 19 -16 -17 -15 -6 -3 21 -21 -8
right_child=2 14 -4 -5 18 6 22 -9 11 13 -12 12 -14 17 15 16 -18 -19 -20 20 -22 -23 -24
leaf_value=-0.0087571951194855332 -0.0086451015099855109 -0.0078510080563033383 -0.0029823300332681136 0.034140936995266401 0.015487134927439531 -0.014312791431962686 0.002838786251184079 0.010478463103381862 -0.012069045050762464 0.041341916639054052 0.014531388053310411 -0.0075168934000261894 0.035868133848856024 0.020163546368458372 0.0020859427358265797 0.0081458221212563908 0.057783010058157731 -0.013084576969466894 -0.010378558282509748 0.02605290369935389 -0.0055949161120989943 -0.012085474328256133 0.051626933470326014
leaf_weight=35.477265879511833 34.867682641372085 183.56360908877105 1140.7189251128584 7.3621043423190704 12.164513807743786 2.6102809384465244 4.4857136867940417 57.516805804334581 31.776762752793729 15.858847703784702 28.611999814398587 7.3328522024676177 7.4838335020467648 40.591827944852412 154.56895952764899 12.593087909743192 3.7450797893106929 6.7944104187190524 57.561437050811946 26.442183959297836 58.921953092329204 6.328115045092999 10.492468475364147
leaf_count=464 960 2630 28852 102 122 52 93 1844 589 176 364 159 137 511 2204 196 31 87 1727 376 885 101 232
internal_value=-0.000771186 0.00173788 -0.00194381 0.00435378 0.00277106 0.00805814 0.0304962 0.00323061 0.00727151 0.0123609 0.00176487 -0.00283248 0.0160563 0.0227151 -0.000802953 0.00449626 0.0245848 0.0150595 -0.00555997 -0.00417435 0.00319663 0.0184166 0.0390713
internal_weight=1947.87 620.091 1327.78 187.061 179.699 109.973 17.5885 92.3845 173.928 127.334 64.0893 46.5934 14.8167 63.2451 446.163 170.907 16.3382 47.3862 69.726 275.256 91.6923 32.7703 14.9782
internal_count=42894 8910 33984 5132 5030 3181 377 2804 2487 1602 828 885 296 774 6423 2431 227 598 1849 3992 1362 477 325
cat_boundaries=0 1
cat_threshold=67210501
is_linear=0
shrinkage=0.03


Tree=143
num_leaves=24
num_cat=1
split_feature=13 0 45 3 105 41 131 94 141 40 46 20 41 136 18 0 27 126 130 44 60 10 128
split_gain=6.54743 7.91233 7.01713 8.33542 6.8372 7.24913 11.4652 7.01513 9.31593 12.1482 12.4587 8.50294 8.64194 11.9575 8.57265 8.05322 7.97958 7.35206 13.9756 15.305 10.2101 8.09691 7.01826
threshold=0.10055000000000001 21.500000000000004 0.00175 1.0000000180025095e-35 11.500000000000002 2.2815000000000007 0.3816526610644258 0 28498.295000000002 0.29465000000000002 0.76550000000000018 1.0000000180025095e-35 2.3775000000000004 8151.3300000000008 102.50000000000001 26.500000000000004 1.0000000180025095e-35 856.09000000000003 -1042.8349999999998 0.091195000000000012 0.69835000000000014 0.70025000000000015 -2627.3349999999996
decision_type=2 2 2 2 8 2 10 9 2 2 2 2 2 2 2 2 2 2 2 2 2 2 2
left_child=1 -1 3 -2 5 6 -4 11 17 10 -10 14 13 -13 15 -6 -17 -9 -19 20 -20 -21 -18
right_child=2 -3 4 -5 7 -7 -8 8 9 -11 -12 12 -14 -15 -16 16 22 18 19 21 -22 -23 -24
leaf_value=0.037023179188477424 0.037890037140502569 -0.008780225473265962 -0.0094510770701729373 -0.0058928765839125537 0.015895796352852553 -0.013559992941128319 0.025090035266511192 0.00048878154165101449 -0.0080055330993401494 -0.0036016123332051637 0.057383721050738808 0.030431472713294581 -0.0032166925261223433 -0.0078321329084506293 0.030113822312208726 -0.011200530023724644 -0.0092575852909908274 -0.0051606040775007845 0.035422863996349599 0.077278902856968354 0.0012095443295963562 0.022286282885633606 0.0044734272300410933
leaf_weight=1.560212337411939 7.4463838711380941 105.65071719884872 21.499182431958616 5.8757259603589773 12.712058935314415 63.285545605234802 11.73374366480857 1215.0974306464195 3.0120948757976311 9.8157575633376819 7.4762974325567484 19.75068709533662 38.005000739358366 10.062330749817191 4.0977703332900992 170.30086025595665 56.406549322418869 36.300038220360875 8.1602342845872027 3.242025955580174 35.201387924142182 9.3884027469903213 76.680140295997262
leaf_count=64 168 7085 421 133 237 1209 222 24313 71 209 149 190 400 96 41 4652 852 419 89 91 451 71 1042
internal_value=-0.00031263 -0.00744786 0.000114099 0.020331 -5.67685e-05 -0.00774255 0.00347651 0.000384112 0.00141888 0.0206735 0.0403303 -0.00304172 0.00628416 0.0178365 -0.00527971 -0.00592498 -0.0069374 0.00111582 0.00918585 0.018344 0.00892608 0.0450365 -0.00139713
internal_weight=1932.76 107.211 1825.55 13.3221 1812.23 96.5185 33.2329 1715.71 1327.69 20.3041 10.4884 388.015 67.818 29.813 320.197 316.1 303.388 1307.39 92.2921 55.9921 43.3616 12.6304 133.087
internal_count=42675 7149 35526 301 35225 1852 643 33373 25863 429 220 7510 686 286 6824 6783 6546 25434 1121 702 540 162 1894
cat_boundaries=0 1
cat_threshold=278136592
is_linear=0
shrinkage=0.03


Tree=144
num_leaves=24
num_cat=0
split_feature=18 26 133 1 70 134 134 24 6 136 44 109 42 131 12 74 117 1 105 143 135 37 66
split_gain=10.0271 7.92447 8.96159 8.159 8.37209 7.93014 14.4514 11.1182 9.75279 11.2106 9.73228 9.00556 8.78868 9.48258 8.34025 15.3549 11.0378 13.2648 11.2722 9.24624 8.21872 8.04121 12.8626
threshold=92.500000000000014 1.0171500000000002 0.4188596491228071 0.45000000000000007 17.583333333333339 4103.6900000000014 5970.8600000000006 4345.0000000000009 0.75350000000000017 4744.4850000000006 0.006235000000000001 1.5000000000000002 1.0401500000000004 0.28730158730158734 1.0000000180025095e-35 0.066763565891472879 0.31666666666666671 8.1500000000000004 102.50000000000001 1.0000000180025095e-35 454.54000000000002 10.500000000000002 0.35060849749559914
decision_type=2 2 8 8 2 2 2 2 8 2 2 2 2 8 2 2 10 10 8 2 2 2 2
left_child=1 3 -3 -1 5 10 12 21 9 -9 11 -5 -7 -14 15 16 -12 18 -18 -20 -11 22 -8
right_child=-2 2 -4 4 -6 6 7 8 -10 20 14 -13 13 -15 -16 -17 17 -19 19 -21 -22 -23 -24
leaf_value=-0.020864993383350759 0.013782605272309784 0.027726916814321999 -0.0095643926975811037 -0.0068255047817953026 -0.024392021764163586 -0.010192558433842836 0.0019232215067326783 -0.013665719680300699 -0.0027669477471272959 -0.011186802033912013 0.013751527373087737 0.048498610742966811 0.039334319176159982 -0.008632640129332049 0.0003493420072902257 -3.9622911501912036e-05 -4.3984306117128348e-05 -0.0093782494913551423 0.10404319237300293 0.01462481366857352 0.019865558928704584 -0.00025224692828894812 0.015657681479590731
leaf_weight=15.080955415032802 46.731217357330024 16.545376362279061 7.2329281345009795 3.2709691030904633 10.616076957434414 178.80308287031949 149.7196950847283 13.902278675697742 762.3641615640372 7.7914778636768451 32.294744846411049 6.1236163675785065 5.0866191964596483 6.5727913407608876 256.55694353580475 54.274908783845603 1.9097673976793865 2.2014159597456455 3.3120319647714496 2.2274913638830185 45.863588630221784 218.36559848487377 102.77408504486084
leaf_count=341 445 94 43 65 151 3799 1390 405 24324 219 774 113 37 57 3977 1561 55 68 94 29 1251 2249 1204
internal_value=0.000345203 1.08255e-06 0.0165216 -0.000225312 -3.61423e-05 0.000129507 -0.000838679 0.0002961 -0.0017922 0.00897081 0.00409872 0.0314191 -0.00851129 0.014989 0.00319816 0.0106323 0.0238145 0.0493475 0.0650139 0.0815048 0.0151164 0.00396888 0.00759276
internal_weight=1949.62 1902.89 23.7783 1879.11 1864.03 1853.42 1491.24 1300.78 829.922 67.5573 362.172 9.39459 190.462 11.6594 352.777 96.2204 41.9455 9.65071 7.44929 5.53952 53.6551 470.859 252.494
internal_count=42745 42300 137 42163 41822 41671 34935 31042 26199 1875 6736 178 3893 94 6558 2581 1020 246 178 123 1470 4843 2594
is_linear=0
shrinkage=0.03


Tree=145
num_leaves=24
num_cat=2
split_feature=68 123 67 46 7 111 130 42 94 61 37 143 88 38 108 114 7 48 73 6 68 128 128
split_gain=10.5295 8.1679 10.1803 9.41937 9.61472 10.1674 8.25566 6.69089 6.28297 9.51876 11.9828 8.96111 9.27164 10.4592 11.4447 11.3466 11.894 14.4983 10.4536 9.93391 9.25417 9.20055 10.5303
threshold=0.0098432693950786087 8073.9550000000008 0.20432498523491807 1.2775000000000001 0.46350000000000008 2.5000000000000004 13028.07 0.31845000000000007 0 183.50000000000003 9.5000000000000018 1.0000000180025095e-35 1 0.13265000000000002 4.5000000000000009 10.500000000000002 0.33850000000000008 0.88350000000000006 0.29906832298136649 0.85850000000000015 0.17974076192124075 1231.7150000000013 -4828.7299999999987
decision_type=2 2 2 2 8 2 2 2 9 2 2 2 1 2 8 2 8 2 2 8 2 2 2
left_child=1 2 -1 4 5 -4 -3 -5 9 -2 -11 12 -10 15 -15 20 17 -17 -19 -20 -14 22 -13
right_child=8 6 3 7 -6 -7 -8 -9 11 10 -12 21 13 14 -16 16 -18 18 19 -21 -22 -23 -24
leaf_value=-0.0077156070259205506 0.0038184820670642767 0.028953472892750125 -0.001740938880635465 0.014526425797202293 0.036622015559983095 0.02758771282323343 -0.010100285484938907 -0.016212549633064705 -0.0077820800246498241 0.063838716081268898 -0.0022845408154121834 0.0029437541457448943 0.012322653757384346 -0.019913357207744418 -0.002395125192012201 0.0014306192248371783 -0.0099255800805766459 -0.012928984517109597 0.091710482202415039 0.027057061145270223 -0.0023277905102647165 0.0061662381370423923 -0.0054753146998938584
leaf_weight=41.859108936041594 116.95969487633556 22.698138143867258 29.187346737831831 8.112575691193344 14.008915200829504 14.545778989791868 4.9936978816986075 15.661274075508116 249.92396217118949 3.5336283706128588 4.2100310567766428 286.82749363686889 49.796559039503336 34.823682129383087 390.1878813887015 9.2593392189592176 7.5268510747700921 1.4112750962376583 3.5850162236019942 7.7365359431132683 152.969731381163 232.6791797876358 247.04544143099338
leaf_count=379 2589 180 240 69 75 115 48 96 8092 61 77 4027 574 1019 11873 312 166 58 108 280 5890 3273 3204
internal_value=-7.65212e-06 0.00754617 0.00407266 0.0101658 0.0165452 0.00879373 0.0217049 -0.00540993 -0.000649829 0.0052294 0.0347993 -0.00115437 -0.00318629 -0.00108432 -0.00391704 0.00397218 0.0207205 0.0311623 0.0496539 0.0582249 0.00135537 0.00121491 -0.000957998
internal_weight=1949.54 151.067 123.375 81.5159 57.742 43.7331 27.6918 23.7738 1798.48 124.703 7.74366 1673.77 907.221 657.297 425.012 232.285 29.519 21.9922 12.7328 11.3216 202.766 766.552 533.873
internal_count=42805 1202 974 595 430 355 228 165 41603 2727 138 38876 28372 20280 12892 7388 924 758 446 388 6464 10504 7231
cat_boundaries=0 1 2
cat_threshold=134234196 150369
is_linear=0
shrinkage=0.03


Tree=146
num_leaves=24
num_cat=3
split_feature=18 21 2 1 31 45 78 114 3 96 47 10 66 121 78 33 128 1 11 141 98 97 120
split_gain=7.9281 7.32153 7.43803 6.18829 5.92041 6.26767 7.33893 6.82713 6.06255 5.99793 8.49993 7.10931 6.92862 7.64032 6.58343 6.57912 10.4441 13.4699 7.90566 7.77489 6.89583 12.1602 6.37664
threshold=86.500000000000014 1.0000000180025095e-35 33.500000000000007 8.1500000000000004 0.86350000000000005 0.00175 0.18929500000000002 7.5000000000000009 1.0000000180025095e-35 0 263.63500000000005 0.35085000000000005 0.2539648241895433 5633.8450000000012 0.23614500000000002 76957.125000000015 -9852.9649999999965 4.7500000000000009 48295.000000000007 2389.6200000000003 1 2 14584.925000000001
decision_type=2 2 2 10 8 2 2 2 2 1 2 2 2 2 2 2 2 8 2 2 1 1 2
left_child=4 2 3 -2 -1 6 7 -6 -9 10 11 -7 13 -13 -12 16 17 -14 -17 -19 22 -22 -18
right_child=1 -3 -4 -5 5 9 -8 8 -10 -11 14 12 15 -15 -16 18 20 19 -20 -21 21 -23 -24
leaf_value=0.028310048854250827 0.0038826806116002417 0.023659111115620156 -0.007762655919394441 0.042393659891990357 -0.013446278989586002 -0.017396432303218103 0.047634732306633717 0.044254635994092614 -0.0095213730209688409 0.00042832911576046645 0.043584849456197637 -0.015439573978756475 -0.011486142184852719 0.016169902689299017 -0.0097003631124217751 0.025807812734134201 -0.008797849391413327 0.062379703041981011 -0.016911692645640609 0.0081437942100075229 -0.012479196957169352 0.038525017325783693 0.013405789184551355
leaf_weight=4.6378290746361017 11.28368605673313 22.529410743154585 23.742473108693957 4.0020979326218358 7.104587675072251 38.788670311681926 3.2365314345806828 3.0303920684382319 2.0673624230548739 1621.956605097279 3.6488614277914158 53.291980056092143 5.0272195395082209 6.2098756190389386 2.3404267001897097 2.7091157352551845 53.633398476056755 5.4643740486353636 26.173648774623871 4.4969154968857765 5.9967210497707111 7.8862770367413759 12.834925754927097
leaf_count=37 126 150 281 31 210 2121 78 77 47 36553 81 641 88 86 47 64 832 87 419 67 94 102 225
internal_value=0.000381905 0.0108019 0.00258839 0.017704 2.78221e-05 -7.27125e-05 0.0178285 0.00432805 0.0259084 -0.000241154 -0.00451277 -0.00604475 -0.00348661 -0.0117221 0.0255468 0.000581379 0.00440021 0.0257715 -0.0114929 0.0433511 -0.000115408 0.0176967 -0.00424401
internal_weight=1932.09 61.5577 39.0283 15.2858 1870.54 1865.9 15.4389 12.2023 5.09775 1850.46 228.502 222.513 183.724 59.5019 5.98929 124.223 95.3398 14.9885 28.8828 9.96129 80.3513 13.883 66.4683
internal_count=42544 588 438 157 41956 41919 412 334 124 41507 4954 4826 2705 727 128 1978 1495 242 483 154 1253 196 1057
cat_boundaries=0 1 2 3
cat_threshold=66 2 1
is_linear=0
shrinkage=0.03


Tree=147
num_leaves=24
num_cat=2
split_feature=19 1 50 13 74 88 6 19 9 22 88 46 128 66 133 101 120 132 0 51 38 33 76
split_gain=9.69871 8.13375 12.4854 11.3475 8.7889 13.4824 11.7359 13.5767 11.6942 11.1371 10.3282 10.1171 15.1779 9.70588 9.55971 9.16464 12.4485 8.77996 8.68983 10.4272 9.43744 10.452 12.0232
threshold=3.5000000000000004 13.65 2.5000000000000004 0.58685000000000009 0.041895604395604406 0 0.76450000000000007 8.5000000000000018 95850.000000000015 771.50000000000011 1 1.2435000000000003 167.46500000000017 0.040453222937962142 0.38278388278388281 560.29000000000008 8327.8800000000028 0.27922077922077926 63.500000000000007 0.21775000000000003 0.19995000000000004 80220.165000000023 0.15115000000000003
decision_type=2 8 2 2 2 1 10 2 2 8 1 2 2 2 10 2 2 10 2 2 2 2 2
left_child=-1 4 3 -3 5 -2 7 14 -8 11 15 12 -9 -12 -7 -6 -17 -5 -15 -20 21 22 -21
right_child=1 2 -4 17 10 6 8 9 -10 -11 13 -13 -14 18 -16 16 -18 -19 19 20 -22 -23 -24
leaf_value=0.0049218916350527546 -0.006023334046049743 -0.0049898271208106328 0.015578677956046637 0.029408729608105946 0.00084871177126712367 -0.017332688956886624 0.0075436680392711947 0.063679186154379286 -0.0091475678562081275 -0.01162890650798787 -0.021850920569666185 0.0075709096479722737 0.0064389308958259532 -0.0051782712496335594 0.022232820901225407 0.055487611247627196 -0.0099297583883803282 -0.0043995794410546085 -0.0015866576672350643 -0.0079437639949395157 0.00045852289091382437 -0.0098634673506197944 0.072948961569825194
leaf_weight=296.06145989708602 99.099601866677403 104.88401297386736 62.579701838083565 15.628663169220092 299.41442707553506 11.527033709920945 138.36222926434129 13.43558943830431 49.815348132513463 4.0863003479316822 27.36568795517087 8.8946819482371193 6.3819968989118925 708.72114375792444 7.2636248776689163 4.393478841520845 3.5510619431734085 10.612927764654158 44.653886233456433 1.6536588827148095 8.4316170271486026 2.082269842736423 5.5095487162470818
leaf_count=3466 2161 2901 1367 102 7464 160 2542 258 1368 160 360 161 138 18198 95 89 107 72 1164 38 196 54 121
internal_value=-5.63478e-05 -0.000960856 0.00478106 -0.000528732 -0.00173631 0.00248021 0.00601634 0.0190355 0.00307534 0.0301335 -0.00303061 0.0364473 0.0475257 -0.00474025 -0.00137097 0.00166124 0.0301309 0.0163923 -0.00423131 0.00636216 0.0245619 0.0425526 0.0566166
internal_weight=1934.41 1638.35 193.705 131.126 1444.64 338.866 239.767 51.5892 188.178 32.7986 1105.78 28.7123 19.8176 798.418 18.7907 307.359 7.94454 26.2416 771.052 62.331 17.6771 9.24548 7.16321
internal_count=42742 39276 4442 3075 34834 7043 4882 972 3910 717 27791 557 396 20131 255 7660 196 174 19771 1573 409 213 159
cat_boundaries=0 1 2
cat_threshold=273171025 235077681
is_linear=0
shrinkage=0.03


Tree=148
num_leaves=24
num_cat=2
split_feature=18 137 88 6 46 107 134 29 125 132 43 40 131 93 105 23 32 42 41 47 45 32 18
split_gain=7.27813 9.73655 7.59446 10.4539 8.58834 8.41034 8.36684 12.2445 11.9421 9.19982 10.0429 8.37483 10.7682 9.32863 7.43007 15.2999 11.0407 11.5315 12.8262 7.89718 16.6217 9.62745 9.46444
threshold=100.50000000000001 0.55657157726306461 0 0.95650000000000002 1.6285000000000001 71.500000000000014 26945.825000000004 0.033650000000000006 8289.885000000002 0.77500000000000013 0.021845000000000003 0.073950000000000002 0.267948717948718 1 42.500000000000007 67.550000000000011 51.500000000000007 -0.13684999999999997 2.3965000000000001 33.085000000000008 0.10715000000000001 56.500000000000007 16.500000000000004
decision_type=2 8 1 10 2 10 2 2 2 10 2 2 10 1 10 2 2 2 2 2 2 2 2
left_child=2 -2 3 6 -5 -4 8 -8 11 10 -10 12 -1 -13 19 -16 -17 -18 -19 20 21 -15 -21
right_child=1 -3 5 4 -6 -7 7 -9 9 -11 -12 13 -14 14 15 16 17 18 -20 22 -22 -23 -24
leaf_value=0.066154140692377114 -0.010269240308258347 0.024485346267870554 -0.0016544831293753674 -0.0069488945544540874 0.022404673969752289 0.0059935350464645661 0.018704724949579869 -0.0086020650126401935 -0.0079876046769209435 0.052426107308334073 0.02401749702970114 -0.0048976319258559218 -0.0012003651087026668 0.065319727479614786 0.0035510113301131636 0.0045879952058704258 0.0072321702855318139 0.013386649524938657 0.086992511674904044 -0.0060694567140092571 -0.0023816347553951181 0.0012651218090666461 0.010908679417617178
leaf_weight=2.5743567235767832 9.0274854460731166 22.250814218074083 1261.3867608122528 103.84400287736207 7.8573077712208024 142.20710167381912 16.977691831998527 65.174342066049576 11.195393479429184 5.8459238670766345 28.948316759429872 61.667496975511312 3.876987474039197 5.7519922666251677 33.35378313343972 8.0483943792060035 5.0457295225933203 4.0519013209268415 6.0113423177972436 68.642991801723838 13.057986053638158 3.0128517765551805 48.821724166162312
leaf_count=60 89 201 30012 2349 149 1665 196 1813 342 133 569 1172 105 120 361 276 194 123 148 1866 219 66 508
internal_value=0.00053108 0.0144402 0.0002881 0.00334619 -0.00452632 -0.000856946 0.00581303 -0.00264837 0.00805862 0.0218637 0.0151363 0.00550663 0.0349717 0.00450444 0.00719489 0.0171 0.034781 0.0484481 0.0644886 0.00426414 0.020016 0.0476272 0.00105164
internal_weight=1938.63 31.2783 1907.35 503.761 111.701 1403.59 392.059 82.152 309.907 45.9896 40.1437 263.918 6.45134 257.466 195.799 56.5112 23.1574 15.109 10.0632 139.288 21.8228 8.76484 117.465
internal_count=42736 290 42446 10769 2498 31677 8271 2009 6262 1044 911 5218 165 5053 3881 1102 741 465 271 2779 405 186 2374
cat_boundaries=0 1 2
cat_threshold=557987072 2
is_linear=0
shrinkage=0.03


Tree=149
num_leaves=24
num_cat=2
split_feature=88 27 71 41 44 9 66 29 40 18 0 123 29 48 137 6 42 128 136 41 97 23 38
split_gain=10.4957 10.6174 8.98356 8.77525 7.18535 7.16831 11.067 9.73452 9.58165 9.25377 9.57095 8.17199 7.96337 11.4437 7.34417 7.28494 9.58343 11.3237 8.40212 11.5403 8.31308 8.15728 9.35476
threshold=0 4.5000000000000009 11.500000000000002 2.4685000000000001 0.050485000000000009 225050.00000000003 0.38291730360596526 0.37195000000000006 0.42005000000000003 29.500000000000004 59.500000000000007 19448.990000000005 0.061250000000000006 1.5635000000000001 2.2834033638504021 0.65650000000000019 -0.56874999999999987 8130.3650000000007 1963.9050000000004 2.5945000000000005 1 91.050000000000011 0.05945000000000001
decision_type=1 2 2 2 2 2 2 2 2 2 2 2 2 2 10 10 2 2 2 2 1 2 2
left_child=2 -2 5 4 -4 11 -7 8 9 10 12 15 -8 14 -14 -1 21 -18 19 -19 -20 22 -17
right_child=1 -3 3 -5 -6 6 7 -9 -10 -11 -12 -13 13 -15 -16 16 17 18 20 -21 -22 -23 -24
leaf_value=0.0047948652909535977 0.0015792485410054868 0.022971602719870966 0.016818862765791809 0.026798800030962463 -0.021770667864877805 -0.020883576708968947 0.0046044118355648865 -0.013903260458052076 -0.0079093334505795088 -0.0057575384478883032 -0.01437148894104533 -0.018861461826714915 0.074484701803492523 -0.012673144894403141 -0.0018904795543012792 -0.012524954961855083 -0.0091594009053446047 0.057642373628545483 0.028106408790309536 -0.0093302833750183826 -0.0095575646496579101 -0.017107717135933252 0.033557199796699667
leaf_weight=67.552815407514572 1409.1518576778471 19.210506584495306 5.9965484905987996 15.225617447867988 7.6370558701455593 8.1264840001240355 3.5046150702983239 7.0237326258793464 6.3461086722090831 4.2732785725966087 1.6522613335400809 35.060644645243883 9.2578716082498413 1.2037776308134187 1.1516026314347971 4.2283744132146301 280.84427144471556 4.1758929593488601 5.098186950199306 2.924741892144084 18.52448007743806 4.8079676255583754 12.698778483085333
leaf_count=1436 31027 94 36 84 49 205 81 434 160 62 57 866 299 36 43 146 5998 88 139 65 440 347 448
internal_value=0.000559345 0.00186606 -0.00305432 0.0125186 -0.00481733 -0.00420076 0.00731412 0.0147541 0.022549 0.0316237 0.0407475 -0.00535274 0.0477469 0.0581771 0.0670924 -0.00408343 -0.00590072 -0.00726255 0.0095768 0.0340684 0.000130373 0.0125877 0.0219388
internal_weight=1935.68 1428.36 507.315 28.8592 13.6336 478.456 42.5397 34.4132 27.3895 21.0434 16.7701 435.916 15.1179 11.6133 10.4095 400.856 333.303 311.568 30.7233 7.10063 23.6227 21.7351 16.9272
internal_count=42640 31121 11519 169 85 11350 1377 1172 738 578 516 9973 459 378 342 9107 7671 6730 732 153 579 941 594
cat_boundaries=0 1 2
cat_threshold=407437920 4
is_linear=0
shrinkage=0.03


Tree=150
num_leaves=24
num_cat=0
split_feature=29 14 0 32 6 69 7 136 146 6 133 10 68 48 66 14 7 37 23 78 2 32 11
split_gain=9.41176 7.87164 7.62729 17.9975 11.34 9.39832 11.8139 20.7381 10.7071 10.5565 10.3668 8.92055 12.8128 9.34855 9.13449 11.9403 9.1434 8.83263 13.5353 13.2691 19.0094 12.5073 8.84488
threshold=0.50045000000000006 8.5000000000000018 63.500000000000007 88.500000000000014 0.9195000000000001 0.25063090667377902 0.15850000000000003 7959.4000000000005 0.72500000000000009 0.98750000000000016 0.13809523809523813 0.41945000000000005 0.56868854778241495 0.98450000000000004 0.51143761742397897 2.5000000000000004 0.18650000000000003 2.5000000000000004 81.250000000000014 0.13048500000000005 30.500000000000004 36.500000000000007 27485.000000000004
decision_type=2 2 2 2 10 2 10 2 2 8 10 2 2 2 2 2 10 2 2 2 2 2 2
left_child=1 2 17 5 -5 11 9 8 10 -7 -8 13 14 -4 15 -13 -17 18 22 20 -20 -22 -1
right_child=-2 -3 3 4 -6 6 7 -9 -10 -11 -12 12 -14 -15 -16 16 -18 -19 19 -21 21 -23 -24
leaf_value=0.010589637718769302 -0.0078852473190473803 0.026221052382873592 -0.009479694577400723 0.060701061912117077 -0.0032392986598451779 -0.0049527854164052726 0.0045755813108591288 -0.0089617051436584085 -0.0068631791284015095 0.035895293678528555 0.081386161692962075 -0.010038366573323446 -0.017445035668443468 0.044724268360337952 0.025911335333142556 -0.0064887830824927996 0.026812761186405295 -0.00083506053459036914 -0.0071461860109293916 0.0076153737642221178 -0.0031970163265871098 0.093245822322541846 -0.0033466245474557395
leaf_weight=70.278390183113515 117.93486779462546 8.8909555301070196 3.6665372950956208 6.467147942632435 3.2644709525629878 26.41826542001218 2.2324136253446358 6.126406247727572 1.710383872501551 5.1417593006044617 6.7774623893201351 44.967363227158785 35.074691742658615 5.5257597239688039 11.911596367135642 11.075884539633991 17.081998351961374 1432.4475561091676 3.1257668770849723 16.760775683447719 1.3264825223013756 4.5379223702475429 93.069848626852036
leaf_count=1244 7048 41 138 105 69 1000 68 219 44 168 214 490 486 175 122 81 93 28166 143 796 73 208 1499
internal_value=0.000255094 0.000791284 0.00063748 0.00633355 0.0423566 0.00391145 0.0148997 0.0337162 0.05568 0.00344475 0.0666429 -0.000366443 -0.00271049 0.0252734 0.0036282 -0.000594755 0.014152 -2.79462e-05 0.00603079 0.0254132 0.0511702 0.0761659 0.00270483
internal_weight=1935.81 1817.88 1808.99 187.442 9.73162 177.711 48.4067 16.8467 10.7203 31.56 9.00988 129.304 120.112 9.1923 85.0368 73.1252 28.1579 1621.55 189.099 25.7509 8.99017 5.8644 163.348
internal_count=42690 35642 35601 3472 174 3298 1713 545 326 1168 282 1585 1272 313 786 664 174 32129 3963 1220 424 281 2743
is_linear=0
shrinkage=0.03


Tree=151
num_leaves=24
num_cat=1
split_feature=7 18 39 39 66 5 31 76 60 74 131 88 137 125 31 115 23 67 12 10 29 7 129
split_gain=9.2548 9.83395 8.4719 9.65442 13.7971 10.364 8.21138 7.66407 7.5501 10.2857 8.58354 7.52773 8.53188 8.55984 10.6578 8.99787 9.43527 9.83475 9.20492 7.45493 7.40693 10.8764 7.37549
threshold=0.18250000000000002 89.500000000000014 0.32585000000000003 0.34685000000000005 0.24826905586560191 178350.00000000003 1.4535000000000002 0.13255000000000003 0.75235000000000007 0.04634890572390573 0.46291208791208799 0 1.9746330119738864 1879.0250000000003 1.1295000000000002 0.55397727272727282 87.550000000000011 0.16490904761274791 2.5000000000000004 1.0416500000000004 0.11595000000000001 0.15550000000000003 -1072.4499999999998
decision_type=8 2 2 2 2 2 8 2 2 2 8 1 8 2 8 10 2 2 2 2 2 8 2
left_child=2 -2 11 4 -4 8 -6 -8 -5 -10 -11 12 13 15 -15 16 17 -1 20 22 -17 -22 -3
right_child=1 19 3 5 6 -7 7 -9 9 10 -12 -13 -14 14 -16 18 -18 -19 -20 -21 21 -23 -24
leaf_value=-0.018514453703678317 0.0016648288126487585 -0.015046053540807645 -0.019801821512403343 -0.012857754491957201 -0.013162534880495947 -0.014850676678216664 -0.0011473739462950644 0.061723097861093576 -0.006001026502806958 0.049127200358137592 -0.013451459373117496 -0.004716397289942692 0.014167773344679689 0.025428980347099197 -0.0090290868332202744 -0.016917395583898976 0.065524943049294043 0.025927582265708796 0.023356426757959799 0.035721582736368607 -0.0050486605596556889 0.043254523950288108 0.018611604091747808
leaf_weight=4.9622487956658068 1101.4181402176619 7.5930777229368678 2.905944754369556 5.5122991530224708 1.2878066366538403 17.918629415333271 2.0327643007040006 7.859799288213253 6.2365834396332529 9.0235239034518564 1.5037468103691942 522.98179654963315 40.057871145196259 6.8744730716571212 96.98332795035094 22.876459941267967 2.0671526016667476 11.696351595222948 10.252529218792914 11.251091495156286 15.305495604872705 3.6135160187259308 13.479458888992669
leaf_count=163 19489 77 61 122 31 567 68 265 115 249 49 15454 1046 91 2965 400 104 176 149 51 585 106 137
internal_value=0.000424131 0.0021608 -0.00206123 0.00917053 0.028815 0.0012466 0.0425386 0.0507839 0.0143517 0.0237156 0.0394678 -0.00291027 0.00182585 -0.000875147 -0.00631092 0.00705586 0.0237729 0.0121237 0.000384302 0.0179791 -0.00606009 0.00743058 0.00623077
internal_weight=1925.69 1133.74 791.952 54.2811 14.0863 40.1948 11.1804 9.89256 22.2762 16.7639 10.5273 737.671 214.689 174.632 103.858 70.7738 18.7258 16.6586 52.048 32.3236 41.7955 18.919 21.0725
internal_count=42520 19754 22766 1527 425 1102 364 333 535 413 298 21239 5785 4739 3056 1683 443 339 1240 265 1091 691 214
cat_boundaries=0 1
cat_threshold=124059656
is_linear=0
shrinkage=0.03


Tree=152
num_leaves=24
num_cat=1
split_feature=67 94 1 43 69 118 18 69 25 40 144 145 68 60 133 33 141 144 45 115 43 78 60
split_gain=8.21244 8.37733 13.1544 10.6783 14.3519 11.089 9.8892 11.6371 9.45082 8.97396 8.59865 11.8982 12.2404 10.1628 13.7114 13.8928 9.53823 9.15769 9.65558 9.15442 8.84972 7.92374 7.90458
threshold=0.34398944250562363 0 3.5500000000000003 0.021845000000000003 0.03181513159288047 0.088932806324110686 40.500000000000007 -0.0026536479611068884 13885.000000000002 0.23015000000000002 0.67500000000000016 2.5000000000000004 1.7436497607655503 0.93975000000000009 0.31698564593301443 89698.595000000016 27262.145000000004 0.80000000000000016 0.032350000000000011 1.7255639097744362 0.011555000000000001 0.24527500000000005 0.89655000000000007
decision_type=2 9 10 2 2 10 2 2 2 2 2 2 2 2 8 2 2 2 2 10 2 2 2
left_child=1 2 3 -1 9 -6 -4 -8 22 -5 11 12 16 14 21 19 -3 -12 -19 20 -16 -14 -7
right_child=-2 10 6 4 5 8 7 -9 -10 -11 17 -13 13 -15 15 -17 -18 18 -20 -21 -22 -23 -24
leaf_value=-0.0018568000937227685 0.0038726090075421509 0.0012554006815625194 -0.0050400713286392783 0.035003869721693968 0.0045602358621556899 0.089324278445318331 -0.011152758389015591 0.033400533291395973 0.011707062510629513 -0.0046063699326212848 -0.0038322272064533441 -0.0070153755850911144 -0.0096836762093653241 -0.0080499926891435102 -5.4653273436764462e-05 -0.0021723140591247809 0.036718768622893118 0.029684776707781035 -0.0011311191218492196 -0.0065278013227708948 0.068197908480945577 0.026940111115927923 0.0086180643442726433
leaf_weight=16.841041156090796 418.99634215980768 267.50448702089489 81.117660820484161 5.5934361275285509 4.7127800388261702 5.8840932399034482 7.0471014026552465 12.476378803141413 3.6601229757070541 14.807843953371046 910.04275931976736 100.54465520102531 11.807996823452415 9.6898818919435126 1.9417041977867509 5.1778748920187345 5.0109487380832425 13.262402221560476 22.504585616290569 1.6923398617655028 12.118000419810413 6.7340177670121184 1.8029154893010853
leaf_count=454 4294 3509 2239 68 178 147 49 171 171 176 27470 1949 350 303 73 156 55 129 225 42 316 189 51
internal_value=0.000163817 -0.000860947 0.00525569 0.0178525 0.0265792 0.0461735 -0.000353662 0.0177768 0.0601836 0.00840918 -0.00162222 0.00190176 0.00471506 0.0181852 0.0247032 0.040249 0.00217026 -0.00323885 0.0112623 0.0528671 0.059939 0.00494514 0.0760828
internal_weight=1940.97 1521.98 153.943 53.3022 36.4612 16.0599 100.641 19.5235 11.3471 20.4013 1368.03 422.222 321.677 49.1618 39.4719 20.9299 272.515 945.81 35.767 15.752 14.0597 18.542 7.68701
internal_count=42764 38470 3704 1245 791 547 2459 220 369 244 34766 6942 4993 1429 1126 587 3564 27824 354 431 389 539 198
cat_boundaries=0 1
cat_threshold=2490484
is_linear=0
shrinkage=0.03


Tree=153
num_leaves=24
num_cat=3
split_feature=74 88 38 46 33 114 67 115 6 88 18 137 48 6 34 33 2 10 6 2 130 43 96
split_gain=8.74559 11.187 13.5717 10.6405 10.5839 10.0388 12.3104 9.64849 12.251 9.54345 11.8232 10.2935 10.401 10.6844 10.2795 11.4001 10.0816 11.3246 9.70123 10.1423 9.67758 9.50408 9.21814
threshold=0.078157150205761319 0 0.41145000000000004 1.5375000000000003 301635.93500000006 7.5000000000000009 0.14156004519674215 0.84523809523809534 0.86650000000000016 1 22.500000000000004 0.39416568166949445 0.94950000000000012 0.89350000000000007 1209.3550000000002 30862.470000000005 97.500000000000014 0.51155000000000006 0.99550000000000016 121.50000000000001 -16545.734999999997 0.019315000000000002 2
decision_type=2 1 2 2 2 2 2 10 10 1 2 8 2 8 2 2 2 2 8 2 2 2 1
left_child=1 2 -1 -3 9 6 -6 -4 -9 10 11 12 -2 -14 15 -12 17 21 19 22 -20 -15 -11
right_child=4 3 7 -5 5 -7 -8 8 -10 18 14 -13 13 16 -16 -17 -18 -19 20 -21 -22 -23 -24
leaf_value=-0.0044484369270338725 -0.01574739329548959 0.0059067147806879305 -0.0074159220410275235 -0.0057781218496530647 -0.0054390581609152482 -0.0068836380784669049 0.0503339281352028 0.064457483239302213 -0.00092607242096341821 0.0039808309054161651 -0.0028243060410216235 -0.01600318433878475 -0.0067834329644027034 0.0029240165713241922 -0.015403996200993772 0.021050446327281779 -0.017009215197437196 0.010076280022280098 0.019404345572879938 0.016015356741327175 -0.01157069275905861 0.09119773480103141 -0.003658091074052953
leaf_weight=250.37819520756602 18.208523123525083 652.74611911457032 5.0972454892471424 76.952780121006072 4.7673203451558974 8.2561501236632449 8.8517001019790751 4.8780227629467827 4.0371219553053379 288.15278484951705 42.249487197957933 124.82867291104048 12.904642188921573 1.6119544887915234 22.161853983998299 28.846099517308176 2.3145482819527379 6.8292904738336802 8.2921412503346783 39.373075951822102 87.132609053514898 2.6829283628612757 232.93911450635642
leaf_count=5466 613 13361 128 1560 184 218 147 83 84 6872 447 3663 348 87 275 323 82 104 233 906 1994 123 5462
internal_value=0.000724756 0.00268412 -0.00253121 0.004508 -0.00134777 0.018379 0.0326141 0.0240512 0.0401048 -0.00185648 -0.00636527 -0.0116453 0.000727725 0.012423 0.00159737 0.00717348 0.0293556 0.0401245 0.00019722 0.00171796 -0.00853596 0.0695222 0.000580565
internal_weight=1934.49 994.089 264.391 729.699 940.403 21.8752 13.619 14.0124 8.91514 918.528 262.638 169.381 44.5519 26.3434 93.2574 71.0956 13.4387 11.1242 655.89 560.465 95.4248 4.29488 521.092
internal_count=42763 20682 5761 14921 22081 549 331 295 167 21532 6065 5020 1357 744 1045 770 396 314 15467 13240 2227 210 12334
cat_boundaries=0 1 2 3
cat_threshold=406938128 613942368 488
is_linear=0
shrinkage=0.03


Tree=154
num_leaves=24
num_cat=1
split_feature=1 1 124 70 68 1 3 50 68 48 43 126 43 116 130 7 76 0 74 88 11 0 1
split_gain=8.65733 9.84178 8.54005 7.56147 6.85131 12.4198 12.8419 8.25354 8.11419 7.90267 7.61526 7.25512 10.5469 13.346 12.1436 8.74371 7.41348 7.25084 7.08193 6.88054 10.1932 11.7231 9.15625
threshold=0.45000000000000007 0.65000000000000002 1777.0300000000002 17.583333333333339 0.0098432693950786087 4.1500000000000012 1.5000000000000002 4.5000000000000009 0.0099435548420530439 1.1555000000000002 0.058955000000000007 937.71500000000003 0.072505000000000014 0.22335600907029482 224.13000000000014 0.13250000000000003 1.1140500000000002 43.500000000000007 0.15568106587222777 0 17475.000000000004 71.500000000000014 4.6500000000000012
decision_type=8 8 2 2 2 10 2 2 2 2 2 2 2 10 2 8 2 2 2 1 2 2 10
left_child=-1 2 -2 4 5 9 7 -7 10 -3 -6 19 14 -14 -13 18 -15 -11 -16 20 -10 22 -22
right_child=1 3 -4 -5 8 6 -8 -9 11 17 -12 12 13 16 15 -17 -18 -19 -20 -21 21 -23 -24
leaf_value=-0.02088571026777624 0.037632966650620589 -0.0122103650479021 -0.0031725913443642374 -0.021947944990038819 -0.015737208165127619 0.011389712474763676 0.037977062595680351 -0.018623625585177241 -0.012531469770288491 -0.0078597445268432879 0.0057260458107639672 -0.0093284798175540529 0.0023399927820547573 0.06913752197186851 -0.020029277374272486 0.020735118077595042 0.011827182366178744 0.027192552950092087 0.027332589907023704 0.0011384837167628284 -0.0076791448816602419 0.027708407001881499 0.0025390210796892611
leaf_weight=14.993869226425884 9.9189074225723761 36.859887486323714 7.060788443312048 11.522125626914201 50.864019270986319 70.448303119279444 14.029002018272875 7.4872954525053492 85.696886990219355 8.7431290969252604 19.49829813092947 36.981015061959624 10.801098804920914 4.9709670282900316 8.9991235053166729 33.408426909707487 4.2599667403846979 9.2381363399326784 1.9383528782054771 1170.317195950076 142.62473607622087 10.330477607436476 172.14848781190813
leaf_count=338 189 298 183 156 490 567 109 55 3175 69 157 540 132 53 224 486 45 76 42 27875 3197 187 3988
internal_value=0.00043409 0.000621349 0.0221183 0.000407438 0.000565973 0.0067462 0.0133796 0.0081125 4.1261e-05 -0.00445695 -0.00979559 0.000463787 0.00816429 0.0265953 0.0030951 0.0134109 0.0495055 0.0110681 -0.00870797 -3.95514e-05 -0.0032566 -0.000998979 -0.00211011
internal_weight=1943.14 1928.15 16.9797 1911.17 1899.64 146.806 91.9646 77.9356 1752.84 54.8412 70.3623 1682.48 101.359 20.032 81.3269 44.3459 9.23093 17.9813 10.9375 1581.12 410.801 325.104 314.773
internal_count=42631 42293 372 41921 41765 1174 731 622 40591 443 647 39944 1522 230 1292 752 98 145 266 38422 10547 7372 7185
cat_boundaries=0 1
cat_threshold=17335137
is_linear=0
shrinkage=0.03


Tree=155
num_leaves=24
num_cat=0
split_feature=67 78 22 66 6 135 108 76 143 144 18 2 13 68 45 2 68 43 116 34 105 34 141
split_gain=9.22251 10.4573 7.87073 7.84662 8.34396 7.57267 8.14387 17.083 7.7277 7.46936 7.25344 7.02716 11.2244 11.3614 9.91464 12.8115 13.8821 12.0481 12.5831 14.7742 13.9942 10.2401 9.9195
threshold=0.4717591357695386 0.46080000000000004 801.50000000000011 0.61593859308444798 0.97250000000000003 31813.780000000006 6.5000000000000009 1.0688500000000001 1.5000000000000002 0.80000000000000016 9.5000000000000018 34.500000000000007 0.10615000000000001 1.1960954400923207 0.030850000000000006 49.500000000000007 2.7597442326785679 0.015245000000000002 0.15504807692307696 2275.9950000000003 126.50000000000001 320.80000000000007 3117.4200000000005
decision_type=2 2 10 2 10 2 10 2 2 2 2 2 2 2 2 2 2 2 8 2 8 2 2
left_child=2 3 5 4 -2 9 7 -7 -9 11 -4 -1 -13 -14 15 17 21 -15 19 20 -19 -17 -16
right_child=1 -3 10 -5 -6 6 -8 8 -10 -11 -12 12 13 14 22 16 -18 18 -20 -21 -22 -23 -24
leaf_value=0.0017353218478424483 0.018548188937839768 -0.023290048144459608 -0.014586302418057759 -0.0009867538410669556 -0.0077937497494804126 -0.011663923608244302 0.00052794218009874223 0.07504712368140927 0.0031879416201137972 0.011304028149181243 0.037412212789160681 -0.016261543076053091 -0.0035607910798167702 -0.0069808337268551937 -0.0038194571974067867 0.024011857047840413 0.045853087396125584 0.0096001350640828875 0.00746198652242372 -0.014804255060683363 0.081561145670935434 -0.0069156789232764065 0.014519956310392998
leaf_weight=709.27703580446541 74.821390174329281 7.2497226241976014 45.088762027211487 40.226485155522823 11.458835968747733 4.029946439899506 14.406825012527404 4.3114834828302264 1.9460098268464205 47.383100563660264 0.66439670883119006 46.474223379977047 659.37515444867313 6.757900069467726 144.21082693431526 9.9120362736284715 4.2839630395174018 3.9472023202106366 9.6737598385661823 1.7991553312167514 8.3744313810020685 48.468190399929881 30.433564381673932
leaf_count=14185 545 60 3035 456 91 115 316 108 24 436 40 3196 10376 278 5000 315 216 149 353 69 281 1883 1009
internal_value=0.000289249 0.00782953 -0.000278872 0.00994762 0.0149524 4.80424e-05 0.0159048 0.033848 0.0588845 -0.000196352 -0.0122959 -0.000533168 -0.00218577 -0.00144679 0.00374492 0.0115329 0.00348179 0.0268174 0.0362135 0.0525409 0.0630685 -0.00104325 -0.000495414
internal_weight=1934.57 133.756 1800.82 126.507 86.2802 1755.06 24.6943 10.2874 6.25749 1730.37 45.7532 1682.99 973.71 927.236 267.861 93.2166 62.6642 30.5524 23.7945 14.1208 12.3216 58.3802 174.644
internal_count=42536 1152 41384 1092 636 38309 563 247 132 37746 3075 37310 23125 19929 9553 3544 2414 1130 852 499 430 2198 6009
is_linear=0
shrinkage=0.03


Tree=156
num_leaves=24
num_cat=2
split_feature=43 74 137 11 74 46 7 23 6 33 114 134 88 123 22 22 41 68 41 12 137 97 23
split_gain=10.1848 10.4235 8.89009 9.03479 8.56938 8.50278 9.95608 9.57518 9.42835 8.82018 9.2644 9.342 7.877 8.68785 8.88294 8.55563 13.7523 10.1867 11.9997 10.8299 9.55315 9.39361 9.50382
threshold=0.037295000000000002 0.038501602564102573 2.6590731920165882 63895.000000000007 0.17265490533562824 0.51450000000000007 0.61450000000000016 63.550000000000004 0.73850000000000005 301635.93500000006 8.5000000000000018 69019.385000000024 0 646.80500000000018 531.50000000000011 761.50000000000011 3.0975000000000006 1.2388549323244409 1.9695000000000003 1.5000000000000002 0.19590901889628679 1 15.700000000000001
decision_type=2 2 10 2 2 2 8 2 10 2 2 2 1 2 10 10 2 2 2 2 10 1 2
left_child=1 -1 3 -3 -4 -5 9 -8 -9 -7 11 -11 -2 14 -14 17 -17 21 19 -19 -21 22 -15
right_child=12 2 4 5 -6 6 7 8 -10 10 -12 -13 13 15 -16 16 -18 18 -20 20 -22 -23 -24
leaf_value=0.0039274716237735442 -0.0019646724567220879 -0.0045774910688634726 -0.021832233860202482 -0.01239621367128544 0.014235254866333601 -3.9776010603477169e-05 0.037197724991931809 0.030759925472156925 -0.02077235735331397 -0.0095961622841074564 -0.010440893462566866 0.055966825058219212 0.013913875806387499 0.031456392894705094 -0.018411031318764669 -0.016157262781977402 0.042684686644575073 0.014009941847507149 0.0089281978302232778 -0.00064622029465117778 0.075677034324593107 0.005842204930399315 -0.0068335879984579226
leaf_weight=219.45387583225965 252.78162576258183 556.65883991401643 36.24098832719028 25.788600551895797 5.5900061493739477 127.72299686353654 13.799510907381775 3.2349871108308417 6.2041669879108667 1.9128770232200603 3.6224766094237566 5.8260679403319955 8.8504085224121791 4.247076340019702 26.126377160660923 29.049472800455991 2.1073810840025535 13.785977476276459 125.21586173493415 1.8306954540312279 4.9572205813601613 368.79182302951813 93.071331104263663
leaf_count=4548 4823 15876 910 423 159 2394 97 56 142 43 97 151 63 19 474 1648 119 488 3943 36 117 4830 1227
internal_value=0.000261626 -0.00182918 -0.00344111 -0.00266056 -0.0165828 0.00300049 0.0055677 0.0229138 -0.000821046 0.00238572 0.0255772 0.0411186 0.00252051 0.00411449 -0.00992148 0.00506578 -0.00984268 0.00585449 0.0127275 0.033011 0.0596303 0.00365955 -0.00456278
internal_weight=1936.87 1006.06 786.602 744.771 41.831 188.112 162.323 23.2387 9.43915 139.084 11.3614 7.73894 930.815 678.034 34.9768 643.057 31.1569 611.9 145.79 20.5739 6.78792 466.11 97.3184
internal_count=42683 24896 20348 19279 1069 3403 2980 295 198 2685 291 194 17787 12964 537 12427 1767 10660 4584 641 153 6076 1246
cat_boundaries=0 1 2
cat_threshold=85461033 2
is_linear=0
shrinkage=0.03


Tree=157
num_leaves=24
num_cat=2
split_feature=133 144 137 122 66 45 88 18 9 122 78 4 43 5 66 43 2 47 34 117 88 39 128
split_gain=8.94363 7.68963 10.95 8.82237 8.58927 7.85132 10.566 12.0099 10.0177 10.7346 9.17266 8.31848 12.1398 9.67604 8.9124 8.3066 8.11476 8.81917 8.64023 8.09448 7.42082 10.7867 16.8706
threshold=0.82575757575757591 0.80000000000000016 0.41518352233973682 14543.465000000002 0.40384154215089474 0.15815000000000004 0 52.500000000000007 311550.00000000006 39451.090000000004 0.38523000000000002 1.5000000000000002 0.11296500000000001 251750.00000000003 0.3485811849805161 0.098875000000000005 29.500000000000004 33.895000000000003 980.0150000000001 0.17424242424242428 1 0.18265000000000003 -24708.924999999999
decision_type=10 2 8 2 2 2 1 2 2 2 2 2 2 2 2 2 2 2 2 10 1 2 2
left_child=1 5 4 -4 -3 20 7 -7 9 11 -10 13 -13 15 -14 16 -8 -18 -19 -9 21 22 -1
right_child=-2 2 3 -5 -6 6 8 19 10 -11 -12 12 14 -15 -16 -17 17 18 -20 -21 -22 -23 -24
leaf_value=0.029188923629359494 -0.013454293864152238 0.044091811618370981 -0.0050393384400516383 0.031591186446707047 0.0019857641794386195 -0.0091966643264528181 0.034699417670468843 -0.00020613426055082551 0.045158003847860027 -0.025215450130805041 -0.011148147041014822 0.0020031389250298403 0.0034986744468864127 -0.0053742105418180895 0.062725835278210504 -0.015921874339656771 -0.011995860027544623 0.0083872292728271319 0.051860913756555389 0.039184382758608888 0.00055805544395134998 -0.011392041843396249 -0.0028070946381775937
leaf_weight=13.931076142005621 39.31804736237973 10.852178478613498 30.695907182991505 5.2311686500906935 6.8959138114005318 88.235230128280818 27.95747353695333 10.66096217185259 8.7791303955018503 7.6871010307222596 2.535947171971201 188.82979514542967 4.4670949503779402 15.294828833080826 3.2961545940488577 3.8435458028689018 8.8118024514988083 15.334584851749243 4.206336608156561 6.3610873501747838 1097.7335638413206 130.16238880716264 213.01087053306401
leaf_count=407 946 81 282 43 68 1948 450 100 248 182 83 3586 47 343 62 49 157 301 74 54 25032 3098 5107
internal_value=0.000355003 0.00065386 0.0116392 0.00167889 0.0295897 0.000323112 0.00405536 -0.00381717 0.00666607 0.00597704 0.0327596 0.00703605 0.00371156 0.015379 0.0363436 0.0206589 0.0236162 0.0111212 0.0216915 0.0170862 -0.000697731 -0.00428046 -0.000605153
internal_weight=1944.13 1904.81 53.6752 35.9271 17.7481 1851.14 396.301 105.257 291.044 279.729 11.3151 272.042 196.593 75.4486 7.76325 60.1537 56.3102 28.3527 19.5409 17.022 1454.84 357.104 226.942
internal_count=42748 41802 474 325 149 41328 7684 2102 5582 5251 331 5069 3695 1374 109 1031 982 532 375 154 33644 8612 5514
cat_boundaries=0 1 2
cat_threshold=33583203 403210648
is_linear=0
shrinkage=0.03


Tree=158
num_leaves=24
num_cat=0
split_feature=29 39 8 78 37 0 9 33 6 19 61 27 76 128 1 73 99 136 9 128 128 1 42
split_gain=7.58718 10.3876 12.144 19.2187 12.2005 10.6285 8.20827 17.9285 12.7018 16.5024 12.1354 9.71307 14.1244 10.8373 13.8036 9.63746 9.43883 9.69848 8.06482 7.80872 9.57462 7.35276 7.3102
threshold=0.5091500000000001 0.090450000000000016 1.0000000180025095e-35 0.20905500000000005 4.5000000000000009 56.500000000000007 174550.00000000003 116318.94000000002 0.83050000000000013 11.500000000000002 27.500000000000004 1.5000000000000002 0.37390000000000007 25110.235000000004 5.4500000000000011 2.3279569892473124 45845.55000000001 16399.600000000002 79450.000000000015 -23905.844999999998 -33143.75499999999 1.2500000000000002 -0.58839999999999992
decision_type=2 2 2 2 2 2 2 2 8 2 2 2 2 2 8 2 2 2 2 2 2 8 2
left_child=6 2 3 -2 -5 -6 22 8 9 -8 -11 13 -13 -9 -15 19 17 -16 -3 20 -10 -4 -1
right_child=1 18 21 4 5 -7 7 11 15 10 -12 12 -14 14 16 -17 -18 -19 -20 -21 -22 -23 -24
leaf_value=0.008627388568761437 -0.0043123222688369097 -0.0014401417495322432 0.036136884813037076 -0.0055319833967340231 0.096163954507276522 -0.0080312395256727492 0.0031993199383304901 -0.0085601744213207667 -0.0064337293710593465 0.018158872746820775 0.085120885213756201 -0.02035475916061873 0.033512674627648377 -0.010127972911237548 0.0053432069333759491 0.042966009589016245 -0.01557385215944789 0.066052652121890904 -0.02017485545106603 0.00011402997163805578 0.049578685855219864 -0.018476554160198451 -0.0007585050160849175
leaf_weight=76.491057835519314 8.3262374047189969 34.946400003507733 0.71352965291589221 1.6294646188616742 3.2128642313182358 0.71101462934166182 8.3159420136362332 93.867505432106555 3.8659397419542074 5.7768836505711061 5.2134270817041397 4.6420647706836489 12.950739807449279 10.28163606580347 4.0569174978882057 4.9840117981657377 1.7987261293455947 5.3437622357159853 49.845770278945565 47.975614363327622 4.9395472174510342 12.887574229389429 1538.1722336728126
leaf_count=2662 533 1934 37 93 188 44 134 2580 112 184 168 58 127 303 92 109 55 152 3241 1419 124 790 27549
internal_value=-3.75386e-05 -0.00753716 0.00806956 0.0261284 0.0608259 0.0809464 0.000430637 0.00592286 0.0168569 0.0369956 0.0581382 -0.00089603 0.0186722 -0.00414793 0.0142195 0.0095991 0.0347196 0.0453866 -0.0126646 0.00530804 0.028348 -0.0113462 -0.000303746
internal_weight=1940.95 112.273 27.4807 13.8796 5.55334 3.92388 1828.68 214.013 81.0714 19.3063 10.9903 132.941 17.5928 115.349 21.481 61.7651 11.1994 9.40068 84.7922 56.7811 8.80549 13.6011 1614.66
internal_count=42688 6860 1685 858 325 232 35828 5617 2250 486 352 3367 185 3182 602 1764 299 244 5175 1655 236 827 30211
is_linear=0
shrinkage=0.03


Tree=159
num_leaves=24
num_cat=2
split_feature=88 1 108 132 26 144 129 13 14 60 7 12 1 104 106 43 88 30 7 1 4 132 22
split_gain=7.90624 9.15928 10.1553 12.031 11.4803 8.8783 8.56 8.21109 8.08754 7.68219 7.50318 7.49089 7.25562 7.01816 7.57867 6.86445 9.61911 13.6182 13.7246 9.51928 9.52471 10.0048 8.80783
threshold=0 8.6500000000000004 15.500000000000002 0.31666666666666671 0.15635000000000002 0.80000000000000016 9468.3500000000004 0.60325000000000006 6.5000000000000009 0.99425000000000008 1.0050000000000001 1.0000000180025095e-35 0.45000000000000007 1.5000000000000002 7.5000000000000009 0.029715000000000002 1 0.59905000000000008 0.12350000000000001 23.050000000000004 1.5000000000000002 0.69047619047619058 632.50000000000011
decision_type=1 10 8 10 2 2 2 2 2 2 10 2 8 2 8 2 1 8 10 10 2 10 8
left_child=1 9 3 7 -4 8 -5 -3 12 10 13 -7 -2 -1 -15 19 -17 18 -18 20 21 22 -14
right_child=5 2 4 6 -6 11 -8 -9 -10 -11 -12 -13 15 14 -16 16 17 -19 -20 -21 -22 -23 -24
leaf_value=-0.0072845480937109384 -0.022741501357170277 -0.013832027543396876 -0.025146462190695287 0.042631693281636546 0.0029467111654510967 0.036243364288791616 -0.012184318340065751 0.029366955591663066 0.02016947281328221 0.027307378009700716 0.028848368399844143 0.0066367763769405799 0.015480842468733049 0.035030324973232066 -0.010708264101909072 -0.0020481301308729427 0.053603358209361296 0.0037965796999006613 0.0068165470402268957 0.039763226333487715 -0.0048125944138724943 -0.015369799969493871 0.00011545287379297911
leaf_weight=372.51042606402189 10.083492617122827 11.666179654188456 13.371730568818746 13.682918070815502 86.432367513887584 8.9272513315081579 2.1515033515170208 3.5797115340828887 16.890552617609501 4.3454178031533948 3.5141212139278641 30.343890521675348 58.089378044009209 5.516555888578293 4.4642323153093466 284.10680544842035 8.1336919646710175 496.92055361531675 14.297857291996477 2.8806122783571473 392.03050917200744 19.044663093984127 76.162893299944699
leaf_count=8739 238 264 662 258 1618 91 47 19 86 79 37 253 671 149 113 5760 238 9418 342 51 10311 504 2732
internal_value=-9.94502e-05 -0.00316439 0.00351339 0.0179211 -0.00123728 0.00106704 0.0346524 -0.00145958 0.000674383 -0.00561157 -0.006121 0.0147973 0.00040335 -0.00659066 0.0161998 0.000609356 0.00237293 0.00466455 0.0267807 -0.00197459 -0.00233956 0.00396535 0.00689352
internal_weight=1939.15 521.235 130.884 31.0803 99.8041 1417.91 15.8344 15.2459 1378.64 390.351 386.005 39.2711 1361.75 382.491 9.98079 1351.67 803.459 519.352 22.4315 548.208 545.327 153.297 134.252
internal_count=42680 11985 2868 588 2280 30695 305 283 30351 9117 9038 344 30265 9001 262 30027 15758 9998 580 14269 14218 3907 3403
cat_boundaries=0 1 2
cat_threshold=17304153 13910178
is_linear=0
shrinkage=0.03


end of trees

feature_importances:
text_distress_level=169
income_volatility_cv=143
occupation=129
credit_utilization_ratio=118
dti_ratio=108
account_age_months=94
tenure_to_age_ratio=87
bureau_score=81
verified_income_ratio=79
balance_volatility=68
revolving_balance_to_income=68
savings_to_income_ratio=66
gambling_spend_ratio_90d=66
avg_monthly_balance=65
min_monthly_balance=62
years_at_employer=61
payment_history_score=58
months_since_last_delinquency=55
pass_through_velocity_hours=52
age=50
balance_months_of_income=50
outflow_180d=48
merchant_category_entropy=45
volume_spike_ratio_6m=44
kyc_document_completeness=43
min_balance_months_of_income=43
days_since_last_cash_deposit=43
net_flow_180d=43
max_days_past_due_24m=41
txn_velocity_change_pct=41
crypto_exposure_ratio_90d=41
new_counterparty_ratio_90d=38
credit_limit_to_income=38
structuring_score=37
expected_vs_actual_turnover_ratio=37
days_since_last_event=37
outflow_velocity_ratio=37
days_since_last_missed_payment=36
cash_to_total_volume_ratio=35
cash_and_crypto_exposure=35
night_event_ratio_180d=35
revolving_balance=34
kyc_refresh_overdue_days=34
night_txn_ratio=32
kyc_deficiency_score=32
max_abs_amount_90d=32
overdraft_events_12m=31
txn_volume_90d=31
cross_border_txn_ratio=31
products_per_tenure_year=31
net_flow_90d=31
total_credit_limit=30
foreign_event_ratio_180d=30
declared_annual_income=27
days_since_last_trigger_event=27
inflow_180d=27
delinquency_severity=26
night_event_ratio_90d=26
text_distress_confidence=25
num_credit_inquiries_12m=24
txn_count_90d=24
avg_txn_amount=24
cross_border_txn_count_90d=23
outflow_90d=23
text_concealment_level=23
num_open_loans=21
max_abs_amount_30d=21
inquiries_per_open_loan=19
net_flow_30d=19
outflow_30d=19
event_count_velocity_ratio=18
foreign_event_ratio_90d=18
max_abs_amount_180d=18
night_event_ratio_30d=18
loan_to_value=17
wire_transfer_out_amount_90d=17
cash_intensity_ratio=16
num_products_held=15
inflow_90d=15
event_count_90d=13
delinquencies_30d_12m=12
device_change_frequency_30d=11
cash_deposit_amount_90d=11
event_count_180d=11
foreign_event_ratio_30d=11
collateral_coverage_ratio=10
country_of_residence=10
beneficial_ownership_transparency=9
inflow_30d=9
dependents_count=8
source_of_funds_declared=8
text_concealment_confidence=8
num_bounced_payments_12m=7
overdraft_days_12m=7
overdraft_days_per_event=7
distinct_counterparty_countries_180d=7
missed_payment_amount_90d=7
delinquencies_60d_24m=5
aml_flag_count=5
overdraft_breach_amount_90d=5
income_months_missing_12m=4
jurisdiction_risk_tier=4
crypto_transfer_amount_90d=4
prior_default_flag=3
distinct_counterparty_countries_30d=3
delinquencies_90d_24m=2
vpn_or_high_risk_ip_flag=2
sanctions_screen_hits=2
source_of_funds_verified=2
edd_required=2
chargeback_amount_90d=2
distinct_counterparty_countries_90d=2
event_count_30d=2
large_cash_deposits_90d=1
crypto_vasp_exposure_flag=1
offshore_entity_links=1
employment_status=1
education_level=1
preferred_channel=1
residency_status=1
chargeback_count_90d=1
crypto_transfer_count_90d=1
trigger_event_count_90d=1

parameters:
[boosting: gbdt]
[objective: binary]
[metric: auc]
[tree_learner: serial]
[device_type: cpu]
[data_sample_strategy: bagging]
[data: ]
[valid: ]
[num_iterations: 3000]
[learning_rate: 0.03]
[num_leaves: 24]
[num_threads: 0]
[seed: 42]
[deterministic: 1]
[force_col_wise: 0]
[force_row_wise: 0]
[histogram_pool_size: -1]
[max_depth: -1]
[min_data_in_leaf: 40]
[min_sum_hessian_in_leaf: 0.001]
[bagging_fraction: 0.8]
[pos_bagging_fraction: 1]
[neg_bagging_fraction: 1]
[bagging_freq: 1]
[bagging_seed: 400]
[bagging_by_query: 0]
[feature_fraction: 0.75]
[feature_fraction_bynode: 1]
[feature_fraction_seed: 30056]
[extra_trees: 0]
[extra_seed: 12879]
[early_stopping_round: 0]
[early_stopping_min_delta: 0]
[first_metric_only: 0]
[max_delta_step: 0]
[lambda_l1: 0]
[lambda_l2: 2]
[linear_lambda: 0]
[min_gain_to_split: 0]
[drop_rate: 0.1]
[max_drop: 50]
[skip_drop: 0.5]
[xgboost_dart_mode: 0]
[uniform_drop: 0]
[drop_seed: 17869]
[top_rate: 0.2]
[other_rate: 0.1]
[min_data_per_group: 200]
[max_cat_threshold: 8]
[cat_l2: 25]
[cat_smooth: 200]
[max_cat_to_onehot: 4]
[top_k: 20]
[monotone_constraints: ]
[monotone_constraints_method: basic]
[monotone_penalty: 0]
[feature_contri: ]
[forcedsplits_filename: ]
[refit_decay_rate: 0.9]
[cegb_tradeoff: 1]
[cegb_penalty_split: 0]
[cegb_penalty_feature_lazy: ]
[cegb_penalty_feature_coupled: ]
[path_smooth: 0]
[interaction_constraints: ]
[verbosity: -1]
[saved_feature_importance_type: 0]
[use_quantized_grad: 0]
[num_grad_quant_bins: 4]
[quant_train_renew_leaf: 0]
[stochastic_rounding: 1]
[linear_tree: 0]
[max_bin: 255]
[max_bin_by_feature: ]
[min_data_in_bin: 3]
[bin_construct_sample_cnt: 200000]
[data_random_seed: 175]
[is_enable_sparse: 1]
[enable_bundle: 1]
[use_missing: 1]
[zero_as_missing: 0]
[feature_pre_filter: 1]
[pre_partition: 0]
[two_round: 0]
[header: 0]
[label_column: ]
[weight_column: ]
[group_column: ]
[ignore_column: ]
[categorical_feature: 87,88,89,90,91,92,93,94,95,96,97,98]
[forcedbins_filename: ]
[precise_float_parser: 0]
[parser_config_file: ]
[objective_seed: 16083]
[num_class: 1]
[is_unbalance: 0]
[scale_pos_weight: 1]
[sigmoid: 1]
[boost_from_average: 1]
[reg_sqrt: 0]
[alpha: 0.9]
[fair_c: 1]
[poisson_max_delta_step: 0.7]
[tweedie_variance_power: 1.5]
[lambdarank_truncation_level: 30]
[lambdarank_norm: 1]
[label_gain: ]
[lambdarank_position_bias_regularization: 0]
[eval_at: ]
[multi_error_top_k: 1]
[auc_mu_weights: ]
[num_machines: 1]
[local_listen_port: 12400]
[time_out: 120]
[machine_list_filename: ]
[machines: ]
[gpu_platform_id: -1]
[gpu_device_id: -1]
[gpu_device_id_list: ]
[gpu_use_dp: 0]
[num_gpu: 1]

end of parameters

pandas_categorical:[["corporate", "private_banking", "retail", "sme", "__missing__", "__unknown__"], ["accountant", "art_antiques_dealer", "casino_operator", "civil_servant", "construction_contractor", "consultant", "crypto_trader", "factory_worker", "financial_analyst", "import_export_trader", "jewellery_dealer", "lawyer", "logistics_manager", "military_officer", "money_service_operator", "nonprofit_director", "nurse", "physician", "politician_aide", "real_estate_agent", "restaurant_owner", "retail_shop_owner", "retired", "sales_representative", "software_engineer", "student", "taxi_driver", "teacher", "truck_driver", "unemployed", "__missing__", "__unknown__"], ["business_owner", "retired", "salaried", "self_employed", "student", "unemployed", "__missing__", "__unknown__"], ["bachelor", "doctorate", "high_school", "master", "vocational", "__missing__", "__unknown__"], ["divorced", "married", "single", "widowed", "__missing__", "__unknown__"], ["branch", "mobile", "online", "relationship_manager", "__missing__", "__unknown__"], ["citizen", "non_resident", "permanent_resident", "temporary_visa", "__missing__", "__unknown__"], ["ae", "af", "au", "bz", "ca", "ch", "cy", "de", "fr", "gb", "hk", "ht", "il", "jp", "ky", "ly", "mm", "mt", "ng", "nl", "pa", "ru", "sc", "sg", "ss", "sy", "tr", "ua", "us", "vg", "vu", "ye", "za", "__missing__", "__unknown__"], ["close_associate", "family_member", "none", "self", "__missing__", "__unknown__"], ["business_income", "crypto_disposal", "gift", "inheritance", "investment_returns", "loan_proceeds", "property_sale", "salary", "undeclared", "__missing__", "__unknown__"], ["clear", "opaque", "partial", "__missing__", "__unknown__"], ["high", "low", "medium", "__missing__", "__unknown__"]]
