tree
version=v4
num_class=1
num_tree_per_iteration=1
label_index=0
max_feature_idx=146
objective=binary sigmoid:1
feature_names=age years_at_employer account_age_months dependents_count num_products_held declared_annual_income verified_income_ratio income_volatility_cv income_months_missing_12m total_credit_limit credit_utilization_ratio revolving_balance num_open_loans dti_ratio num_credit_inquiries_12m delinquencies_30d_12m delinquencies_60d_24m delinquencies_90d_24m max_days_past_due_24m months_since_last_delinquency prior_default_flag num_bounced_payments_12m bureau_score payment_history_score avg_monthly_balance min_monthly_balance balance_volatility overdraft_events_12m overdraft_days_12m savings_to_income_ratio loan_to_value collateral_coverage_ratio txn_count_90d txn_volume_90d avg_txn_amount cash_intensity_ratio large_cash_deposits_90d cross_border_txn_count_90d cross_border_txn_ratio night_txn_ratio new_counterparty_ratio_90d merchant_category_entropy txn_velocity_change_pct gambling_spend_ratio_90d crypto_exposure_ratio_90d structuring_score expected_vs_actual_turnover_ratio pass_through_velocity_hours volume_spike_ratio_6m vpn_or_high_risk_ip_flag device_change_frequency_30d cash_to_total_volume_ratio crypto_vasp_exposure_flag pep_flag sanctions_screen_hits adverse_media_hits_12m high_risk_jurisdiction_exposure medium_risk_jurisdiction_exposure offshore_entity_links source_of_funds_verified kyc_document_completeness kyc_refresh_overdue_days sar_filed_prior edd_required complex_ownership_structure_flag recent_ubo_change_flag credit_limit_to_income revolving_balance_to_income balance_months_of_income min_balance_months_of_income overdraft_days_per_event delinquency_severity inquiries_per_open_loan products_per_tenure_year tenure_to_age_ratio screening_hit_total kyc_deficiency_score aml_flag_count cash_and_crypto_exposure bureau_score_is_missing verified_income_ratio_is_missing income_volatility_cv_is_missing education_level_is_missing years_at_employer_is_missing source_of_funds_verified_is_missing loan_to_value_is_missing collateral_coverage_ratio_is_missing segment occupation employment_status education_level marital_status preferred_channel residency_status country_of_residence pep_relationship source_of_funds_declared beneficial_ownership_transparency jurisdiction_risk_tier cash_deposit_amount_90d cash_deposit_count_90d chargeback_amount_90d chargeback_count_90d crypto_transfer_amount_90d crypto_transfer_count_90d days_since_last_cash_deposit days_since_last_event days_since_last_missed_payment days_since_last_trigger_event distinct_counterparty_countries_180d distinct_counterparty_countries_30d distinct_counterparty_countries_90d event_count_180d event_count_30d event_count_90d event_count_velocity_ratio foreign_event_ratio_180d foreign_event_ratio_30d foreign_event_ratio_90d has_event_history inflow_180d inflow_30d inflow_90d max_abs_amount_180d max_abs_amount_30d max_abs_amount_90d missed_payment_amount_90d missed_payment_count_90d net_flow_180d net_flow_30d net_flow_90d night_event_ratio_180d night_event_ratio_30d night_event_ratio_90d outflow_180d outflow_30d outflow_90d outflow_velocity_ratio overdraft_breach_amount_90d overdraft_breach_count_90d trigger_event_count_90d wire_transfer_out_amount_90d wire_transfer_out_count_90d text_distress_level text_distress_confidence text_concealment_level text_concealment_confidence
feature_infos=[18:92] [0:40.899999999999999] [1:298] [0:7] [1:8] [3200:8995400] [0.41999999999999998:1] [0.010999999999999999:2.9129999999999998] [0:6] [2000:5423900] [0.0030999999999999999:1.2385999999999999] [90:1972530] [0:10] [0.01:1.0327999999999999] [0:14] [0:12] [0:7] [0:4] [0:211] [0:152] [0:1] [0:9] [300:850] [0:100] [0:2872650] [-233610:2729020] [0.01:1.5683] [0:27] [0:142] [0.00020000000000000001:6] [0.066000000000000003:1.3272999999999999] [0.753:12] [8:229] [868.79999999999995:2843252.2999999998] [10.289999999999999:59777.889999999999] [0:0.80369999999999997] [0:6] [0:109] [0:0.82150000000000001] [0.00059999999999999995:0.67320000000000002] [0.0047999999999999996:0.88] [0.58599999999999997:4.2000000000000002] [-0.94999999999999996:8] [0:0.29780000000000001] [3.0000000000000001e-05:0.39473000000000003] [0.0001:0.97289999999999999] [0:3.4980000000000002] [4.1500000000000004:1160.5799999999999] [0.22:4.7320000000000002] [0:1] [0:14] [0:0.82520000000000004] [0:1] [0:1] [0:4] [0:5] [0:1] [0:1] [0:12] [0:1] [0.16650000000000001:0.99990000000000001] [0:948] [0:1] [0:1] [0:1] [0:1] [0.02932551319648094:1.3677884615384615] [0.0012396694214876034:0.93361111111111106] [0:6.7823383644965087] [-3.3416403785488962:6.4433430952917332] [0:36] [0:40] [0:14] [0.059999999999999998:50] [0.0010548523206751054:0.54791666666666672] [0:6] [9.9999999999988987e-05:1.8334999999999999] [0:5] [0.0017100000000000001:0.98919000000000001] [0:1] [0:1] [0:1] [0:1] [0:1] [0:1] [0:1] [0:1] -1:2:3:1:0 -1:6:9:20:21:10:1:4:26:14:2:11:17:19:5:24:0:28:16:8:15:13:18:27:3:12:23:22:7:25:29 -1:2:3:0:1:4:5 -1:0:2:3:4:5:1 -1:1:2:0:3 -1:1:2:0:3 -1:0:1:2:3 -1:12:28:9:7:8:0:19:6:4:5:26:2:23:10:13:17:21:20:27:14:18:32:29:22:3:1:16:31:25:15:30:24 -1:2:1:3 -1:7:0:4:2:3:6:1:8:5 -1:0:2:1 -1:1:2:0 [0:488065.25] [0:6] [0:294585.15000000002] [0:2] [0:106343.92] [0:7] [0:179] [0:175] [0:179] [0:30] [0:19] [0:8] [0:15] [0:49] [0:12] [0:29] [0:3] [0:1] [0:1] [0:1] [0:1] [0:1349367.8800000001] [0:488065.25] [0:735953.12] [0:703747.31000000006] [0:488065.25] [0:488065.25] [0:382232.98999999999] [0:6] [-799232.09999999998:846718.54000000015] [-455649.84000000003:447043.75] [-925873.59000000008:610797.34999999998] [0:1] [0:1] [0:1] [0:1155764.1000000001] [0:499812.07000000001] [0:925873.59000000008] [0:3.0000000000000004] [0:447043.75] [0:3] [0:6] [0:448460] [0:7] [0:3] [0.65000000000000002:0.94999999999999996] [0:3] [0.65000000000000002:0.94999999999999996]
tree_sizes=2641 2726 2717 2722 2680 2706 2698 2708 2710 2701 2709 2697 2722 2686 2717 2702 2717 2727 2738 2728 2727 2736 2739 2744 2723 2733 2713 2724 2733 2727 2730 2719 2734 2749 2737 2738 2728 2745 2742 2737 2762 2763 2725 2734 2734 2742 2751 2729 2761 2729 2713 2732 2773 2742 2752 2743 2755 2755 2738 2737 2735 2744 2732 2719 2751 2760 2756 2746 2727 2733 2768 2743 2741 2746 2774 2741 2747 2756 2758 2755 2762 2750 2757 2770 2751 2751 2763 2734 2741 2733 2757 2750 2772 2752 2774 2764 2766 2758 2753

Tree=0
num_leaves=24
num_cat=0
split_feature=45 63 145 145 78 45 131 45 145 143 48 35 137 45 45 1 78 123 76 146 63 56 6
split_gain=1040.68 331.799 216.696 166.917 65.1438 58.4541 52.5356 49.8814 42.5395 37.5003 23.8634 22.9035 19.8594 18.8481 17.2326 21.3691 25.2202 22.6403 16.9767 23.8162 16.1695 15.1043 13.7827
threshold=0.27065000000000006 1.0000000180025095e-35 2.5000000000000004 2.5000000000000004 0.36283500000000007 0.39260000000000006 0.52786377708978338 0.18275000000000002 1.5000000000000002 1.5000000000000002 0.84050000000000014 0.17985000000000004 2.0473420751948863 0.17985000000000004 0.10405000000000002 7.3500000000000005 0.11777500000000002 14157.035000000002 1.2812500000000002 0.72500000000000009 1.0000000180025095e-35 1.0000000180025095e-35 0.82850000000000013
decision_type=2 2 2 2 2 2 8 2 2 2 2 2 10 2 2 10 2 2 2 2 2 2 10
left_child=3 4 5 7 18 -3 -4 21 -6 13 -10 -7 -12 -5 22 16 -16 -18 19 -2 -9 -1 -11
right_child=1 2 6 9 8 11 -8 20 10 14 12 -13 -14 -15 15 -17 17 -19 -20 -21 -22 -23 -24
leaf_value=-4.1951067457602162 -4.1887138646944564 -4.1501062897503038 -3.8299797724712348 -4.1734982952944435 -4.1459030393621852 -4.135657653362748 -4.158709403512141 -4.1700494052372079 -4.1652752294390893 -4.1147877221400435 -3.9808066514092144 -3.980222057287008 -4.1622475323142059 -4.1242931955324522 -4.1860014213091068 -4.1601152558110126 -4.04719074141099 -4.1710225743236062 -4.1063792548562885 -4.1248416354337731 -4.1236263575392007 -4.1431563793661121 -4.1679321063574699
leaf_weight=468.77469430118799 11.601412201300269 5.7783095519989747 7.3012748602777711 37.088684566318989 4.7032752167433483 2.3889651894569397 0.65696542710065831 23.486514018848542 1.1048964001238344 5.3901027087122229 4.583826957270503 3.8969994653016329 0.8809309136122464 6.6443094331771126 1.3437929190695275 4.8227234762161961 7.7492058333009464 1.6424135677516458 5.0616199951618901 6.7040335629135361 7.6894817035645238 3.4192064274102441 12.07920523919165
leaf_count=31396 777 387 489 2484 315 160 44 1573 74 361 307 261 59 445 90 323 519 110 339 449 515 229 809
internal_value=-4.17393 -4.05119 -3.95898 -4.18587 -4.11331 -4.06764 -3.84864 -4.19217 -4.0595 -4.14517 -4.01858 -4.01584 -3.99913 -4.16419 -4.12197 -4.09994 -4.0793 -4.06456 -4.14624 -4.16281 -4.15627 -4.1946 -4.14716
internal_weight=634.793 54.6625 20.0225 580.13 34.64 12.0643 7.95824 503.37 11.2729 76.7604 6.56965 6.28596 5.46476 43.733 33.0274 15.5581 10.7354 9.39162 23.3671 18.3054 31.176 472.194 17.4693
internal_count=42515 3661 1341 38854 2320 808 533 33713 755 5141 440 421 366 2929 2212 1042 719 629 1565 1226 2088 31625 1170
is_linear=0
shrinkage=1


Tree=1
num_leaves=24
num_cat=0
split_feature=58 145 62 55 54 51 53 42 112 42 143 135 116 74 74 74 76 39 145 48 6 67 6
split_gain=569.66 406.272 243.767 88.0721 66.4796 36.891 35.5571 33.1684 32.3826 24.8233 21.7887 19.0601 23.2996 22.4254 18.2059 17.6039 16.6276 16.5233 15.6345 15.4445 14.9228 14.9007 14.471
threshold=1.5000000000000002 2.5000000000000004 1.0000000180025095e-35 1.0000000180025095e-35 1.0000000180025095e-35 0.36085000000000006 1.0000000180025095e-35 -0.044549999999999992 7.5000000000000009 0.71185000000000009 1.5000000000000002 341.30500000000006 0.11583184257602865 0.0326900802515099 0.036344211344211348 0.13046896363139188 1.4252000000000002 0.28505000000000008 1.0000000180025095e-35 0.92250000000000021 0.73450000000000004 0.36664090674909844 0.87950000000000006
decision_type=2 2 2 2 2 2 2 2 2 2 2 2 10 2 2 2 2 2 2 2 8 2 10
left_child=1 4 3 5 6 10 9 -2 -4 18 16 -12 -13 -14 -5 -7 -3 -16 20 -15 -1 -21 -8
right_child=7 2 8 14 -6 15 22 -9 -10 -11 11 12 13 19 17 -17 -18 -19 -20 21 -22 -23 -24
leaf_value=0.0089304697014613767 0.010186703988988756 0.000103727386875157 0.0033305457310417921 0.0019953544797649829 0.066903838317898451 0.10049750015457785 0.079984221443917133 0.21539186223278439 0.22818889790716584 0.0074853355368405981 0.00060170840674152225 0.0025042981697008175 -0.010278865920214621 0.025296716569309839 0.1768327578904525 0.0041412964964509897 0.066147344315517456 0.0038633022847997579 -0.0073758606735528408 0.10933581370836476 -0.022333384711913203 -0.0015870366600348538 -0.0042929525840840381
leaf_weight=13.255940252915023 0.97386833000928241 42.180246680043638 0.68981035519391198 0.80002601444721122 6.9439740972593418 6.4806176219135505 2.8975275559350839 9.4705613246187532 5.4252168508246541 34.389517641626298 9.6095396727323514 7.1225386923179057 2.5010963557288077 5.5466242553666225 3.3582474496215582 2.3585341284051538 1.7353137508034695 0.64799211639910925 94.221447722986341 8.948901708237825 371.26204914972186 1.14747511781752 2.6215254291892052
leaf_count=895 61 2765 43 49 455 400 193 546 322 2302 609 454 158 355 204 146 110 40 6381 565 25316 72 178
internal_value=-1.70318e-05 -0.00401154 0.0512691 0.0365524 -0.0145321 0.0277647 -0.0158752 0.20097 0.209896 -0.0167672 0.0200298 0.0370587 0.049863 0.0663594 0.141536 0.0802951 0.00548101 0.159458 -0.0185333 0.078389 -0.021215 0.0985512 0.049459
internal_weight=634.589 624.144 98.5522 92.4372 525.592 87.6309 518.648 10.4444 6.11503 513.129 78.7917 34.8762 25.2666 18.1441 4.80627 8.83915 43.9156 4.00624 478.739 15.643 384.518 10.0964 5.51905
internal_count=42619 42012 6292 5927 35720 5634 35265 607 365 34894 5088 2213 1604 1150 293 546 2875 244 32592 992 26211 637 371
is_linear=0
shrinkage=0.03


Tree=2
num_leaves=24
num_cat=0
split_feature=45 75 145 77 145 77 45 56 77 60 45 26 106 74 73 73 54 143 45 9 1 142 74
split_gain=887.456 385.741 128.644 104.205 56.8902 34.0471 31.0324 29.507 28.6122 23.8243 21.1929 20.8899 18.0159 17.9007 20.1439 17.631 16.9537 16.6941 16.7656 17.4368 15.603 14.6765 14.491
threshold=0.23655000000000001 1.0000000180025095e-35 2.5000000000000004 1.5000000000000002 1.0000000180025095e-35 1.5000000000000002 0.086450000000000013 1.0000000180025095e-35 1.0000000180025095e-35 0.77075000000000016 0.05655000000000001 0.68565000000000009 34.500000000000007 0.056322167237660203 0.27376821651630817 1.6609195402298853 1.0000000180025095e-35 1.5000000000000002 0.084350000000000022 43950.000000000007 0.95000000000000007 1.5000000000000002 0.03742728975648231
decision_type=2 2 2 2 2 2 2 2 2 2 2 2 8 2 2 2 2 2 2 2 10 2 2
left_child=2 4 6 15 -2 17 -1 16 9 22 -7 13 20 -10 -15 -3 -8 -4 -19 -20 -12 -22 -6
right_child=1 3 5 -5 8 10 7 -9 11 -11 12 -13 -14 14 -16 -17 -18 18 19 -21 21 -23 -24
leaf_value=-0.022848337842272401 0.016398554519640219 0.11062283626033356 -0.0012168684551469447 0.28832197305936258 -0.010164141371887682 -0.0057727110808953449 -0.0096943320461060564 0.076029767262247916 0.046024883877021402 0.0068975221565429328 -0.009291218111130848 0.00074944257449380248 -0.011595952989249925 0.019559874962634352 0.13815826695428668 -0.0095766736235078278 0.050064764532057993 0.0036854071031216895 0.0003532899742824644 0.067805203561523086 0.11430133486827315 -0.0079252923040234787 0.094783314758967632
leaf_weight=369.36321333330125 22.336676213890314 6.5074996426701537 35.973628143779933 8.2558239102363569 1.0003293240442861 2.8961925078183404 106.44029182288796 1.9523771051317442 7.0215696515515509 10.060071718879042 0.87583224661647996 1.8672477975487698 1.2274675099179155 2.2116599064320317 12.761916023679076 0.91471887845545996 2.4810636583715668 13.829436910338702 4.8357551936060181 10.215077525004743 7.3298015529289824 0.70218744874000538 4.7125062542036176
leaf_count=25685 1443 371 2362 414 64 189 7298 127 385 631 54 104 78 124 689 56 156 877 291 615 455 44 290
internal_value=0.000442321 0.094139 -0.012883 0.218926 0.0567121 0.0224744 -0.0186868 -0.00466375 0.0775519 0.0387625 0.0633725 0.0982111 0.0808261 0.105733 0.12501 0.096921 -0.00745495 0.0126064 0.0287886 0.0487167 0.0933526 0.104166 0.0785363
internal_weight=635.772 77.65 558.122 15.678 61.972 77.8854 480.237 110.874 39.6353 15.7729 13.0315 23.8624 10.1353 21.9951 14.9736 7.42222 108.921 64.8539 28.8803 15.0508 8.90782 8.03199 5.71284
internal_count=42802 4571 38231 841 3730 4965 33266 7581 2287 985 820 1302 631 1198 813 427 7454 4145 1783 906 553 499 354
is_linear=0
shrinkage=0.03


Tree=3
num_leaves=24
num_cat=1
split_feature=45 75 145 35 145 145 48 75 95 73 56 145 106 78 136 76 13 122 37 60 73 116 135
split_gain=755.757 192.502 112.803 61.7907 38.5867 34.2384 28.8499 27.136 25.5832 24.5306 23.4558 22.9968 18.3155 17.1714 26.2645 16.9066 15.3808 22.0232 15.487 13.8503 13.4539 13.2802 13.3282
threshold=0.20335000000000003 1.0000000180025095e-35 2.5000000000000004 0.30205000000000004 1.5000000000000002 2.5000000000000004 0.86750000000000005 1.0000000180025095e-35 0 0.37584080717488794 1.0000000180025095e-35 1.0000000180025095e-35 35.500000000000007 0.22587500000000002 21716.440000000006 1.0494500000000002 0.30975000000000003 13706.525000000001 24.500000000000004 0.76675000000000015 0.539933191618585 0.13100686498855837 1759.3800000000003
decision_type=2 2 2 2 2 2 2 2 9 2 2 2 10 2 2 2 2 2 2 2 2 8 2
left_child=2 3 10 8 15 -5 -6 21 11 -7 -1 -2 -8 -13 16 -3 17 18 -15 -18 -9 -4 -23
right_child=1 4 7 5 6 9 12 20 -10 -11 -12 13 -14 14 -16 -17 19 -19 -20 -21 -22 22 -24
leaf_value=-0.019860252766917563 0.0029005684838767625 -0.013476378702134488 -0.0017261574684728697 0.052718723495376228 0.042521469245167955 0.012289076116153328 0.20945854194825492 -0.0013211622720368278 0.11560896525475356 0.16142245097394131 0.041748578439107252 0.01634675260056645 0.02047060759680723 0.13002855448853956 -0.017526067715906833 0.082138570702852756 0.067489451085728569 -0.0041322811168521502 0.00042374679729438228 0.0006485597670167555 0.11431485894395461 0.0083135408625503449 0.041510197864619965
leaf_weight=454.75350472517312 21.395213169045746 1.571420528925956 26.199251806363463 13.872223524376752 2.524158558808268 1.5242699170485128 10.993078319355842 1.1168331690132611 1.496243830770253 6.2846547598019242 3.8278626883402458 16.569819985888898 0.95761221181601364 6.0391381382942253 2.6858412781730285 4.3959017908200622 3.5174047248437983 1.4462659368291495 0.93990936689078797 5.7237767595797777 1.9423236167058346 23.535148505121469 20.509777322411537
leaf_count=32167 1389 81 1683 857 112 78 468 64 79 310 245 947 42 337 150 227 189 80 51 324 112 1484 1275
internal_value=0.000768846 0.0747784 -0.0136423 0.0517468 0.153802 0.0936358 0.180544 0.020511 0.0340247 0.140753 -0.0191669 0.0281675 0.199421 0.0419075 0.0593931 0.0598972 0.0716802 0.0990207 0.116556 0.0335708 0.0882654 0.0151984 0.0249033
internal_weight=633.822 101.937 531.885 81.4948 20.4422 21.6811 14.4748 73.3033 59.8136 7.80892 458.581 58.3174 11.9507 36.9222 20.3523 5.96732 17.6665 8.42531 6.97905 9.24118 3.05916 70.2442 44.0449
internal_count=42751 5721 37030 4791 930 1245 622 4618 3546 388 32412 3467 510 2078 1131 308 981 468 388 513 176 4442 2759
cat_boundaries=0 1
cat_threshold=4
is_linear=0
shrinkage=0.03


Tree=4
num_leaves=24
num_cat=0
split_feature=45 77 45 51 77 7 75 45 51 143 35 78 60 35 74 76 6 44 112 38 38 60 105
split_gain=725.24 204.843 95.1759 58.0832 40.8307 38.0727 35.9613 28.3494 25.8203 25.0572 20.0007 23.0886 19.0284 18.5856 16.9973 20.0308 27.5377 20.1611 21.973 19.1998 13.9934 13.7994 13.5963
threshold=0.18595000000000003 1.5000000000000002 0.49895000000000006 0.36085000000000006 2.5000000000000004 0.41450000000000004 1.0000000180025095e-35 0.059750000000000004 0.065250000000000016 1.5000000000000002 0.30885000000000007 0.13048500000000005 0.92675000000000007 0.080150000000000013 0.03742728975648231 1.1028500000000003 0.7915000000000002 0.055925000000000009 16.500000000000004 0.15105000000000005 0.29075000000000006 0.93675000000000008 inf
decision_type=2 2 2 2 2 10 2 2 2 2 2 2 2 2 2 2 10 2 2 2 2 2 8
left_child=4 3 6 14 7 8 13 -1 -4 -9 11 -8 22 -3 -2 -16 17 -17 19 -19 21 -11 -5
right_child=1 2 5 12 -6 -7 10 9 -10 20 -12 -13 -14 -15 15 16 -18 18 -20 -21 -22 -23 -24
leaf_value=-0.020543985403787685 -0.0095008719512194098 -0.0042237493353752559 0.025873921665664192 0.11936982458118213 0.059894127981393874 0.014909361290978595 0.008398711304503358 -0.011640601157551259 0.22675439774505957 -0.0078122586063847982 0.0073966873669265949 0.1726088683760062 0.014166670243131452 0.066279160667863102 0.0073990505490786219 0.016239838262547619 0.016214092107617047 0.0054022744015020203 0.0055618778351971595 0.13588665493418689 0.040634472965055179 0.038907129150929934 0.021639709911857857
leaf_weight=328.84800325892866 10.897497617639599 3.7305892733857098 1.2003197167068709 8.810469926334914 4.6485745366662732 1.3158100005239237 1.0998801896348585 136.86287655588239 8.4848694894462806 23.18206452019513 1.1804885929450391 5.2318222783505917 3.3892594883218399 19.065691343508661 22.539666366763413 5.07562436629087 17.268546386621892 1.3688346771523336 2.1834137439727783 5.5757220415398479 11.087972201406954 5.363296076655387 2.6169402142986664
leaf_count=23627 670 200 42 482 292 53 43 9592 310 1502 44 197 189 1014 1339 293 1009 81 125 310 703 347 141
internal_value=0.00127949 0.0666763 0.119595 0.0370013 -0.0144408 0.193041 0.0826362 -0.015358 0.210548 -0.00557361 0.136439 0.152947 0.0872171 0.0553314 0.0232743 0.0299902 0.0447607 0.0731821 0.0962356 0.117126 0.0149298 0.00293845 0.103546
internal_weight=631.028 121.035 41.3095 79.726 509.993 11.001 30.3085 505.344 9.68519 176.496 7.51219 6.3317 14.8167 22.7963 64.9093 54.0118 31.4721 14.2036 9.12797 6.94456 39.6333 28.5454 11.4274
internal_count=42605 6542 1903 4639 36063 405 1498 35771 352 12144 284 240 812 1214 3827 3157 1818 809 516 391 2552 1849 623
is_linear=0
shrinkage=0.03


Tree=5
num_leaves=24
num_cat=0
split_feature=45 77 145 45 145 35 24 48 45 145 108 117 137 6 133 43 106 135 130 66 73 60 34
split_gain=606.823 169.543 89.5107 56.3607 35.9393 33.2361 30.221 24.8012 23.0141 21.9559 21.8291 27.2083 18.1594 17.8449 17.8265 15.9396 17.386 21.3109 15.2957 14.4316 22.51 20.6581 13.6826
threshold=0.21825000000000003 1.5000000000000002 2.5000000000000004 0.47885000000000005 2.5000000000000004 0.31515000000000004 4655.0000000000009 1.0395000000000001 0.096150000000000013 1.0000000180025095e-35 10.500000000000002 0.15476190476190479 1.9152470705151015 0.93750000000000011 0.20526315789473687 0.032705000000000005 2.5000000000000004 364.86500000000007 -9051.3799999999974 0.38291730360596526 0.89125295508274249 0.77685000000000015 425.65500000000003
decision_type=2 2 2 2 2 2 2 2 2 2 10 10 10 10 10 2 10 2 2 2 2 2 2
left_child=2 5 8 4 15 9 -6 -7 -1 -2 22 -12 13 18 -13 -3 -17 -18 -9 20 21 -11 -4
right_child=1 3 10 -5 6 7 -8 12 -10 19 11 14 -14 -15 -16 16 17 -19 -20 -21 -22 -23 -24
leaf_value=-0.021480623327387104 -0.0072132423253413423 0.0038849741104324434 -0.018170537181357634 0.16012488665415345 0.010274115314974143 0.011498296352777396 0.13794669881212493 0.011961586994652388 -0.0043247365838247525 0.12135994373045943 0.0029119020631122989 -0.00066171843303828616 0.0010252986910567463 -0.0021436124113704586 0.097513916581345408 -0.013345688220796206 -0.0057540278259028211 0.10893060207874096 0.13199880106640874 0.012817065582758408 0.00065864637852413623 0.024452145432561065 0.014906082312347279
leaf_weight=360.5804727114737 17.366591576486826 7.5918762311339378 12.679638948291538 14.797516255639492 2.4136941805481911 5.8659163303673294 7.9567927867174149 1.5488096922636021 88.770578607916832 3.5341701535508054 7.9051995286718038 2.0543410964310151 1.8321436597034324 1.2027013795450319 6.2084074458107352 1.5421634614467619 1.669660188257694 4.0267901308834553 6.8601134503260246 16.680958237498999 4.7556984331458798 5.1068143583834171 48.22694072406739
leaf_count=26564 1090 381 795 470 90 310 280 73 6205 174 491 126 97 60 368 78 88 200 330 893 256 282 2986
internal_value=0.000174575 0.0654131 -0.0130056 0.112717 0.0751529 0.033692 0.114697 0.0672969 -0.0181256 0.0192053 0.0165482 0.0454974 0.0899329 0.103785 0.0777327 0.0371575 0.0636582 0.0825558 0.116436 0.0339579 0.0551972 0.0794479 0.00766136
internal_weight=631.178 104.752 526.426 39.9985 25.201 64.7539 10.3705 17.3097 449.351 47.4442 77.0745 16.1679 11.4438 9.61162 8.26275 14.8305 7.23861 5.69645 8.40892 30.0776 13.3967 8.64098 60.9066
internal_count=42687 5152 37535 1587 1117 3565 370 870 32769 2695 4766 985 560 463 494 747 366 288 403 1605 712 456 3781
is_linear=0
shrinkage=0.03


Tree=6
num_leaves=24
num_cat=0
split_feature=45 77 145 145 78 5 58 48 137 2 7 45 144 77 145 106 7 48 76 6 5 2 56
split_gain=562.284 163.725 82.5887 74.2441 51.4929 46.1538 28.7692 29.7018 26.5766 25.4499 18.0496 17.1471 16.2514 14.6571 14.3684 13.8602 13.3842 13.6328 13.3072 14.1762 13.1728 13.3777 12.4612
threshold=0.18275000000000002 1.5000000000000002 2.5000000000000004 2.5000000000000004 0.36579500000000004 70350.000000000015 1.0000000180025095e-35 0.95650000000000002 0.86935669633463586 31.500000000000004 0.48250000000000004 0.080050000000000024 0.67500000000000016 1.0000000180025095e-35 1.5000000000000002 34.500000000000007 0.14050000000000004 0.94150000000000011 0.14754999999999999 0.96750000000000014 257850.00000000003 28.500000000000004 1.0000000180025095e-35
decision_type=2 2 2 2 2 2 2 2 10 2 10 2 2 2 2 8 8 2 2 8 2 2 2
left_child=2 4 11 6 -2 -5 20 -8 18 -9 15 -1 13 -4 -10 -7 -16 -18 -6 -20 21 -3 -13
right_child=1 3 12 5 8 10 7 9 14 -11 -12 22 -14 -15 16 -17 17 -19 19 -21 -22 -23 -24
leaf_value=-0.022019306787256096 0.01143617643389414 -0.007025058277181387 0.013656692977750771 0.0043137686079706703 -0.0024044648385263202 0.16414558041077296 0.0017402233752267639 0.016754733673575113 -0.01032587609986116 0.14462354522150822 0.014884435005232241 -0.0094315351212758986 0.0044560129585240627 0.060113128015625614 -0.0053319408243027114 0.027483501988087713 -0.010957693857556348 0.086447748972222155 0.1119228285779908 0.019423905613710917 -0.0099985411055601072 0.060057683629798221 0.044945545194222739
leaf_weight=330.64001595694572 57.321328116580844 3.1342850523069554 16.359785684384409 2.2935495423153069 1.2330480739474321 17.666843453422196 2.6574923750013095 2.4456609692424536 5.4732144558802238 5.3587458534166217 1.3087232746183861 93.77071123290807 44.37860144674778 9.5933917220681888 2.7857426228001687 1.6232424341142166 1.1157183079048998 4.1556623866781592 9.5807669106870854 2.8190094986930498 5.3195760222151867 7.9307256378233433 1.9887254936620582
leaf_count=24915 3329 161 992 72 64 524 112 99 319 210 41 6770 2805 552 131 55 60 182 477 143 266 382 116
internal_value=0.000933883 0.0549486 -0.0138234 0.0972108 0.0283948 0.13641 0.0566447 0.0920276 0.0609433 0.116145 0.149435 -0.0187874 0.0159586 0.0339013 0.0254545 0.156308 0.0469801 0.068488 0.0884026 0.0965123 0.0264984 0.0428892 -0.00740583
internal_weight=630.955 134.223 496.731 49.7388 84.4845 22.8924 26.8465 10.4619 27.1632 7.80441 20.5988 426.399 70.3318 25.9532 13.5303 19.2901 8.05712 5.27138 13.6328 12.3998 16.3846 11.065 95.7594
internal_count=42777 6627 36150 1922 4705 692 1230 421 1376 309 620 31801 4349 1544 692 579 373 242 684 620 809 543 6886
is_linear=0
shrinkage=0.03


Tree=7
num_leaves=24
num_cat=1
split_feature=45 45 145 145 98 60 63 136 48 143 35 76 35 14 42 106 47 114 5 1 47 41 6
split_gain=544.479 127.264 70.6406 62.943 24.3366 24.0449 29.5246 20.5895 21.5946 19.3683 17.3886 17.2596 17.4309 19.2244 19.8027 22.1794 19.1013 16.0712 14.995 14.0787 13.1808 13.0613 16.4033
threshold=0.18595000000000003 0.49895000000000006 2.5000000000000004 2.5000000000000004 0 0.94575000000000009 1.0000000180025095e-35 3114.8200000000002 0.86050000000000015 1.5000000000000002 0.043150000000000008 1.0305500000000001 0.06455000000000001 2.5000000000000004 -0.086849999999999997 2.5000000000000004 101.69500000000001 4.5000000000000009 144550.00000000003 4.9500000000000011 104.91500000000001 3.0425000000000004 0.88550000000000006
decision_type=2 2 2 2 1 2 2 2 2 2 2 2 2 2 2 10 2 2 2 10 2 2 10
left_child=2 3 -1 4 -2 6 17 18 -9 -4 -10 -6 -13 14 -14 -16 21 -3 19 -5 -12 22 -17
right_child=1 5 9 7 11 -7 -8 8 10 -11 20 12 13 -15 15 16 -18 -19 -20 -21 -22 -23 -24
leaf_value=-0.018897045176217639 0.006548284963730582 -0.0094852200602730131 -0.0010898380646413618 0.074512453526648453 -0.003441346754115295 0.02212111507925751 0.14310991495302608 0.015028437511855041 0.0003341560748917355 0.029710257047382164 0.10266890043947602 -0.014318420395849416 -0.011775162080566514 -0.013241577981300996 0.0010404037639696996 0.16048036005766839 -0.0083854085799519185 0.073460504645260744 -0.015846366932270525 0.0027522504355196385 0.018554407054775249 0.0025528954163394494 0.015314881241486099
leaf_weight=420.32939201127738 49.758566868491471 2.3090499909594691 39.872239637188613 4.2792608896270377 4.6733938632532981 3.6745720701292148 15.888158116489649 5.2382686184719232 1.9013294465839887 31.867472519166768 20.922531838528815 1.7620955072343338 1.2512897280976165 1.5237373085692514 1.8298331387341003 4.5981983542442322 0.7537026498466729 5.7856836160644889 4.1024642288684836 4.3080370165407658 2.8883273657411328 0.75070683192461718 1.2932422198355196
leaf_count=31917 2836 111 2548 179 260 123 399 235 79 1810 841 101 69 81 101 229 40 263 169 193 115 41 71
internal_value=0.000652677 0.0525379 -0.0142089 0.0370461 0.018155 0.108457 0.118964 0.0644773 0.0775168 0.0130266 0.088244 0.0457744 0.0608027 0.0723027 0.0848722 0.0977431 0.116354 0.0526084 0.0264499 0.0458327 0.0946939 0.129174 0.140572
internal_weight=631.562 139.492 492.069 111.835 68.1948 27.6575 23.9829 43.6402 30.9505 71.7397 25.7122 18.4362 13.7628 12.0007 10.477 9.22568 7.39585 8.09473 12.6898 8.5873 23.8109 6.64215 5.89144
internal_count=42811 6536 36275 5640 3829 896 773 1811 1270 4358 1035 993 733 632 551 482 381 374 541 372 956 341 300
cat_boundaries=0 1
cat_threshold=2
is_linear=0
shrinkage=0.03


Tree=8
num_leaves=24
num_cat=0
split_feature=45 145 53 62 51 45 37 145 47 58 43 60 129 29 47 23 10 34 3 37 32 37 39
split_gain=535.749 108.267 87.3062 70.3766 37.958 28.3125 24.3349 22.2639 19.4346 18.9698 18.8423 19.3932 16.2449 14.7507 16.0998 18.2226 25.9056 19.0815 19.0718 15.0972 13.8146 15.5531 16.7792
threshold=0.24125000000000002 2.5000000000000004 1.0000000180025095e-35 1.0000000180025095e-35 0.36085000000000006 0.09495000000000002 6.5000000000000009 1.0000000180025095e-35 90.015000000000015 1.0000000180025095e-35 0.081135000000000013 0.94275000000000009 -8033.1699999999992 0.84975000000000012 102.51000000000001 68.350000000000009 0.99465000000000015 420.40000000000003 1.5000000000000002 11.500000000000002 45.500000000000007 24.500000000000004 0.07555000000000002
decision_type=2 2 2 2 2 2 2 2 2 2 2 2 2 2 2 2 2 2 2 2 2 2 2
left_child=1 5 3 4 7 -1 -5 -2 12 -4 11 -8 -6 14 15 16 17 -3 -17 -20 -9 22 -22
right_child=2 13 9 6 8 -7 10 20 -10 -11 -12 -13 -14 -15 -16 18 -18 -19 19 -21 21 -23 -24
leaf_value=-0.021644182568635706 0.00050550902353246635 0.00054422913176144607 0.043613763920375977 0.021818208029192029 -0.0037814076480693379 -0.0032026992182415484 0.13192516298700041 0.010594210314463264 0.0014381321443475449 0.2209428776326478 0.0040697739902059316 0.014806791288558354 0.098612347635495229 0.058307430357822432 -0.0088056371220600511 6.7216775702478852e-06 -0.01597537315303477 0.076429846302871737 -0.00014541502299694878 0.086441296288818928 -0.0099532841203821623 0.0035222270511658738 0.066106654199581241
leaf_weight=337.53115910571069 20.218252716585994 3.8238961165770915 2.0421857275068751 4.2755497936159399 1.3798163309693343 97.132668030448258 14.91826546285302 13.227524999529122 2.7013562582433215 2.0503588933497667 1.471752356737851 1.9654392860829819 12.834886259399354 6.1150446617975822 18.766303764656186 34.358118044212461 4.249775123782455 12.0290091028437 2.9694520598277441 2.6240340657532215 2.3817067751661005 5.8922200053930274 22.439631380140781
leaf_count=26404 1120 223 65 148 53 6807 448 564 115 45 48 66 494 355 1131 1993 245 679 173 143 99 242 911
internal_value=0.00117713 -0.0115055 0.0614045 0.0536482 0.0388713 -0.0175567 0.0991316 0.0267893 0.0770184 0.17582 0.113227 0.121304 0.0894326 0.0191532 0.0147479 0.0221547 0.0441377 0.0602369 0.00951642 0.052543 0.0383346 0.0489035 0.0586104
internal_weight=627.398 519.599 107.799 103.706 81.0754 434.664 22.631 64.1593 16.9161 4.09254 18.3555 16.8837 14.2147 84.9356 78.8206 60.0543 20.1027 15.8529 39.9516 5.59349 43.9411 30.7136 24.8213
internal_count=42571 38153 4418 4308 3598 33211 710 2936 662 110 562 514 547 4942 4587 3456 1147 902 2309 316 1816 1252 1010
is_linear=0
shrinkage=0.03


Tree=9
num_leaves=24
num_cat=0
split_feature=77 146 78 75 75 128 146 135 125 51 47 26 105 43 47 131 42 115 130 33 33 23 10
split_gain=319.042 191.002 64.5644 50.6376 32.774 29.0537 27.5865 19.7463 18.9044 18.5492 18.3848 18.0186 21.408 16.5706 16.4842 18.6439 15.075 13.2932 17.3395 12.3406 11.8717 11.7847 14.4997
threshold=2.5000000000000004 0.72500000000000009 0.35725500000000004 1.0000000180025095e-35 1.0000000180025095e-35 -5048.9199999999992 0.67500000000000016 1714.3200000000002 774.85500000000013 0.26495000000000007 57.455000000000005 0.11775000000000001 17.500000000000004 0.013935000000000001 103.26500000000001 0.47493734335839605 0.72415000000000007 1.2136363636363641 -9051.3799999999974 87454.255000000019 72341.445000000022 62.650000000000013 0.96100000000000008
decision_type=2 2 2 2 2 2 2 2 2 2 2 2 10 2 2 8 2 8 2 2 2 2 2
left_child=1 3 4 6 21 -2 10 -6 -7 -5 11 12 -1 -14 15 17 -8 18 -4 -10 -15 22 -3
right_child=5 2 14 9 7 8 16 -9 19 -11 -12 -13 13 20 -16 -17 -18 -19 -20 -21 -22 -23 -24
leaf_value=0.0027317156623141393 0.04015015181990652 0.044772571669836593 0.016108528525747255 0.0087867315577386685 0.015837331800827466 0.017396512009837682 -0.020513065529146949 0.094955180518503143 0.1581192361222605 0.062952135281785754 -0.012526453001935042 0.0015282589646941217 -0.010371890343819147 0.021457521566539975 0.0082775848903673451 0.0047809756298991422 0.0048428771022418918 0.035472331445658555 0.1177522475540652 0.030746580588672155 0.14154662024937029 0.0032158623927986472 -0.0079921741449085291
leaf_weight=6.1589172212406975 6.440442991442981 13.13729504030198 2.4996068589389386 17.80439017992467 6.3271891390904766 1.7513601817190636 331.80077402945608 5.1457200543954968 10.518857001326976 6.9682326642796388 54.981241815723479 34.56185466516763 1.0308491438627241 2.0569112794473772 4.1924801999703041 3.1040544128045431 21.794804092496634 6.5977498497813931 11.121799281798305 1.9073614170774806 1.3174478663131592 67.180852154269814 6.0135676953941575
leaf_count=424 233 704 96 1032 202 62 25789 161 339 313 4017 2308 71 129 209 135 1447 255 436 62 73 3667 333
internal_value=7.13515e-05 -0.00405922 0.0286271 -0.0127038 0.0164979 0.110697 -0.0150152 0.0601506 0.133819 0.0275873 -0.00108141 0.012803 0.0435746 0.0819941 0.0677012 0.0768855 -0.0189317 0.0865283 0.10355 0.145541 0.10357 0.0094662 0.0290149
internal_weight=624.414 603.796 125.32 478.475 97.8046 20.618 453.703 11.4729 14.1776 24.7726 100.107 45.126 10.5641 4.40521 27.5157 23.3232 353.596 20.2192 13.6214 12.4262 3.37436 86.3317 19.1509
internal_count=42497 41801 6198 35603 5067 696 34258 363 463 1345 7022 3005 697 273 1131 922 27236 787 532 401 202 4704 1037
is_linear=0
shrinkage=0.03


Tree=10
num_leaves=24
num_cat=0
split_feature=45 53 145 145 62 58 143 58 76 136 39 117 78 103 60 134 35 75 60 105 118 135 19
split_gain=389.851 93.3849 72.9095 67.6223 44.1648 24.014 17.2646 16.0307 15.809 20.1876 17.0191 14.9519 16.6129 14.8276 14.4342 14.6135 15.2953 12.7778 12.6809 12.0601 11.4902 11.2036 11.4293
threshold=0.18275000000000002 1.0000000180025095e-35 2.5000000000000004 2.5000000000000004 1.0000000180025095e-35 1.5000000000000002 1.5000000000000002 1.0000000180025095e-35 1.1499500000000002 3028.3000000000006 0.20915000000000003 0.73214285714285732 0.25806500000000004 183.60500000000002 0.77075000000000016 3718.4350000000009 0.12565000000000001 1.0000000180025095e-35 0.69525000000000015 96.500000000000014 0.47493734335839605 3548.5200000000009 44.500000000000007
decision_type=2 2 2 2 2 2 2 2 2 2 2 10 2 2 2 2 2 2 2 8 8 2 2
left_child=3 2 5 -1 8 14 -5 -3 19 -10 -11 12 -6 -7 15 -2 -17 -8 -12 -4 -16 22 -18
right_child=1 7 4 6 11 13 17 -9 9 10 18 -13 -14 -15 20 16 21 -19 -20 -21 -22 -23 -24
leaf_value=-0.018460883970754842 -0.019997582527974844 0.048058783422731705 0.046864562509922977 -0.0007694507657138185 0.045984575508218203 0.074377593577505438 0.020046447834713446 0.18115352311902624 0.010812364641299511 0.097050880440096229 0.059401697092246547 0.0090277952345956137 0.1406345159714118 -0.013309719512777228 -0.0070739948535149845 -0.0062740297796819071 0.071327292798366929 0.082103540396831487 -0.010058049957955962 0.0055247621337453133 0.027555494347376155 0.0074936131060908137 -0.011214369985645792
leaf_weight=395.54218508210033 3.7475614957511452 3.3259582165628663 9.1900422656908649 41.417679267935455 5.3862529024481738 6.82920337282121 31.796023548580706 3.0816322397440672 6.6481168176978853 10.421079680323603 2.6671561487019053 1.7663820553570992 7.5835674647241831 1.484481507912278 40.085892073810101 5.4527212455868748 10.656465926207604 1.735091047361492 3.8131124395877123 16.140363914892077 8.8456381261348707 5.1086322916671625 1.1495787343010295
leaf_count=31626 193 105 328 2576 135 215 1723 56 242 356 94 42 158 46 2188 310 532 76 138 637 474 260 54
internal_value=3.60615e-05 0.0412579 0.0351351 -0.0135203 0.0588854 0.0160551 0.0123556 0.139935 0.0421068 0.0594044 0.0753515 0.102857 0.112722 0.0591755 0.00986607 0.0269965 0.0358652 0.0276984 0.0257973 0.022855 2.24132e-05 0.0486765 0.0628298
internal_weight=623.875 153.384 146.976 470.491 63.6161 83.3602 74.9488 6.40759 48.8799 23.5495 16.9013 14.7362 12.9698 8.31368 75.0465 26.115 22.3674 33.5311 6.48027 25.3304 48.9315 16.9147 11.806
internal_count=42564 6563 6402 36001 2130 4272 4375 161 1795 830 588 335 293 261 4011 1349 1156 1799 232 965 2662 846 586
is_linear=0
shrinkage=0.03


Tree=11
num_leaves=24
num_cat=0
split_feature=146 77 63 78 64 77 78 77 2 115 44 43 124 51 1 68 66 68 23 132 0 67 38
split_gain=278.522 93.6644 82.1197 46.5817 29.6158 28.8604 24.479 22.1084 26.6131 21.9259 22.0085 21.8058 21.479 21.1279 20.9764 18.903 16.7238 14.3159 13.4858 17.0037 13.1343 12.478 12.0943
threshold=0.72500000000000009 2.5000000000000004 1.0000000180025095e-35 0.38849500000000009 1.0000000180025095e-35 1.5000000000000002 0.47582500000000005 2.5000000000000004 34.500000000000007 1.3084239130434785 0.14641500000000005 0.017755000000000003 629.11500000000012 0.21125000000000002 3.5500000000000003 0.30860943934114676 0.26245766219056649 2.5810033614167236 62.650000000000013 0.61250000000000016 45.500000000000007 0.11803565789095923 0.20125000000000001
decision_type=2 2 2 2 2 2 2 2 2 10 2 2 2 2 10 2 2 2 2 8 2 2 2
left_child=2 3 6 5 7 18 -1 -4 -9 10 17 -7 -13 -6 -14 -16 -3 -5 19 20 -2 -15 -8
right_child=1 16 4 9 13 11 22 8 -10 -11 -12 12 14 21 15 -17 -18 -19 -20 -21 -22 -23 -24
leaf_value=-0.017468050341412491 0.071824099562168398 0.015168727111169455 0.0018139026579040707 0.10549201452917199 0.013998772769396447 -0.00041417396562884077 -0.0067169082803090821 -0.014604323725793091 0.075970902205479432 0.014665662779624888 0.0019005339464716446 0.0059249517469864106 0.018878999157087326 0.010817427289084237 0.0072599271204092574 0.11759003834335374 0.13045733460215025 -0.0017543797014396615 0.0041109970320029783 -0.0099920545398803073 0.0092979953183910096 0.12179848706156449 0.036447615247681441
leaf_weight=376.27064765058458 7.0868492797017115 1.903428180143236 61.047189416363835 12.504933306947356 6.0699896551668626 6.8561242977157262 10.667120380327107 3.6131237726658565 6.4263685634359717 6.5639223465695968 2.6136472867801777 5.3465963136404779 5.2268473291769615 1.6387556185945866 1.9550775056704859 7.6872947253286839 8.9020638652145845 1.1437470335513342 63.694017132744193 5.3307299027219406 5.5442227553576231 2.9147600326687098 9.6561975916847569
leaf_count=29765 360 41 4082 440 297 252 755 148 255 243 96 202 185 75 68 257 168 42 3461 284 289 105 599
internal_value=0.000899071 0.0374359 -0.0100861 0.0293721 0.0170049 0.0204444 -0.015725 0.00920201 0.0463627 0.0668246 0.0839656 0.0462349 0.0606688 0.0594876 0.0773171 0.10031 0.11569 0.0974293 0.0109929 0.0325397 0.0494018 0.0973481 0.0152198
internal_weight=620.664 142.36 478.304 131.554 81.7102 108.728 396.594 71.0867 10.0395 22.8262 16.2623 27.0719 20.2158 10.6235 14.8692 9.64237 10.8055 13.6487 81.6558 17.9618 12.6311 4.55352 20.3233
internal_count=42469 6388 36081 6179 4962 5358 31119 4485 403 821 578 964 712 477 510 325 209 482 4394 933 649 180 1354
is_linear=0
shrinkage=0.03


Tree=12
num_leaves=24
num_cat=0
split_feature=145 75 63 78 58 48 73 78 47 116 43 67 63 67 145 32 32 13 43 137 60 68 10
split_gain=287.876 145.661 86.6008 38.0591 37.1507 27.6714 22.7436 22.3671 22.2509 21.8518 21.4723 23.2417 19.7528 17.4742 16.2544 14.2771 16.8314 19.0729 13.8167 13.7742 13.1651 12.5207 12.8471
threshold=2.5000000000000004 1.0000000180025095e-35 1.0000000180025095e-35 0.39210000000000006 1.0000000180025095e-35 0.94950000000000012 0.37584080717488794 0.47582500000000005 73.725000000000009 0.1126984126984127 0.025985000000000005 0.066977105581756763 1.0000000180025095e-35 0.21138539391996006 1.0000000180025095e-35 59.500000000000007 43.500000000000007 0.38975000000000004 0.074265000000000012 0.48383569982555008 0.96035000000000015 2.662916689624399 0.93755000000000011
decision_type=2 2 2 2 2 2 2 2 2 10 2 2 2 2 2 2 2 2 2 10 2 2 2
left_child=2 3 7 12 14 -6 -5 -1 9 -8 -7 -12 -2 20 -4 16 -16 -18 19 -13 21 22 -14
right_child=1 -3 4 6 5 10 8 -9 -10 -11 11 18 13 -15 15 -17 17 -19 -20 -21 -22 -23 -24
leaf_value=-0.018249109744502719 0.0065934764566998993 0.10098956745337632 -0.0051500520860836563 -0.0059038074412348426 -0.0093390835876164691 0.016164435149801454 0.009846041111000509 0.013380954400455518 0.010777965559438298 0.10474327585633074 -0.0059185157203550595 0.023068855881552126 0.076015719798070258 0.00033920157248817082 0.00057561894837452753 -0.0079762047779335862 0.099433041005146161 -0.0018920759824910204 0.011244559899033857 0.14611515889702395 -0.014195311446769963 -0.0071397493515722166 -0.011381873253261274
leaf_weight=368.73055044654757 77.886260455474257 24.41526457760483 44.208814186044037 4.0680049452930716 5.0377540411427644 6.2899441113695529 3.1816099295392659 19.887402539141476 5.2375669740140429 10.579517188481985 1.6666271146386851 1.9185831686481813 12.855496112257248 8.5581865543499571 4.7672417275607604 6.0077235000208011 4.0061306785792112 2.2150661712512374 1.5921649811789391 4.6043772958219051 1.6978177921846498 1.8523956853896368 1.1512343119829882
leaf_count=29717 4269 569 3104 159 228 248 112 1306 218 312 68 74 455 315 282 367 237 127 57 147 72 71 40
internal_value=0.00093399 0.0366306 -0.0106548 0.0228912 0.0170035 0.0494328 0.0562826 -0.0165702 0.0688921 0.0868363 0.0668499 0.0911654 0.014563 0.0361716 0.00460848 0.0278612 0.0456658 0.0716724 0.108332 0.12383 0.0518173 0.0596826 0.0683078
internal_weight=622.416 151.483 470.932 127.068 82.3144 21.1095 23.0667 388.618 18.9987 13.7611 16.0717 9.78175 104.001 26.1151 61.205 16.9962 10.9884 6.2212 8.11513 6.52296 17.5569 15.8591 14.0067
internal_count=42554 6592 35962 6023 4939 822 801 31023 642 424 594 346 5222 953 4117 1013 646 364 278 221 638 566 495
is_linear=0
shrinkage=0.03


Tree=13
num_leaves=24
num_cat=0
split_feature=45 63 146 112 60 143 74 78 45 24 67 123 103 105 6 74 74 45 55 48 48 1 6
split_gain=363.374 88.7761 54.1746 27.9695 19.1259 16.5689 16.3933 16.0027 15.3506 14.2651 17.0076 13.8249 13.8807 13.122 14.7989 13.7898 15.4548 13.0214 12.965 13.622 11.8017 18.5015 14.802
threshold=0.18275000000000002 1.0000000180025095e-35 0.72500000000000009 11.500000000000002 0.86335000000000006 1.0000000180025095e-35 0.07528501101178911 0.25650000000000006 0.082250000000000004 30415.000000000004 0.26296715267303511 1547.095 205.60000000000002 inf 0.74750000000000016 0.20963668947539918 0.035198226395409503 0.19605000000000003 1.0000000180025095e-35 1.4785000000000001 0.83250000000000013 2.8500000000000001 0.9405
decision_type=2 2 2 2 2 2 2 2 2 2 2 2 2 8 10 2 2 2 2 2 2 8 10
left_child=2 4 8 6 13 -4 -3 18 -1 10 11 -7 -13 15 -15 16 -2 -18 19 -5 -19 -22 -23
right_child=1 3 5 7 -6 9 -8 -9 -10 -11 -12 12 -14 14 -16 -17 17 20 -20 -21 21 22 -24
leaf_value=-0.021577247163542184 -0.0034706837715718351 0.0067608056148219667 -0.0050472340759272613 0.0049956359353233934 3.0940053175313523e-05 -0.006965700557727118 0.052828430084074521 0.093168102687624321 -0.0070038915139289436 -0.0054822887729210033 -0.003311849206904474 0.067741287696884603 -0.0041831998227881868 0.038819566423555059 -0.0071401361358962171 -0.017059368301740058 -0.013767583800834237 0.0063877744726987887 0.085967102177409174 0.062482156513262235 0.0054095667032739558 0.089102171811653363 -0.0044220802395291406
leaf_weight=295.21896103862673 4.659248540177944 12.19994772039354 36.896570187062025 10.470540301874282 35.164053127169609 3.1285715103149476 16.499998888932168 26.585694654844701 86.505011179484427 11.171227462589739 7.933303538709878 13.87011753767729 2.5842106984928241 7.9397699525579837 15.915679454803465 2.490096626803278 1.6414199564605976 3.6972588906064656 4.1245513726025811 4.1006529321894041 3.8421302773058441 14.515570602379738 1.4753902563825239
leaf_count=25174 231 367 2220 343 1850 168 468 684 6715 570 417 705 131 380 845 117 99 177 78 131 171 624 70
internal_value=4.11875e-05 0.0378912 -0.0137474 0.061944 0.0174998 0.00926396 0.0349619 0.0768434 -0.0183284 0.0224899 0.0334482 0.0472671 0.0572161 0.0280576 0.00997612 0.0400441 0.0455831 0.05425 0.0468691 0.0267621 0.0597015 0.0681446 0.0809409
internal_weight=622.63 165.322 457.308 73.9814 91.3406 75.584 28.6999 45.2814 381.724 38.6874 27.5162 19.5829 16.4543 56.1766 23.8554 32.3211 29.831 25.1718 18.6957 14.5712 23.5304 19.8331 15.991
internal_count=42735 6635 36100 2071 4564 4211 835 1236 31889 1991 1421 1004 836 2714 1225 1489 1372 1141 552 474 1042 865 694
is_linear=0
shrinkage=0.03


Tree=14
num_leaves=24
num_cat=0
split_feature=45 75 145 35 114 58 73 146 0 47 143 45 44 10 34 47 47 106 63 78 41 1 103
split_gain=308.455 82.3573 47.4524 23.2946 25.7184 22.6329 26.6954 16.1659 15.6994 15.3789 14.57 14.1467 16.2992 16.8107 12.3855 12.1443 11.7816 12.9669 11.2315 11.0156 13.8897 10.6873 9.70559
threshold=0.18275000000000002 1.0000000180025095e-35 2.5000000000000004 0.39185000000000009 5.5000000000000009 1.0000000180025095e-35 0.59813664596273297 0.72500000000000009 32.500000000000007 73.725000000000009 1.0000000180025095e-35 0.080050000000000024 0.13712500000000002 0.19415000000000002 372.29500000000007 49.095000000000006 33.085000000000008 7.5000000000000009 1.0000000180025095e-35 0.25002500000000005 2.8295000000000008 6.1500000000000012 433.81500000000011
decision_type=2 2 2 2 2 2 2 2 2 2 2 2 2 2 2 2 2 8 2 2 2 10 2
left_child=2 3 11 7 -5 6 -3 -2 -9 14 -4 -1 18 21 -10 -8 -6 -18 -13 -12 -21 -14 -20
right_child=1 5 10 4 16 -7 15 8 9 -11 19 12 13 -15 -16 -17 17 -19 22 20 -22 -23 -24
leaf_value=-0.020325791418508966 0.0055829075421629341 0.0014486934185152288 -0.0052350172376900896 0.003029289746435529 0.11245023708853782 0.093415464608243154 0.088842745893741137 0.066723507368365839 -0.0097991501674205735 -0.010891254285765041 0.0073025362315199795 -0.016238900420795094 0.10337105376528399 -0.00061876772085273579 0.037619203136197592 0.021444023435637997 0.064266641504573244 -0.0043360321241492205 -0.0017415428821692567 0.017149872797753221 0.079468257915276744 -0.007772129955238012 0.048501643914861614
leaf_weight=285.29689553193748 61.785947729833424 9.0045098410919326 37.188832146115601 6.8562956871464875 3.8541560266166917 20.190780672244728 7.4747856110334379 6.594378823414444 5.1353131029754904 9.9949308820068818 26.509094782173634 63.808474554680288 1.1457111500203598 6.0855143219232559 26.365724379196763 5.4146916158497334 4.3100910680368516 3.6935066701844343 13.710223298519852 11.830298271961508 3.4591968366876236 0.6871622223407029 2.5713367499411097
leaf_count=24878 3361 257 2247 255 112 387 194 214 179 356 1371 5141 90 473 883 161 157 137 981 576 164 54 183
internal_value=0.000338004 0.0344678 -0.0126361 0.0219164 0.0514612 0.0700848 0.0425508 0.0160543 0.0287477 0.0199222 0.00832296 -0.0170915 -0.00638843 0.030175 0.0297655 0.067213 0.0749863 0.0380704 -0.0106505 0.0200739 0.0388109 0.0793897 0.0106313
internal_weight=622.968 170.675 452.293 128.59 18.714 42.0848 21.894 109.876 48.0903 41.496 78.9874 373.305 88.0084 7.91839 31.501 12.8895 11.8578 8.0036 80.09 41.7986 15.2895 1.83287 16.2816
internal_count=42811 6653 36158 5654 661 999 612 4993 1632 1418 4358 31800 6922 617 1062 355 406 294 6305 2111 740 144 1164
is_linear=0
shrinkage=0.03


Tree=15
num_leaves=24
num_cat=0
split_feature=45 75 145 64 48 145 45 60 1 5 68 25 34 63 137 55 1 26 48 9 60 73 131
split_gain=319.963 62.0205 48.9227 18.5044 17.811 17.7323 17.1173 16.5805 18.3267 18.6607 15.6645 15.6319 16.2897 14.5989 16.3763 14.3287 13.6573 13.2953 19.5878 12.9779 12.7481 12.8968 12.0235
threshold=0.19605000000000003 1.0000000180025095e-35 2.5000000000000004 1.0000000180025095e-35 0.84450000000000014 1.0000000180025095e-35 0.090050000000000005 0.77285000000000015 8.6500000000000004 185050.00000000003 2.5205425104209147 7625.0000000000009 1271.2150000000004 1.0000000180025095e-35 1.3104129870210401 1.0000000180025095e-35 5.5500000000000007 0.18275000000000002 1.1015000000000004 40050.000000000007 0.9517500000000001 1.6772093023255816 0.30151515151515157
decision_type=2 2 2 2 2 2 2 2 8 2 2 2 2 2 8 2 8 2 2 2 2 2 10
left_child=2 3 6 5 -3 -2 -1 8 11 -10 17 12 16 -8 19 22 -7 18 -5 -15 21 -6 -4
right_child=1 4 15 10 20 7 13 -9 9 -11 -12 -13 -14 14 -16 -17 -18 -19 -20 -21 -22 -23 -24
leaf_value=-0.019489072164495122 -3.8992724227949972e-05 0.01206946119140245 0.018437327593828486 0.0017480531515620859 0.085447898376785708 0.0801586769075876 -0.010689687312403266 0.014333672805553428 0.01860747500586693 0.11335358481259344 -0.01183525439400262 -0.012477517485413953 -0.016866654301971554 -0.0082621232152768221 -0.016322320761288374 0.058071530861465014 0.0010551189496724497 0.034523359631339116 0.11885230189888318 0.054904452210078357 0.011999791845761139 0.015941388217206108 -0.0044289383480213438
leaf_weight=293.70691122859716 31.409287517890334 5.6398056438192716 35.348776832222939 1.7287160567939341 31.109357322566211 5.5618550321087286 62.00790923088789 40.998553123325109 4.0751821296289545 4.0322965970262885 2.790846260264515 6.1821628799661985 2.3509993050247422 3.4452243084087995 6.5502248313277951 3.0782626997679463 2.7265351340174684 15.836920375004409 3.8063542852178216 8.2016927562654001 3.5641979072242966 3.7127358242869368 45.059005348943174
leaf_count=26051 1754 154 1939 70 628 194 4954 1573 138 131 111 223 84 233 448 117 93 588 127 562 92 89 2476
internal_value=0.0014174 0.0369041 -0.0115295 0.0251273 0.0669006 0.0185984 -0.0161519 0.0272174 0.0457678 0.0788353 0.0479958 0.0231466 0.0425455 -0.00375469 0.0185952 0.00906689 0.0594005 0.056153 0.0924499 0.0377469 0.0739598 0.0793055 0.005827
internal_weight=622.924 165.526 457.398 121.5 44.0261 97.3369 373.912 65.9276 24.929 8.10748 24.1628 16.8216 10.6394 80.2051 18.1971 83.486 8.28839 21.372 5.53507 11.6469 38.3863 34.8221 80.4078
internal_count=42829 6049 36780 5086 963 4190 32248 2436 863 269 896 594 371 6197 1243 4532 287 785 197 795 809 717 4415
is_linear=0
shrinkage=0.03


Tree=16
num_leaves=24
num_cat=0
split_feature=45 75 145 51 62 143 75 47 48 112 22 131 134 13 131 0 3 116 114 47 60 108 39
split_gain=292.52 55.018 53.8332 21.8127 21.1964 17.5781 17.1079 15.8652 13.9146 15.034 13.1742 12.4671 12.311 13.7413 11.8338 12.5062 11.8161 12.448 11.9878 16.8141 10.5523 10.4483 12.5383
threshold=0.18275000000000002 1.0000000180025095e-35 2.5000000000000004 0.38335000000000002 1.0000000180025095e-35 1.5000000000000002 1.0000000180025095e-35 71.705000000000013 1.2405000000000002 9.5000000000000018 640.50000000000011 0.28730158730158734 14072.145000000002 0.10615000000000001 0.18301435406698566 52.500000000000007 1.0000000180025095e-35 0.30151515151515157 8.5000000000000018 104.91500000000001 0.74565000000000015 22.500000000000004 0.16995000000000002
decision_type=2 2 2 2 2 2 2 2 2 2 10 8 2 2 10 2 2 8 2 2 2 8 2
left_child=2 3 -1 8 5 10 11 -5 12 -10 -3 21 -2 -14 -11 16 18 -18 19 -16 -17 -4 -23
right_child=1 4 6 7 -6 -7 -8 -9 9 14 -12 -13 13 -15 15 20 17 -19 -20 -21 -22 22 -24
leaf_value=-0.017120625309566147 0.017478766613761274 0.049973759238014712 -0.007480988174490639 0.059888793105884047 0.08991715855765553 0.070010479288056635 0.056446159537506875 0.0031280929025229542 -0.001489489289437015 -0.0073117521495957554 0.0030641002948442195 -0.004416980241229827 0.029846295450047786 -0.020158451170253201 0.098294510448053554 0.039703448878805989 0.042848987961915677 -0.015633438234601827 0.020265145736729055 -0.010549241011971463 -0.015039860939077148 0.007209140534414021 0.051644864058797577
leaf_weight=360.84578435774893 32.191730597987771 7.2063031578436521 8.4316344270482677 18.407582322135571 15.079902871511875 11.230331512168048 4.5473795458674422 5.953818284906446 12.355353832244871 4.4207473574206224 13.677735799923537 45.065800881013274 4.4517378034070161 20.540179218165576 8.440483162179591 3.5347022581845504 6.5607404606416795 3.966616236604751 5.0571255059912792 1.0413275444880117 5.6868291469290853 12.322330144234003 10.052113725803791
leaf_count=31777 1493 187 452 582 216 225 174 227 566 192 379 2522 203 923 333 129 276 155 216 47 262 689 544
internal_value=0.000957733 0.0330002 -0.0121887 0.0225052 0.0603759 0.042046 0.00981965 0.0473065 0.0161667 0.02726 0.0222038 0.00564715 0.00567411 -0.00969974 0.0360588 0.0417454 0.0521206 0.0218354 0.0687573 0.0865855 0.00928019 0.0197415 0.0297722
internal_weight=621.068 179.803 441.265 132.609 47.1943 32.1144 80.4193 24.3614 108.248 51.0639 20.884 75.8719 57.1836 24.9919 38.7086 34.2878 25.0663 10.5274 14.5389 9.48181 9.22153 30.8061 22.3744
internal_count=42769 6611 36158 5604 1007 791 4381 809 4795 2176 566 4207 2619 1126 1610 1418 1027 431 596 380 391 1685 1233
is_linear=0
shrinkage=0.03


Tree=17
num_leaves=24
num_cat=0
split_feature=145 63 75 51 59 77 78 43 136 11 51 9 134 64 40 67 42 38 38 2 66 122 42
split_gain=189.141 72.3865 68.2421 27.1932 24.6175 25.1606 17.1051 17.0948 16.9325 14.8098 18.0523 14.6966 16.0665 13.5957 17.9021 16.4035 13.5139 13.4803 12.0041 14.3912 11.4446 13.1696 10.7648
threshold=2.5000000000000004 1.0000000180025095e-35 1.0000000180025095e-35 0.39385000000000003 1.0000000180025095e-35 2.5000000000000004 0.46080000000000004 0.026235000000000005 4519.8650000000007 40535.000000000007 0.13665000000000002 35150.000000000007 25859.940000000002 1.0000000180025095e-35 0.27065000000000006 0.23497906942463892 0.0098500000000000029 0.11545000000000001 0.32775000000000004 32.500000000000007 0.38291730360596526 2296.4650000000006 -0.10614999999999998
decision_type=2 2 2 2 10 2 2 2 2 2 2 2 2 2 2 2 2 2 2 2 2 2 2
left_child=1 6 3 13 5 -3 16 -6 -5 10 -4 -9 17 -2 15 -15 -1 -13 19 -7 21 -8 -10
right_child=2 4 9 8 7 18 20 11 22 -11 -12 12 -14 14 -16 -17 -18 -19 -20 -21 -22 -23 -24
leaf_value=-0.022497477407668436 0.0089065228035013558 -0.0040853538722211884 0.002032203743068331 0.0084136444985970105 0.0061327311594008222 -0.00092115833228661635 -0.010390310475863817 -5.2212511194852522e-05 0.0022059359477168048 0.093670461720746237 0.061476131727069977 -0.0014150188750192336 0.0069670325325464737 0.098133978524209894 0.010832060835431449 -0.01107910838809449 -0.010328079418802949 0.10761756420752136 -0.0075551684899777738 0.074455689990135035 -0.0091195646119093116 0.051388158082714741 0.0878310110708279
leaf_weight=177.86063514836133 108.25450561568141 52.358717614784837 6.8373847492039266 5.6256797993555656 8.5525556001812237 3.0464646248146874 4.0055101327598113 2.8764228625223032 1.655158570036291 11.760706584900616 12.97730886377394 1.1065240623429398 2.7989942962303758 3.5764450384303919 10.185907575301824 1.1105100996792314 162.46184877492487 6.2165673449635506 3.1260763229802242 6.5187534103170037 13.456391946412621 6.4288147436454892 7.5580022605136028
leaf_count=16189 5101 3582 145 184 397 124 268 124 56 201 216 54 130 122 354 45 13319 242 95 212 900 401 190
internal_value=0.000960088 -0.00920606 0.0277842 0.0181363 0.0151981 0.00550064 -0.0150601 0.0415161 0.0541434 0.0663485 0.0430309 0.0608748 0.0753407 0.0130008 0.0382138 0.0766832 -0.0167824 0.0943733 0.0402206 0.0544409 0.00887525 0.029816 0.0755855
internal_weight=620.356 450.814 169.542 137.966 86.6011 65.05 364.213 21.5511 14.8388 31.5754 19.8147 12.9985 10.1221 123.127 14.8729 4.68696 340.322 7.32309 12.6913 9.56522 23.8907 10.4343 9.21316
internal_count=42651 36037 6614 6052 4960 4013 31077 947 430 562 361 550 426 5622 521 167 29508 296 431 336 1569 669 246
is_linear=0
shrinkage=0.03


Tree=18
num_leaves=24
num_cat=1
split_feature=75 145 77 77 59 15 35 143 123 46 35 35 111 68 48 35 19 13 34 130 9 97 61
split_gain=197.493 105.525 41.5725 35.5107 30.4812 17.2372 16.4477 15.3176 15.9717 15.1883 15.1564 13.414 18.2538 16.2655 13.8693 12.7552 14.856 12.6863 15.0485 12.3975 12.3189 11.9435 12.3357
threshold=1.0000000180025095e-35 1.0000000180025095e-35 1.0000000180025095e-35 2.5000000000000004 1.0000000180025095e-35 1.0000000180025095e-35 0.062550000000000008 1.0000000180025095e-35 10881.750000000002 0.83950000000000002 0.43085000000000007 0.16445000000000001 3.5000000000000004 1.9373590748410825 1.6055000000000004 0.29895000000000005 24.500000000000004 0.5101500000000001 1382.5200000000002 -1532.9949999999999 79450.000000000015 0 66.500000000000014
decision_type=2 2 2 2 10 2 2 2 2 2 2 2 2 2 2 2 2 2 2 2 2 1 2
left_child=1 10 11 5 7 21 -7 8 -4 20 -1 -3 14 19 -13 17 -17 18 -9 -14 -6 22 -2
right_child=3 2 4 -5 9 6 -8 15 -10 -11 -12 12 13 -15 -16 16 -18 -19 -20 -21 -22 -23 -24
leaf_value=-0.017212530467282699 0.0091475930289968126 -0.010046948741880831 -0.0070734817555928309 0.087836600026111669 0.11678765561532133 -0.0091071231447246003 0.071846034403497336 0.040148459804444502 0.028783207440691256 0.027990041999203144 0.014611396644247451 -0.0067855771772587139 0.088019420047550589 -0.012923417311340724 0.036125260640279495 0.081452665530366675 0.0030086896210534918 -0.018644917687888996 -0.0082340644724752388 0.014458767301420934 0.028015405456370955 0.00921653277288941 0.069092991002106044
leaf_weight=305.7105925232172 6.1540973279625177 68.522230426780879 34.68785304389894 15.034508287906645 3.6841421704739359 2.1662663305178276 13.049940519034861 17.858270005323 14.131166792474685 12.696249037049709 12.626662162132559 39.61488838493824 3.8230629712343207 3.1488895248621693 6.0982098579406729 5.4492134731262905 3.2913008462637663 5.522058048285543 7.323997667990624 4.6662897868081918 4.0957959499210119 26.007282289676368 6.0549809131771326
leaf_count=26740 213 4793 1891 197 128 89 392 796 770 424 831 2418 201 177 316 159 97 266 330 242 130 977 170
internal_value=0.00135352 -0.00465815 0.0105561 0.0486589 0.0239633 0.034864 0.060602 0.0155957 0.00402991 0.0554348 -0.0158669 -0.00121977 0.00930993 0.0397696 0.000213126 0.029025 0.0579747 0.0177425 0.0265064 0.0580521 0.0853394 0.022112 0.0444176
internal_weight=621.418 552.951 234.614 68.4671 108.74 53.4326 15.2162 88.2639 48.819 20.4762 318.337 125.874 57.3513 11.6382 45.7131 39.4448 8.74051 30.7043 25.1823 8.48935 7.77994 38.2164 12.2091
internal_count=42747 40709 13138 2038 4991 1841 481 4309 2661 682 27571 8147 3354 620 2734 1648 256 1392 1126 443 258 1360 383
cat_boundaries=0 1
cat_threshold=2
is_linear=0
shrinkage=0.03


Tree=19
num_leaves=24
num_cat=2
split_feature=45 95 145 45 51 58 77 7 74 98 60 143 131 25 137 18 7 46 61 3 61 105 116
split_gain=255.453 49.2326 42.0787 29.444 21.1799 16.0804 15.5348 14.368 13.9021 13.1137 11.8464 11.5467 12.6431 12.3468 11.5099 11.4563 10.8048 13.9947 13.3479 12.9901 16.5221 12.8612 11.0331
threshold=0.18275000000000002 0 1.0000000180025095e-35 0.59265000000000012 0.36085000000000006 1.0000000180025095e-35 2.5000000000000004 0.38250000000000006 0.076553594410737294 1 0.94275000000000009 1.0000000180025095e-35 0.18834459459459463 6285.0000000000009 1.5410956374922755 38.500000000000007 0.13250000000000003 0.98850000000000005 202.50000000000003 1.0000000180025095e-35 72.500000000000014 25.500000000000004 0.31142241379310348
decision_type=2 9 2 2 2 2 2 8 2 1 2 2 10 2 10 2 10 2 2 2 2 10 10
left_child=2 3 -1 4 8 -3 11 10 9 -2 -5 -4 13 -13 -6 16 18 22 19 20 21 -10 -18
right_child=1 5 6 7 14 -7 -8 -9 15 -11 -12 12 -14 -15 -16 -17 17 -19 -20 -21 -22 -23 -24
leaf_value=-0.018810302049124438 -0.0064219498159222236 0.030816602087412867 -0.0079101309211685907 0.073171823556117399 0.051849881645395578 0.12183476775645363 0.055616000095353661 0.00044739181151524687 -0.0045472762113865257 0.023259393690619669 0.0020530323160546982 0.057227066123495866 0.0025522989196439939 -0.0076052134714951073 0.0089515905901424685 -0.0091720161909694085 0.011087719525030208 -0.0046942647548182271 -0.012122997096803315 0.016196247606375822 0.10368109163485 0.0606437736152248 0.059000025770230211
leaf_weight=279.24662891589105 39.673098920844495 4.7434989493340236 84.606425756588578 17.213341978378601 23.221607823856178 4.958942336961627 2.5298728747293344 3.6304787062108508 4.8165589533746296 17.794103787280619 2.4997396524995557 6.2127232737839204 52.359061596915126 3.2734285918995738 8.4794250922277552 7.661957034841179 11.511276051402094 16.306067953817546 2.818962736055254 8.8036607354879362 4.8983612749725571 3.5816003698855639 6.3277997793629757
leaf_count=25966 1782 114 6350 281 692 57 106 77 196 637 54 371 3150 195 288 320 450 670 106 353 173 149 229
internal_value=0.000837639 0.0297134 -0.0119817 0.0254794 0.020268 0.0902079 0.000897397 0.0559366 0.0142531 0.00324172 0.0651733 -0.000784384 0.00890631 0.0374263 0.0415876 0.0233663 0.0277494 0.0153607 0.0423223 0.0496968 0.0668598 0.0295718 0.0323175
internal_weight=617.169 188.94 428.228 179.238 155.894 9.70244 148.982 23.3436 124.193 57.4672 19.7131 146.452 61.8452 9.48615 31.701 66.7262 59.0643 34.1451 24.9191 22.1002 13.2965 8.39816 17.8391
internal_count=42766 6628 36138 6457 6045 171 10172 412 5065 2419 335 10066 3716 566 980 2646 2326 1349 977 871 518 345 679
cat_boundaries=0 1 2
cat_threshold=4 2
is_linear=0
shrinkage=0.03


Tree=20
num_leaves=24
num_cat=0
split_feature=45 146 75 58 43 145 76 48 75 47 34 125 39 29 48 6 106 73 22 64 13 29 69
split_gain=235.11 41.293 39.3546 18.0593 17.8958 16.4165 15.4507 14.2749 12.8101 12.1905 12.3392 13.9953 11.7126 17.1058 11.1662 10.8473 10.9472 11.0807 10.519 10.3203 11.3364 10.5205 13.3351
threshold=0.18275000000000002 0.72500000000000009 1.0000000180025095e-35 1.5000000000000002 0.033225000000000011 2.5000000000000004 1.0494500000000002 0.78450000000000009 1.0000000180025095e-35 71.705000000000013 326.90000000000003 7980.4900000000007 0.16285000000000002 0.84975000000000012 1.6155000000000002 0.73450000000000004 34.500000000000007 0.27376821651630817 719.50000000000011 1.0000000180025095e-35 0.34265000000000007 0.15675000000000003 -0.0032193173435054062
decision_type=2 2 2 2 2 2 2 2 2 2 2 2 2 2 2 8 8 2 10 2 2 2 2
left_child=1 8 3 5 -5 -2 -4 -8 14 10 -7 15 13 -3 -1 -12 17 -17 -16 21 -21 22 -14
right_child=2 12 6 4 -6 9 7 -9 -10 -11 11 -13 19 -15 18 16 -18 -19 -20 20 -22 -23 -24
leaf_value=-0.018755005910890316 0.0049097080569965607 -0.0097400978739960366 0.017114120906226375 0.011785210925182518 0.074412173883443372 -0.0046415842184640696 -0.0019408621162635567 0.063416374440612877 0.014084312180715189 0.00096013777883302022 0.0044993675112765729 0.012529405191968209 -0.012234020299260039 0.049881933927237811 -0.011039349602070699 -0.00036504300403930406 -0.0060507419108875955 0.074165562050679715 0.026536969917731738 0.088295141585045075 -0.010050899894990306 -0.0029629141798082161 0.041749751323210474
leaf_weight=303.8804507991299 68.868143944069743 38.317982232198119 12.578683719038962 8.3883358016610163 8.1733786612749082 5.9827943388372651 3.1274634450674048 37.75600900221616 10.827075145207344 13.00839865580201 3.922742914408448 13.081641605123876 4.5901502966880825 2.8601965382695189 18.237647617235783 1.9638686757534802 1.6774954721331585 16.745834533125162 8.0335659533739072 1.5406577344983809 0.97502168919891108 18.656062945723534 13.34864266682416
leaf_count=28508 3618 2086 272 193 167 188 74 646 837 435 115 385 238 153 1651 63 57 472 736 72 48 994 683
internal_value=0.00107647 -0.0115337 0.0281216 0.0193791 0.0473799 0.0149901 0.0497769 0.0585594 -0.0160747 0.0267128 0.0340535 0.0401662 0.00767337 -0.00348012 -0.0171426 0.0529551 0.0610437 0.0670627 0.00151567 0.0190145 0.0626088 0.0129286 0.0280949
internal_weight=616.542 421.267 195.275 141.813 16.5617 125.251 53.4622 40.8835 340.979 56.3828 43.3744 37.3916 80.2887 41.1782 330.152 24.3099 20.3872 18.7097 26.2712 39.1105 2.51568 36.5949 17.9388
internal_count=42691 36006 6685 5693 360 5333 992 720 31732 1715 1280 1092 4274 2239 30895 707 592 535 2387 2035 120 1915 921
is_linear=0
shrinkage=0.03


Tree=21
num_leaves=24
num_cat=1
split_feature=45 145 45 145 48 112 44 20 128 61 133 45 98 125 39 6 43 60 133 44 41 39 47
split_gain=221.481 40.8968 35.3815 23.2969 15.3169 14.1772 13.3387 13.9195 14.7604 12.48 11.853 13.3962 11.6812 10.9147 10.6336 16.809 10.3351 13.5273 11.4318 11.5312 10.1719 10.1073 12.3088
threshold=0.18595000000000003 1.0000000180025095e-35 0.59265000000000012 1.0000000180025095e-35 1.1095000000000004 11.500000000000002 0.040935000000000006 1.0000000180025095e-35 8723.7250000000022 29.500000000000004 0.59545454545454557 0.33435000000000004 0 5372.6750000000011 0.21585000000000001 0.7835000000000002 0.015245000000000002 0.92385000000000017 0.63068181818181823 0.053975000000000002 2.4585000000000004 0.33785000000000004 104.91500000000001
decision_type=2 2 2 2 2 2 2 2 2 2 10 2 1 2 2 10 2 2 10 2 2 2 2
left_child=1 -1 3 10 -4 9 -3 8 12 -5 -2 13 -8 -12 -11 -16 -7 18 19 -18 -10 22 -21
right_child=2 6 4 5 -6 16 7 -9 20 14 11 -13 -14 -15 15 -17 17 -19 -20 21 -22 -23 -24
leaf_value=-0.018236074684834871 -0.0014136712177823787 -0.011240037824097179 0.020792828853004122 -0.0056215705466660642 0.07240454649426406 0.01208468430737587 0.055279481527709118 0.042069426920920486 0.052013068908746324 0.0098839836804212686 0.086062975216399121 -0.015573115906286624 -0.0035749692384617593 -0.0040363532496796653 0.079970466992722214 0.0085440872232740248 0.024667832237228449 0.0095076170540886514 -0.0095381972602142893 0.072862040241825188 0.0027414569104703577 -0.0010313364844241064 0.0021984998959662014
leaf_weight=271.09573238901794 46.013420091941953 49.485955162905157 9.737675813026728 16.76743362378329 18.637167016975582 14.490791043266652 1.1556067764759064 7.519221822731196 6.734522167593239 18.274331990629438 2.3788678068667646 1.9976282576099036 78.211999582126737 1.4344323957338927 4.7351076267659646 6.266467816196382 14.011748009361325 10.48731042165309 2.2439687568694344 26.079528649337597 7.0497000804170966 2.0275493841618291 2.5464213564991942
leaf_count=26057 2276 3508 168 560 267 425 53 501 441 554 125 76 5287 82 135 192 414 336 67 685 476 60 89
internal_value=0.00097835 -0.011321 0.0269803 0.0213168 0.0572278 0.0285866 0.0012393 0.00747311 0.00385493 0.0146561 0.00432639 0.0385025 -0.00138034 0.0624423 0.0258867 0.0468589 0.0368707 0.0425108 0.0491987 0.0524319 0.0303543 0.0628347 0.0671302
internal_weight=619.383 421.253 198.13 169.755 28.3748 117.931 150.157 100.671 93.1518 46.0433 51.8243 5.81093 79.3676 3.8133 29.2759 11.0016 71.8873 57.3965 46.9092 44.6652 13.7842 30.6535 28.626
internal_count=42834 36323 6511 6076 435 3517 10266 6758 6257 1441 2559 283 5340 207 881 327 2076 1651 1315 1248 917 834 774
cat_boundaries=0 1
cat_threshold=1
is_linear=0
shrinkage=0.03


Tree=22
num_leaves=24
num_cat=2
split_feature=45 145 58 95 47 51 108 62 44 98 45 47 63 145 51 39 75 108 39 131 60 43 27
split_gain=192.951 45.6606 34.613 32.425 18.4064 17.0818 16.4356 14.9851 15.4227 14.3341 13.6686 12.958 12.9205 12.6027 12.5624 12.4588 11.9264 13.8331 11.8981 12.5017 13.1974 16.3673 13.9792
threshold=0.18275000000000002 2.5000000000000004 1.0000000180025095e-35 0 19.135000000000002 0.34275000000000005 28.500000000000004 1.0000000180025095e-35 0.046925000000000008 1 0.086450000000000013 71.27500000000002 1.0000000180025095e-35 2.5000000000000004 0.17025000000000004 0.10435000000000001 1.0000000180025095e-35 11.500000000000002 0.16805000000000003 0.30495169082125612 0.85385000000000011 0.031865000000000011 1.0000000180025095e-35
decision_type=2 2 2 9 2 2 8 2 2 1 2 2 2 2 2 2 2 10 2 8 2 2 2
left_child=1 10 4 5 -2 7 -7 -4 -9 13 -1 -11 -12 -6 -15 -16 18 -18 -3 20 21 -20 -23
right_child=2 16 3 -5 9 6 -8 8 -10 11 12 -13 -14 14 15 -17 17 -19 19 -21 -22 22 -24
leaf_value=-0.020285023142447432 0.047185572794058654 -0.0066822443146959606 0.011307506682703642 0.10206305012766914 -0.0081210966463102878 0.084760991045592371 0.018012393325940283 -0.0092401099222564221 0.058018094919264206 0.034537122232048641 -0.012211155328602695 -0.0059438566254771709 0.01666453830147456 -0.0082139660623151978 -0.010263613816799293 0.038827726058943163 0.0046501839032335596 0.091113459180630046 0.0077459491947842445 -0.00033764284485900424 0.0044855151831442279 0.11070872568244605 -0.0018218585627413333
leaf_weight=258.41346766240895 11.369663340039549 41.979162615723908 37.917237674817443 5.2616138514131299 44.509565617889166 7.9584173168987009 7.0160236470401296 3.2212084587663439 13.168984706513582 27.010325910523534 55.931314457207918 8.7300752960145456 16.485058636404574 12.353413164615629 5.1626143064349916 17.580074965953827 3.9450045172125092 1.207782434299588 4.2851616740226763 19.843316529877484 8.2807953963056189 2.8901269268244505 1.1666762167587874
leaf_count=25645 374 2332 1236 50 2243 143 158 56 221 856 4954 324 1184 395 132 443 133 34 217 1067 415 144 58
internal_value=-0.000391496 -0.0120856 0.0235707 0.0395961 0.0136746 0.0321215 0.0592942 0.0227891 0.0452323 0.00962353 -0.0170714 0.0248581 -0.00536661 0.0023421 0.0153341 0.0277551 0.0075828 0.0447263 0.00409166 0.016197 0.0338516 0.0564975 0.0884312
internal_weight=615.687 414.428 201.259 74.5435 126.716 69.2819 14.9744 54.3074 16.3902 115.346 330.83 35.7404 72.4164 79.6057 35.0961 22.7427 83.598 5.15279 78.4452 36.4661 16.6228 8.34196 4.0568
internal_count=42814 36183 6631 1864 4767 1814 301 1513 277 4393 31783 1180 6138 3213 970 575 4400 167 4233 1901 834 419 202
cat_boundaries=0 1 2
cat_threshold=4 2
is_linear=0
shrinkage=0.03


Tree=23
num_leaves=24
num_cat=2
split_feature=145 63 58 78 95 78 60 98 42 66 42 40 77 109 141 129 134 66 30 143 76 43 121
split_gain=142.935 57.9973 33.6189 25.1827 25.0376 23.1912 21.3799 20.833 16.6599 16.0601 14.7864 13.3753 13.0907 12.4738 12.3937 11.9809 12.4211 12.8264 12.1885 11.5365 11.0415 10.8805 10.1034
threshold=1.0000000180025095e-35 1.0000000180025095e-35 1.0000000180025095e-35 0.22587500000000002 0 0.32398500000000002 0.77075000000000016 1 0.24765000000000001 0.64410456135364547 0.57185000000000008 0.50575000000000014 1.0000000180025095e-35 3.5000000000000004 3576.9900000000002 -1176.9949999999997 52658.655000000006 0.25653202331974068 0.71835000000000016 1.0000000180025095e-35 1.3570000000000002 0.0098050000000000012 482.81500000000005
decision_type=2 2 2 2 9 2 2 1 2 2 2 2 2 2 2 2 2 2 10 2 2 2 2
left_child=2 3 12 10 7 -4 8 -3 9 -5 -2 14 -1 -8 21 16 17 -15 22 20 -9 -10 -19
right_child=1 4 5 6 -6 -7 13 19 11 -11 -12 -13 -14 15 -16 -17 -18 18 -20 -21 -22 -23 -24
leaf_value=-0.021108732253631211 -0.011284162969291297 0.05805599188483019 -0.0046078590250256575 -0.0065026801253751402 0.075405118155724288 0.045237288816038154 -0.0064197037022950187 0.0010281933590935647 -0.0040027905407010846 0.062315331107021615 0.017415115535797478 -0.0058436919867082878 -0.0072531635401887435 -0.014083637006250855 0.00084439537489360505 0.0026530533075162606 -0.016109056513224824 0.084638421845924211 -0.011887223545048646 0.032084599377038996 0.044285761469366053 0.077946335401966396 0.0020500760565415519
leaf_weight=193.35874225478619 74.48141226451844 15.113231651484966 20.964387433603406 12.883521969430147 10.383400781080125 11.665668575093148 35.037337262183428 33.798077697865665 1.4067059280350864 1.8842064328491677 18.592353275045753 2.8151037748903027 93.72256703209132 1.6853170795366157 2.7465220000594845 19.543363017961383 2.2016134308651081 6.8356373524293286 1.2357235401868809 34.336019687354565 4.3234012154862276 12.857010419480501 1.689012052491307
leaf_count=18934 5184 276 1392 706 205 476 1994 1246 61 103 994 99 7858 82 102 995 120 322 56 895 120 479 78
internal_value=0.000458365 0.0155074 -0.0133837 0.005952 0.0341153 0.0147959 0.0160491 0.0276451 0.0345843 0.00866324 -0.00530546 0.0513295 -0.0166668 0.00593401 0.0604107 0.0185987 0.0381757 0.0494605 0.0609618 0.019913 0.00789712 0.070366 0.0717741
internal_weight=613.56 293.849 319.711 195.895 97.9541 32.6301 102.821 87.5707 34.5931 14.7677 93.0738 19.8253 287.081 68.228 17.0102 33.1907 13.6473 11.4457 9.76037 72.4575 38.1215 14.2637 8.52465
internal_count=42777 14117 28660 11375 2742 1868 5197 2537 1550 809 6178 741 26792 3647 642 1653 658 538 456 2261 1366 540 400
cat_boundaries=0 1 2
cat_threshold=4 1
is_linear=0
shrinkage=0.03


Tree=24
num_leaves=24
num_cat=0
split_feature=45 145 63 13 45 60 47 33 48 44 11 23 60 141 33 38 35 112 48 123 75 6 48
split_gain=177.824 33.0749 31.0018 17.599 13.9696 13.9377 13.0531 11.7842 11.7578 11.68 16.2383 16.7451 14.3513 12.4865 11.1633 15.4077 13.8488 11.1508 10.6923 13.3495 12.3631 11.4562 14.773
threshold=0.18275000000000002 1.0000000180025095e-35 1.0000000180025095e-35 0.17055000000000003 0.091150000000000023 0.74565000000000015 101.69500000000001 25908.825000000001 1.0715000000000001 0.040935000000000006 82220.000000000015 67.750000000000014 0.6634500000000001 5761.3050000000012 72341.445000000022 0.15235000000000001 0.12565000000000001 19.500000000000004 1.2355000000000003 1245.2050000000002 1.0000000180025095e-35 0.59850000000000014 1.9435000000000002
decision_type=2 2 2 2 2 2 2 2 2 2 2 2 2 2 2 2 2 2 2 2 2 10 2
left_child=1 4 3 6 -1 8 7 -2 -5 -3 12 13 -11 17 15 -10 -17 -12 20 -20 -4 -21 -23
right_child=2 9 18 5 -6 -7 -8 -9 14 10 11 -13 -14 -15 -16 16 -18 -19 19 21 -22 22 -24
leaf_value=-0.020719310328396801 -0.0030912111620363296 -0.01169362730031283 0.0089167888454478768 -0.0052617952808668485 -0.0022034992608721588 -0.0047563272815919298 -0.018273780662470037 0.049140196111180513 -0.0074921045285277011 0.031424220010199136 0.095057175719170744 0.0016756955721105732 -0.0036319473508251033 -0.010937618399331109 -0.0042521212778747295 0.0015366736451996369 0.080202320939915986 -0.0083608337984694206 -0.0090402045296298032 0.010142172026470367 0.038478292479079142 0.062782514505442338 0.013171194318677765
leaf_weight=211.10597779601812 4.5308116637170377 47.559180863201618 28.353946723975241 9.7398488167673367 44.911912788636982 54.25088339112699 2.9317096890881649 18.22947736736387 3.183742722496393 10.119329375214873 3.9780247947201115 7.3528726696968079 77.249903009273112 1.1148378448560832 4.7708668494597068 2.6837339121848327 7.1566339218989015 0.75209395401179779 3.3191504357382646 7.2314197868108741 23.753374530002475 32.946027029305696 7.8595357052981845
leaf_count=21983 202 3447 799 397 3955 2436 140 749 125 653 247 504 5233 70 176 118 222 48 71 146 335 591 152
internal_value=0.000617358 -0.0110267 0.0228204 0.0112206 -0.0175134 0.00411326 0.0319143 0.0393328 0.0207274 0.000268643 0.00604343 0.034666 0.00104073 0.0651598 0.0340467 0.0467744 0.0626316 0.0810156 0.0344291 0.0444073 0.0233167 0.048314 0.0542888
internal_weight=615.085 404.144 210.941 107.478 256.018 81.7857 25.692 22.7603 27.5348 148.126 100.567 13.1978 87.3692 5.84496 17.795 13.0241 9.84037 4.73012 103.463 51.3561 52.1073 48.037 40.8056
internal_count=42799 36140 6659 4565 25938 3474 1091 951 1038 10202 6755 869 5886 365 641 465 340 295 2094 960 1134 889 743
is_linear=0
shrinkage=0.03


Tree=25
num_leaves=24
num_cat=0
split_feature=145 62 48 77 56 124 51 50 30 66 105 141 43 35 59 105 116 48 13 108 22 9 73
split_gain=122.25 55.1298 29.2097 28.8901 17.9121 16.9288 20.1841 16.1358 14.0749 13.2211 13.0414 17.1698 15.5824 15.198 12.6813 14.8855 12.6156 12.5235 19.1689 11.9922 11.0696 11.2224 11.0558
threshold=1.0000000180025095e-35 1.0000000180025095e-35 1.2355000000000003 1.0000000180025095e-35 1.0000000180025095e-35 9546.4300000000021 0.22705000000000003 2.5000000000000004 0.48520000000000002 0.45367642442620476 6.5000000000000009 228.87000000000003 0.039505000000000005 0.23135000000000003 1.0000000180025095e-35 7.5000000000000009 0.30151515151515157 1.5835000000000001 0.30245000000000005 10.500000000000002 699.50000000000011 18350.000000000004 0.88654970760233931
decision_type=2 2 2 2 2 2 2 2 10 2 10 2 2 2 10 8 8 2 2 10 10 2 2
left_child=3 2 4 -1 19 10 -7 14 -8 -6 11 -4 -12 -14 15 -5 22 -9 -19 -2 21 -13 -3
right_child=1 16 5 7 9 6 8 17 -10 -11 12 20 13 -15 -16 -17 -18 18 -20 -21 -22 -23 -24
leaf_value=-0.018802964401333871 -0.0052117001067780652 0.073746089462544545 -0.0091712079027560858 0.042005601017094121 0.068467940638496719 0.014988276852246818 0.10951211357689206 0.005044855282765927 -0.0019486150915867995 -0.0097834139152186885 0.011411472293193659 -0.013919803508865373 0.016119882783355265 0.07309327292560612 0.021118072551242505 -0.017667295707827907 0.020154671673371243 0.079769793719262516 -0.00072779611065672495 0.014097273542514596 -0.0055571384407561916 0.058206272415850559 0.025139623063554672
leaf_weight=198.60184427257627 119.93110782187432 16.217754930257801 28.197519538924098 2.1444037361070505 3.9702470563352099 7.7830120017752034 3.7651456417515874 37.30070074275136 1.1549084484577177 2.2186399959027767 26.02880566380918 1.5886549958959202 9.4375835517421383 8.5803622864186746 8.9466514438390714 56.875682602636516 14.250705356709657 3.7017321353778225 4.9274452412500978 35.964351848699152 5.1341763548552981 7.7262305244803429 9.2962490832433087
leaf_count=19969 6969 319 1417 174 82 388 141 2439 43 62 1061 67 453 255 533 5150 252 202 231 1877 247 343 185
internal_value=0.00115704 0.0147445 0.0095499 -0.0119516 0.00162857 0.0221802 0.0524949 0.00011335 0.0903469 0.0448776 0.0166547 0.00447024 0.0277452 0.0478434 -0.00907451 -0.0141935 0.0468098 0.0135208 0.042316 -0.000635069 0.02897 0.045619 0.0591507
internal_weight=613.744 301.245 261.481 312.498 162.084 99.3964 12.7031 113.897 4.92005 6.18889 86.6933 42.6466 44.0468 18.0179 67.9667 59.0201 39.7647 45.9299 8.62918 155.895 14.4491 9.31489 25.514
internal_count=42859 14161 13405 28698 8990 4415 572 8729 184 144 3843 2074 1769 708 5857 5324 756 2872 433 8846 657 410 504
is_linear=0
shrinkage=0.03


Tree=26
num_leaves=24
num_cat=0
split_feature=45 145 63 45 143 103 0 14 39 39 40 128 63 42 2 24 10 10 9 78 0 136 106
split_gain=178.513 43.0922 23.1115 16.961 14.9796 13.8468 14.0765 11.9191 11.8993 15.4785 11.5232 12.8733 11.0399 10.254 15.5118 9.90889 10.113 10.364 10.7862 9.86361 10.2051 9.81337 11.9229
threshold=0.18275000000000002 2.5000000000000004 1.0000000180025095e-35 0.086450000000000013 1.5000000000000002 240.15500000000003 22.500000000000004 1.5000000000000002 0.14395000000000002 0.26885000000000003 0.29935000000000006 -8063.1949999999988 1.0000000180025095e-35 0.8912500000000001 25.500000000000004 28715.000000000004 0.96100000000000008 0.29875000000000007 96750.000000000015 0.20405500000000004 57.500000000000007 2905.3700000000003 8.5000000000000018
decision_type=2 2 2 2 2 2 2 2 2 2 2 2 2 2 2 2 2 2 2 2 2 2 10
left_child=1 3 5 -1 -3 6 -2 -7 10 15 -6 -12 -5 -4 -15 16 17 -10 -19 -8 -21 -14 -23
right_child=2 4 13 12 8 7 19 -9 9 -11 11 -13 21 14 -16 -17 -18 18 -20 20 -22 22 -24
leaf_value=-0.018606294681887278 0.06965121628239157 -0.0028734505593456016 0.027200869647404768 -0.0084247609003093964 -0.021413883410236884 0.046084268235650865 -0.010633366632279106 -0.0047396777445057317 0.002164701730270625 -0.0029755327009565193 0.061761772411526666 -0.0040565852262777801 -0.013211516976236496 0.0034634416527949126 0.060732556347067999 0.010460882608193162 -0.0044196653337903449 0.098374334064324123 0.0042314762882868619 0.016820448526904317 -0.013733292488769634 4.9027597692320079e-05 0.056981034725393107
leaf_weight=241.94776915758848 1.2934724139049638 43.552087514661252 76.471736645326018 54.159882808104157 7.8717444632202414 16.30236210022122 21.920094883069396 4.9202177934348574 1.694009367376571 6.6890217401087275 2.5556158563122162 5.9302714392542812 5.0129024712368873 5.4754586406052139 22.093688638880849 5.3149209683760992 1.4794568167999376 6.371680068783462 1.4736164733767507 56.197497793473303 10.265221036970614 5.897461215965448 5.5576444175094366
leaf_count=25580 46 2540 1614 4945 389 666 1078 199 80 292 114 278 360 101 328 240 72 270 66 2198 424 418 385
internal_value=0.00217905 -0.00977406 0.0240612 -0.0148572 0.00928327 0.014138 0.00856829 0.0349079 0.0222169 0.0352297 0.00205913 0.0237646 -0.00185542 0.0341723 0.050362 0.0494934 0.0638214 0.0733366 0.0851429 0.00615288 0.0118381 0.0183224 0.0320346
internal_weight=610.448 395.508 214.94 312.576 82.9324 110.899 89.6763 21.2226 39.3803 23.0227 16.3576 8.48589 70.6279 104.041 27.5691 16.3337 11.0188 9.53931 7.8453 88.3828 66.4627 16.468 11.4551
internal_count=42683 36029 6654 31688 4341 4611 3746 865 1801 1020 781 392 6108 2043 429 728 488 416 336 3700 2622 1163 803
is_linear=0
shrinkage=0.03


Tree=27
num_leaves=24
num_cat=0
split_feature=45 58 145 56 145 108 143 10 105 60 41 146 78 130 41 61 137 135 76 61 61 14 78
split_gain=156.764 33.7524 33.373 24.6327 19.9668 15.6811 13.2141 12.014 11.6005 11.4333 12.1864 11.1731 10.416 9.74747 11.7211 9.37292 8.95843 10.2951 13.2124 10.9704 11.1845 8.64659 9.33583
threshold=0.18595000000000003 1.5000000000000002 1.0000000180025095e-35 1.0000000180025095e-35 2.5000000000000004 3.5000000000000004 1.0000000180025095e-35 0.34075000000000005 3.5000000000000004 0.68915000000000015 2.3925000000000005 0.80000000000000016 0.65914000000000006 8542.6850000000031 2.3725000000000005 12.500000000000002 2.1283863712724105 1124.5150000000001 1.0688500000000001 109.50000000000001 12.500000000000002 2.5000000000000004 0.13732500000000003
decision_type=2 2 2 2 2 10 2 2 10 2 2 2 2 2 2 2 8 2 2 2 2 2 2
left_child=2 4 -1 6 12 16 13 -3 -9 10 -8 -12 15 -4 -15 -2 17 -6 -19 20 -20 22 -17
right_child=1 7 3 -5 5 -7 9 8 -10 -11 11 -13 -14 14 -16 21 -18 18 19 -21 -22 -23 -24
leaf_value=-0.017307090078418859 -0.012583528782277399 0.019767842638947927 -0.013238846924206368 0.069872823371901108 0.005434557448394526 0.042405865300391421 -0.0047601181279406284 0.026864492337877195 0.077137170428074608 0.002855092257843527 0.0068686465828688261 0.088145203768628305 0.053533078778147301 0.041809276908872636 -0.011948463502878788 -0.018964866898740666 -0.014344152316897974 -0.0017265619138506813 -0.001729510154818112 0.0089775258124730369 0.073099131217037136 -0.018177306135075608 0.016741817240625127
leaf_weight=245.23439449351281 22.695244261063635 13.274536184966562 73.081264612264931 2.4819243289530268 25.143726357258856 30.717301525175571 3.8523331480100733 9.9786899909377116 13.311365723609923 55.389364718459547 2.8391530448570848 2.5522692305967212 1.9115651259198774 5.0616341643035394 6.1567243523895741 5.7824835414066902 6.6047093085944644 7.0880620963871506 2.0356511995196369 6.0549862422049037 9.1260532140731794 7.5285522360354653 54.466105266474187
leaf_count=26018 1054 198 5655 99 599 646 229 144 165 3256 189 107 52 350 461 299 170 183 37 123 194 328 2273
internal_value=0.000668975 0.0211394 -0.0105142 0.000570024 0.0154434 0.0256216 -0.00149546 0.0468 0.0594256 0.00856171 0.036166 0.0587842 0.00554324 -0.00922609 0.0149626 0.00339339 0.0152797 0.0196403 0.0328058 0.0457227 0.061263 0.00895061 0.0128156
internal_weight=612.368 215.719 396.649 151.415 179.154 86.7705 148.933 36.5646 23.2901 64.6331 9.24376 5.39142 92.384 84.2996 11.2184 90.4724 56.0532 49.4485 24.3048 17.2167 11.1617 67.7771 60.2486
internal_count=42829 6465 36364 10346 5958 1952 10247 507 309 3781 525 296 4006 6466 811 3954 1306 1136 537 354 231 2900 2572
is_linear=0
shrinkage=0.03


Tree=28
num_leaves=24
num_cat=0
split_feature=58 77 53 144 75 51 44 76 78 60 47 111 39 13 78 74 56 0 73 70 129 124 128
split_gain=102.056 32.1555 31.6739 18.7059 15.0823 22.5432 14.5615 14.2702 13.7231 16.7024 12.2118 11.918 18.5073 11.7249 10.8619 12.51 11.8482 10.4505 10.1538 9.99781 9.87603 12.8464 9.72336
threshold=1.0000000180025095e-35 1.0000000180025095e-35 1.0000000180025095e-35 0.67500000000000016 1.5000000000000002 0.20225000000000001 0.038195000000000007 1.4374000000000002 0.22290500000000002 0.78265000000000007 53.415000000000006 3.5000000000000004 0.24385000000000004 0.55015000000000014 0.39210000000000006 0.056322167237660203 1.0000000180025095e-35 77.500000000000014 0.49620974636648624 0.77500000000000013 -4698.8349999999991 1828.0750000000003 14258.170000000002
decision_type=2 2 2 2 2 2 2 2 2 2 2 2 2 2 2 2 2 2 2 2 2 2 2
left_child=1 8 4 13 5 10 -7 -5 22 11 18 -10 -13 14 16 -16 17 -3 -2 -20 -8 -22 -1
right_child=2 3 -4 7 -6 6 20 -9 9 -11 -12 12 -14 -15 15 -17 -18 -19 19 -21 21 -23 -24
leaf_value=-0.019312833684155706 0.038474861511354541 0.0035511195319485726 0.080725893379150718 -0.0035631352163832488 0.056236775237528812 -0.0070973140791946296 0.002356501144410945 0.038143395080235724 0.002178998925412927 -0.011233031309850929 -0.014553129075660266 0.0047738718046841759 0.086329067613778537 -0.014372150102650381 -0.0011873269820541587 0.069720596571294105 0.057093081887816449 0.063350629205982001 -0.01220122336477749 0.029146080288919133 0.023273801146258113 0.065001546798943238 0.005565401450006357
leaf_weight=150.17264373600483 8.6447247136384266 33.593471284024417 7.2744162073358885 141.71211217343807 8.4973740410059673 6.6388804866001001 5.8895532600581637 5.7860168935731044 33.688230248168111 91.5003781626001 19.903711922466755 6.4737357869744283 2.3637486808001995 6.9378523444756857 2.9800464715808612 6.2707141926512122 3.4008429516106835 0.88449173420667548 13.653972686268391 5.9377267304807893 16.9825538918376 14.633972627110778 14.723311432637272
leaf_count=14541 306 1873 88 9486 78 276 174 280 2492 7531 1095 415 127 360 99 177 80 51 552 224 503 410 1423
internal_value=0.000645288 -0.00508769 0.0268086 0.00414938 0.0214218 0.0170913 0.0320795 -0.00143868 -0.0113025 -0.00408273 0.00261552 0.0111157 0.0384933 0.0189014 0.0241852 0.0507278 0.015484 0.00847446 0.0148797 0.00186905 0.0390224 0.045306 -0.0170514
internal_weight=608.544 500.488 108.057 201.566 100.782 92.2851 44.145 147.498 298.922 134.026 48.1401 42.5257 8.83748 54.0674 47.1296 9.25076 37.8788 34.478 28.2364 19.5917 37.5061 31.6165 164.896
internal_count=42641 38935 3706 12406 3618 3540 1363 9766 26529 10565 2177 3034 542 2640 2280 276 2004 1924 1082 776 1087 913 15964
is_linear=0
shrinkage=0.03


Tree=29
num_leaves=24
num_cat=1
split_feature=45 145 95 56 47 78 58 137 67 131 99 1 105 2 78 11 115 4 38 6 34 50 7
split_gain=139.018 38.0714 27.5026 16.8798 15.8869 16.839 14.212 11.741 11.4304 10.3684 10.1849 17.3851 11.5622 10.3376 9.9896 18.1383 10.6408 12.3542 9.91927 9.84814 9.53514 9.41471 9.40181
threshold=0.18275000000000002 1.0000000180025095e-35 0 1.0000000180025095e-35 19.135000000000002 0.44200000000000006 1.0000000180025095e-35 0.62831112988123061 0.14390884425553982 0.3133928571428572 1477.5800000000002 6.5500000000000007 150.50000000000003 73.500000000000014 0.36905000000000004 76435.000000000015 1.017241379310345 3.5000000000000004 0.23945000000000002 0.7915000000000002 625.12500000000011 1.5000000000000002 0.33250000000000007
decision_type=2 2 9 2 2 2 2 10 2 8 2 10 10 2 2 2 8 2 2 8 2 2 10
left_child=1 -1 4 9 5 7 14 -2 22 10 12 -12 -3 20 -6 16 17 19 -9 -16 -13 -11 -8
right_child=2 3 -4 -5 6 -7 8 18 -10 21 11 13 -14 -15 15 -17 -18 -19 -20 -21 -22 -23 -24
leaf_value=-0.017182179106817016 -0.012054436769166628 -0.0021080728287917053 0.059984228759525852 0.057834837744582736 0.00035591860259031412 0.080118934400424668 0.042890296867697776 0.0011892097984085768 0.012550728053343669 -0.018986132313794805 0.00075505804118010584 -0.0009949397897227551 0.042787137695556837 -0.0099429603209061912 0.032928063182724385 0.054948516067368808 -0.010331854581651369 0.051247083228651395 0.057845390741033981 -0.013229818705312335 0.09490172670502045 0.0018197112350373083 -0.005051224463326405
leaf_weight=236.15556180570275 5.5612217271700528 49.762765281833708 12.788099873811005 2.7498288862407199 72.9754767883569 5.1790507677942506 28.095355851575736 4.4866606546565873 39.733960452489555 32.032894862815738 8.5733036212623102 1.083974890410899 3.7418891526758662 0.96472404524683941 4.5345481708645829 7.6464358251541844 15.173547538928686 5.9709473373368374 5.7030065851286054 9.5446524517610669 3.2695017093792558 45.335088289342821 3.7446174547076216
leaf_count=25738 158 3433 158 104 2957 87 627 148 911 2379 565 76 247 64 125 204 495 161 152 282 212 3102 103
internal_value=0.00114522 -0.00976292 0.0199885 0.00218555 0.0169867 0.040878 0.0139152 0.0204019 0.0242691 0.000354748 0.0088201 0.029923 0.00246032 0.0638871 0.0072148 0.018354 0.00788448 0.021357 0.037187 0.00388305 0.0782275 -0.00705595 0.0372867
internal_weight=604.807 383.67 221.138 147.514 208.349 20.9299 187.42 15.7509 71.5739 144.764 67.3962 13.8915 53.5047 5.3182 115.846 42.8701 35.2237 20.0501 10.1897 14.0792 4.35348 77.368 31.84
internal_count=42488 35920 6568 10182 6410 545 5865 458 1641 10078 4597 917 3680 352 4224 1267 1063 568 300 407 288 5481 730
cat_boundaries=0 1
cat_threshold=4
is_linear=0
shrinkage=0.03


Tree=30
num_leaves=24
num_cat=1
split_feature=75 146 146 35 19 98 123 7 42 77 76 73 35 77 66 61 39 1 13 7 115 68 6
split_gain=93.909 60.2772 24.3663 19.7631 14.0506 13.6335 14.7658 13.9036 14.4721 13.0034 15.1546 16.6699 16.3622 11.979 14.4709 11.7468 11.5806 11.3937 11.902 14.8108 11.3493 10.8357 9.68004
threshold=1.0000000180025095e-35 0.72500000000000009 0.67500000000000016 0.32615000000000005 33.500000000000007 0 7575.5300000000016 0.23450000000000001 -0.086849999999999997 2.5000000000000004 1.4141500000000002 0.79669421487603309 0.081150000000000014 1.0000000180025095e-35 0.66493257222623836 182.50000000000003 0.16905000000000003 15.65 0.19615000000000002 0.31050000000000005 1.3084239130434785 1.1861083440170466 0.99250000000000005
decision_type=2 2 2 2 2 1 2 8 2 2 2 2 2 2 2 2 2 8 2 10 10 2 10
left_child=1 2 5 4 22 -1 -7 8 -8 10 11 21 -13 -4 -15 17 -16 18 -14 -20 -5 -2 -3
right_child=9 3 13 20 -6 6 7 -9 -10 -11 -12 12 15 14 16 -17 -18 -19 19 -21 -22 -23 -24
leaf_value=-0.0028467539607580747 0.018447107733755578 -0.00057073434771125284 -0.019100581573862036 0.044451301748666315 0.025329686657300274 -0.0014168210385124506 -0.011457556669759098 -0.0054946473839584328 0.085234915839558667 0.051590979462673853 0.066533933520964872 -0.012259806909270721 0.013477698514157499 -0.0097138678683390024 -0.0071865463975579486 -0.0070514437466734445 0.052670143261236854 -0.01291246286454768 0.091610482592377515 0.0037999079526317911 0.0020318441065838916 -0.013136434458009431 0.045074523860998035
leaf_weight=80.209387272596359 18.516732100397348 95.356173294596374 177.57097745686769 21.065612388774756 26.689401139505208 10.304674116894605 1.2001270428299902 2.8167322082445034 4.9661319991573665 19.465080256573856 4.6690099462866774 4.4501732150092748 4.629147374071187 85.967776303179562 4.5008808737620694 2.7407638803124419 4.4997471710667014 1.3714701700955618 8.6356242904439551 2.2772189369425169 7.7923974497243753 16.762439366430044 2.3711836664006105
leaf_count=6012 481 4022 19358 502 1121 614 89 169 230 187 100 198 136 7358 425 50 348 50 240 66 208 516 121
internal_value=0.00132727 -0.00340649 -0.00991783 0.0123224 0.00686743 0.00275045 0.0241075 0.0483134 0.0682188 0.0304851 0.0227033 0.0172016 0.0353922 -0.014529 -0.00576356 0.0463175 0.0268734 0.0547969 0.0615628 0.0767134 0.033871 0.00354093 0.00141851
internal_weight=608.829 525.311 372.036 153.275 124.417 99.4971 19.2877 8.98299 6.16626 83.5177 64.0526 59.3836 24.1044 272.539 94.9684 19.6542 9.00063 16.9135 15.542 10.9128 28.858 35.2792 97.7274
internal_count=42601 40577 34603 5974 5264 7114 1102 488 319 2024 1837 1737 740 27489 8131 542 773 492 442 306 710 997 4143
cat_boundaries=0 1
cat_threshold=2
is_linear=0
shrinkage=0.03


Tree=31
num_leaves=24
num_cat=0
split_feature=45 145 78 143 137 62 7 56 77 43 128 40 14 38 19 6 133 76 134 43 25 10 25
split_gain=131.091 40.1592 18.8227 20.076 18.1518 16.2944 15.9449 15.8179 12.4705 11.9988 11.6625 12.2729 11.6366 10.4488 15.492 12.5115 9.44821 9.4108 12.1269 11.531 9.24148 9.19688 15.4112
threshold=0.18275000000000002 1.0000000180025095e-35 0.36283500000000007 1.0000000180025095e-35 1.9746330119738864 1.0000000180025095e-35 0.25250000000000006 1.0000000180025095e-35 1.5000000000000002 0.069315000000000015 -3189.9249999999993 0.28225000000000006 1.5000000000000002 0.19995000000000004 11.500000000000002 0.6775000000000001 0.35504201680672276 1.1028500000000003 32966.775000000001 0.045695000000000006 27315.000000000004 0.50775000000000015 4805.0000000000009
decision_type=2 2 2 2 10 2 10 2 2 2 2 2 2 2 2 10 8 2 2 2 2 2 2
left_child=1 -1 8 5 6 13 9 -3 10 20 11 17 21 -4 15 -15 -13 -2 19 -19 -5 22 -10
right_child=2 7 3 4 -6 -7 -8 -9 12 -11 -12 16 -14 14 -16 -17 -18 18 -20 -21 -22 -23 -24
leaf_value=-0.017623941074734372 0.0021733166894110467 0.00055854805815968341 -0.013026528391403067 0.089027592104281392 -0.0013130795455754353 0.045636007345872684 0.017372808852513064 0.05551857686550464 -0.010393486189754022 0.0092824599631126329 -0.0069436036377940342 0.018547501946254871 -0.0017387224296587062 -0.014198488212953898 -0.0017111365101683805 0.062589515680380695 -0.016616150504191237 0.095433784636048721 -0.0065804258243993014 0.002332850071728633 0.016509321170051525 0.044444011990368952 0.02968317748205275
leaf_weight=230.40140290465206 4.4138365592807514 144.75254330225289 14.303271728567777 13.923526153899738 5.7284907633438698 10.811993375420569 8.769798403605817 2.8732669577002516 11.456298212520776 3.1223407927900544 41.839150593616068 13.17316270619631 15.430793122388421 1.6497911754995609 14.166122451424597 6.2661799937486649 10.616828061640261 3.4701897306367755 1.7746905274689195 1.6637899521738289 2.9176600705832234 17.928272767923772 25.056272095069289
leaf_count=25902 209 10066 457 249 125 158 177 99 218 62 1844 562 331 51 439 171 441 131 78 71 55 342 467
internal_value=0.000979335 -0.00985009 0.0188268 0.0302839 0.0472637 0.0164685 0.0564036 0.00235605 0.0121333 0.0704062 0.00363599 0.0159372 0.0211299 0.00587508 0.0181833 0.04695 0.00278329 0.0390083 0.0567704 0.0743748 0.0795502 0.0274438 0.0172219
internal_weight=606.51 378.027 228.482 81.6592 34.4618 47.1974 28.7333 147.626 146.823 19.9635 76.9516 35.1125 69.8716 36.3854 22.0821 7.91597 23.79 11.3225 6.90867 5.13398 16.8412 54.4408 36.5126
internal_count=42705 36067 6638 1944 668 1276 543 10165 4694 366 3336 1492 1358 1118 661 222 1003 489 280 202 304 1027 685
is_linear=0
shrinkage=0.03


Tree=32
num_leaves=24
num_cat=2
split_feature=45 62 146 95 98 78 73 1 46 130 19 134 113 22 37 19 135 118 143 145 13 23 23
split_gain=106.849 42.021 23.3583 22.8563 15.096 13.9027 14.9691 14.7968 11.4399 11.116 10.9299 10.4368 10.2092 10.124 13.5662 11.3843 9.92437 9.86432 9.6403 9.29962 11.6308 9.09814 14.2772
threshold=0.086450000000000013 1.0000000180025095e-35 0.72500000000000009 0 1 0.41733500000000007 0.22713159780272277 4.7500000000000009 0.97650000000000003 -5109.0849999999991 11.500000000000002 6119.2450000000017 3.5000000000000004 776.50000000000011 16.500000000000004 37.500000000000007 442.44500000000005 0.23669467787114848 1.5000000000000002 2.5000000000000004 0.38565000000000005 67.950000000000017 49.350000000000001
decision_type=2 2 2 9 1 2 2 8 2 2 2 2 2 8 2 2 2 10 2 2 2 2 2
left_child=2 3 -1 4 5 6 7 8 -2 -3 -7 -8 21 15 -15 -4 -5 -12 -19 -13 -21 22 -6
right_child=1 9 13 16 12 10 11 -9 -10 -11 17 19 -14 14 -16 -17 -18 18 -20 20 -22 -23 -24
leaf_value=-0.017733126095206022 0.086989588499403747 0.0098348501537341929 -0.008800554464796443 -0.002416965581513063 -0.0035342274086094146 0.03503887431323903 -0.020783862350779416 -0.0044874690534824129 -0.00019948848037012237 0.041631252524152763 -0.013709613693657583 -0.0097349723586490442 -0.0054608774281716746 0.0039645104061384242 0.07985592583645279 0.030126720939779514 0.057627038111669693 -0.0013534709795014308 0.046617656546900386 0.018132348014914722 -0.012373322089392826 0.011808242881942639 0.050741209462027273
leaf_weight=222.98180591780692 2.3435457432642552 14.540684859268366 32.469422722235322 3.0106892846524707 5.5641147373244193 13.804747472517191 34.175814166665077 6.0454402063041934 1.9547864673659203 43.716108219698071 13.565764664672317 59.901190802454948 15.287615324370561 5.8465328691527239 1.5410568220540879 6.4143360778689376 8.817738136276601 8.127133980393408 4.8614156804978839 30.752595011144876 15.428913460113106 38.874206473119557 14.734338116832076
leaf_count=25603 129 297 1817 78 218 525 2085 365 115 812 607 4254 601 329 82 345 171 356 102 1082 514 1585 551
internal_value=0.000285854 0.0115525 -0.0137348 0.00656456 0.00456908 5.82257e-05 -0.00416312 0.0276213 0.0598657 0.0342848 0.0152632 -0.00686252 0.0158335 0.00546967 0.0334358 -0.0012194 0.0442048 0.0032484 0.020426 -0.00207599 0.00785006 0.0213337 0.0368809
internal_weight=604.76 335.507 269.253 277.25 265.422 190.961 150.602 10.3438 4.29833 58.2568 40.3591 140.259 74.4603 46.2713 7.38759 38.8838 11.8284 26.5543 12.9885 106.083 46.1815 59.1727 20.2985
internal_count=42623 14447 28176 13338 13089 10134 8544 609 244 1109 1590 7935 2955 2573 411 2162 249 1065 458 5850 1596 2354 769
cat_boundaries=0 1 2
cat_threshold=4 2
is_linear=0
shrinkage=0.03


Tree=33
num_leaves=24
num_cat=1
split_feature=45 145 47 64 26 56 108 98 120 40 120 75 76 34 108 24 37 117 37 26 106 40 50
split_gain=99.7694 33.6285 15.0414 18.0494 16.6886 12.7841 12.0408 11.8658 11.5542 10.6739 10.3563 10.0808 9.31391 11.5827 9.9203 8.70322 8.63423 12.6677 12.1433 11.2816 9.024 8.51028 8.34622
threshold=0.18275000000000002 1.0000000180025095e-35 19.135000000000002 1.0000000180025095e-35 0.25185000000000007 1.0000000180025095e-35 11.500000000000002 0 9910.6000000000022 0.36015000000000003 20260.610000000004 1.0000000180025095e-35 1.4036500000000001 857.5350000000002 12.500000000000002 165695.00000000003 13.500000000000002 0.17424242424242428 24.500000000000004 0.5041500000000001 1.5000000000000002 0.52075000000000016 3.5000000000000004
decision_type=2 2 2 2 2 2 10 1 2 2 2 2 2 2 10 2 2 10 2 2 10 2 2
left_child=1 -1 4 7 10 6 8 15 -3 -6 -2 16 13 14 -9 -4 20 -18 19 -19 -8 -5 -10
right_child=2 5 3 21 9 -7 11 12 22 -11 -12 -13 -14 -15 -16 -17 17 18 -20 -21 -22 -23 -24
leaf_value=-0.016017740826107352 0.080703154617926723 -0.012227827390078947 0.001174550707937371 0.034834018257310431 -0.01166136952194223 0.047897247091909255 0.037214751133715203 0.037214887863803003 0.00056994132233929861 0.035781616662397132 0.0071884658444552113 0.062944670097881517 0.051629950039782491 0.00030260995445815538 -0.0054165544577695641 0.0470905967374141 -0.010849645153729633 0.085957586476850603 -0.0041104039951070995 -0.0096187721414405913 -0.012910644651242028 -0.0037644016106088041 0.029937693567664146
leaf_weight=223.27860885020345 6.9622169779613632 63.740530611015856 107.81561358645558 38.659588283859193 6.8422730052843672 3.3395339706912628 2.0008412646129825 19.897249159403149 43.393230140209198 6.8082513092085719 2.6559176184237003 1.8492534663528193 5.4450487950816742 26.918364600278437 5.7345415176823726 1.8531101290136565 4.1506973989307863 3.6715347226709127 2.5785840963944793 0.91992193553596724 15.110615543089805 5.4643126819282761 8.9221487930044514
leaf_count=25879 155 4590 3610 920 173 109 137 492 3057 156 66 69 108 660 134 59 282 223 162 65 1065 135 552
internal_value=0.000941053 -0.00869322 0.0161718 0.0134003 0.0383403 0.00230018 0.000627862 0.00870295 -0.0038203 0.0135497 0.0651351 0.0168562 0.0194373 0.014331 0.0279754 0.00277991 0.0099189 0.028067 0.0480484 0.0697001 -0.00376836 0.030098 0.00649642
internal_weight=608.012 372.956 235.056 211.788 23.2687 149.677 146.337 167.664 116.056 13.6505 9.61813 30.2814 57.9952 52.5502 25.6318 109.669 28.4322 11.3207 7.17004 4.59146 17.1115 44.1239 52.3154
internal_count=42858 36190 6668 6118 550 10311 10202 5063 8199 329 221 2003 1394 1286 626 3669 1934 732 450 288 1202 1055 3609
cat_boundaries=0 1
cat_threshold=2
is_linear=0
shrinkage=0.03


Tree=34
num_leaves=24
num_cat=1
split_feature=45 145 58 95 145 60 105 47 50 129 108 6 48 78 134 2 9 114 68 29 39 29 120
split_gain=103.859 25.2976 16.925 20.1762 13.3707 13.8661 10.7729 16.438 10.6154 10.5848 10.4149 11.5157 10.822 17.5726 12.9894 12.1907 10.1112 10.0756 9.75822 9.03883 12.2382 12.5002 16.0063
threshold=0.18275000000000002 1.0000000180025095e-35 1.0000000180025095e-35 0 1.0000000180025095e-35 0.84865000000000013 103.50000000000001 62.645000000000003 2.5000000000000004 1199.7950000000003 11.500000000000002 0.98550000000000015 1.6265000000000003 0.23614500000000002 8614.6150000000016 51.500000000000007 38950.000000000007 4.5000000000000009 1.5045987686271032 0.59465000000000012 0.16485000000000002 0.16615000000000002 5093.5850000000009
decision_type=2 2 2 9 2 2 8 2 2 2 10 10 2 2 2 2 2 2 2 2 2 2 2
left_child=1 -1 4 -4 -2 6 7 9 17 16 11 12 -3 -14 -15 18 -6 -8 -16 20 -12 22 -22
right_child=2 10 3 -5 5 -7 8 -9 -10 -11 19 -13 13 14 15 -17 -18 -19 -20 -21 21 -23 -24
leaf_value=-0.015471321125611989 -0.0046194613215089384 -0.0096343754577550983 0.020922334749740149 0.068371326647339511 0.015781416841645041 0.0018818463562729748 -0.0064085878153550511 -0.0028849426724609061 -0.0020119514533947858 0.011185748068277917 -0.011612714618160313 0.027599509516113032 -0.012647405635312286 -0.0069996894267404935 0.13011805197844833 -0.0018852890269555364 0.079163106594062255 0.045695170618634602 0.0025086785952979983 0.048734404452006143 -0.010935085001448285 -0.0092078832774071615 0.067692530556820146
leaf_weight=219.08713530562818 41.502745063044131 97.164842643775046 87.613675740547478 7.5805094130337229 4.3020632360130611 41.518711570650339 4.1186105422675601 6.3953314628452054 20.207617435604334 5.637755441479384 13.886789414100354 7.8272307887673369 6.4488706635311228 1.8654803941026328 0.99174943286925576 1.1758128041401503 9.4814229449257237 9.2426869459450227 0.75566668994724751 4.0654249545186749 2.6429040776565653 5.065667728893458 5.6326864808797836
leaf_count=25829 2037 6868 1836 54 90 1224 131 176 549 126 933 565 442 114 49 69 171 243 47 266 175 319 321
internal_value=0.000946674 -0.00905138 0.0163201 0.0260299 0.00955879 0.0153669 0.0244263 0.038451 0.0120848 0.0510612 0.000562321 -0.00361899 -0.00633227 0.019361 0.0534931 0.0792582 0.0638871 0.0308909 0.105724 0.0153769 0.00740237 0.0261286 0.045341
internal_weight=604.211 366.61 237.601 95.1942 142.407 100.904 59.3855 25.8166 33.5689 19.4212 147.523 116.23 108.402 11.2376 4.78871 2.92323 13.7835 13.3613 1.74742 31.2935 27.228 13.3413 8.27559
internal_count=42634 35997 6637 1890 4747 2710 1486 563 923 387 10168 8154 7589 721 279 165 261 374 96 2014 1748 815 496
cat_boundaries=0 1
cat_threshold=4
is_linear=0
shrinkage=0.03


Tree=35
num_leaves=24
num_cat=2
split_feature=45 53 62 78 28 97 67 64 13 130 52 44 51 134 145 116 39 97 133 1 13 7 128
split_gain=104.802 27.0949 26.6884 20.9382 15.3537 14.9041 14.7142 13.8723 15.6775 11.4903 11.4365 11.8276 16.6494 13.6145 10.9698 10.6779 10.372 10.3298 10.0904 10.5872 10.8355 9.41455 11.3766
threshold=0.090050000000000005 1.0000000180025095e-35 1.0000000180025095e-35 0.23011500000000004 6.5000000000000009 0 0.28305343420432938 1.0000000180025095e-35 0.22565000000000004 -3878.3149999999996 1.0000000180025095e-35 0.090525000000000008 0.37825000000000003 18724.800000000007 2.5000000000000004 0.57359307359307377 0.23915000000000003 1 1.0000000180025095e-35 7.0500000000000007 0.27705000000000007 0.18650000000000003 -9653.8849999999966
decision_type=2 2 2 2 2 1 2 2 2 2 2 2 2 2 2 10 2 1 8 8 2 8 2
left_child=14 2 3 -2 7 -3 9 8 21 -6 11 12 -9 -13 -1 -10 -11 -4 19 20 -16 22 -5
right_child=1 5 17 4 6 -7 -8 10 15 16 -12 13 -14 -15 18 -17 -18 -19 -20 -21 -22 -23 -24
leaf_value=-0.016726557616882909 -0.0062578891416566421 -0.002811761160776572 0.0084197413297602865 0.057218329990493498 0.0056008864914526401 0.061432401760514392 -0.001853956945739636 -0.010163531352007189 -0.007576808849018523 0.079246960949798634 -0.015762572124911257 0.080959726039418478 0.052037822064357794 0.0061803951944335899 -0.0057406847987269945 0.039066313732152635 0.0069330608314089638 0.036155666351235412 -0.0064009606773976274 -0.015553177402196288 0.078571368051857049 -6.7663449712503177e-05 0.013777169335411836
leaf_weight=217.50884052412584 94.153150489553809 3.9979278417304158 19.489702849648893 6.4771642368286875 4.523005443625153 12.16042245924473 7.1448714081197968 9.3252194253727847 75.210128659382463 7.472541481256485 3.7203031154349437 5.444886568002401 4.0670667281374326 3.6075177667662501 1.672317300923168 2.7107137460261574 2.706066076643765 37.876104484312236 41.437004872597754 2.0694718649610877 2.1314926194027066 18.334291582927108 20.648778405040503
leaf_count=26045 5335 81 407 292 179 198 289 337 3497 284 127 162 94 116 99 112 104 669 2317 116 110 869 951
internal_value=0.000181616 0.0111985 0.00912993 0.00502245 0.0112199 0.0469781 0.0336686 0.00753944 0.00314827 0.049087 0.0265521 0.0342817 0.0130333 0.05767 -0.0139024 -0.00501717 0.0643175 0.0273337 -0.000766501 0.0305136 0.0522993 0.0167658 0.0273668
internal_weight=603.889 339.07 322.912 265.546 171.393 16.1584 21.8465 149.546 123.381 14.7016 26.165 22.4447 13.3923 9.0524 264.819 77.9208 10.1786 57.3658 47.3103 5.87328 3.80381 45.4602 27.1259
internal_count=42790 14103 13824 12748 7413 279 856 6557 5721 567 836 709 431 278 28687 3609 388 1076 2642 325 209 2112 1243
cat_boundaries=0 1 2
cat_threshold=4 1
is_linear=0
shrinkage=0.03


Tree=36
num_leaves=24
num_cat=0
split_feature=45 75 64 146 105 143 107 135 60 13 25 131 43 1 6 73 136 6 106 121 66 77 51
split_gain=97.4905 28.4073 15.2664 14.3407 10.9774 13.6054 12.0733 11.6611 11.4873 10.3245 17.3939 10.177 10.0022 9.58779 9.53494 12.8523 12.2075 9.02448 8.92622 8.73582 8.55048 8.53595 14.2178
threshold=0.086450000000000013 1.0000000180025095e-35 1.0000000180025095e-35 0.72500000000000009 45.500000000000007 1.5000000000000002 29.500000000000004 6245.4100000000008 0.71315000000000006 0.30805000000000005 6715.0000000000009 0.3373983739837399 0.053595000000000011 4.0500000000000007 0.86250000000000016 1.0402576489533013 9194.0400000000027 0.82550000000000001 2.5000000000000004 22481.415000000005 0.44684481186544595 2.5000000000000004 0.30795000000000006
decision_type=2 2 2 2 8 2 10 2 2 2 2 8 2 8 8 2 2 8 10 2 2 2 2
left_child=3 2 4 -1 7 6 19 12 14 10 11 -10 -2 -8 -7 16 -16 -5 -14 -6 -21 22 -3
right_child=1 21 -4 17 5 8 13 -9 9 -11 -12 -13 18 -15 15 -17 -18 -19 -20 20 -22 -23 -24
leaf_value=-0.016259216509335154 0.029646638353461974 0.010344283022509749 0.022294080643178858 0.029221563698804829 -0.010420507813578516 0.0047012934922184193 -0.013407321676237285 -0.019180751914530197 0.073412986139714712 -0.0082275204995258672 -0.0055503747626752123 0.0015544889290095077 0.031692985785774563 0.041005772637423769 0.097256001148045501 -0.0029973044890217386 -0.0027507622209713084 -0.0039395282030323091 -0.020904363598389951 0.059249524415760625 -0.013348324543410143 0.042997014126652258 0.043606703721001165
leaf_weight=210.24720203783363 30.520952937193215 44.360395365394652 43.871033768169582 7.0430104462429872 107.60889795701951 6.3166927276179168 3.2657473376020763 5.7710770694538942 4.020079484209421 25.443379926495254 9.7543428065255267 2.6397987082600594 2.3037904947996122 6.3565014889463791 3.1465440513566145 2.338296408765018 1.2598967198282478 38.558947226963937 7.0548942144960165 1.3486131392419332 1.5312230428680775 21.233126485720277 14.647444577887653
leaf_count=25621 1444 1048 1585 380 6308 212 198 314 141 1079 362 109 103 359 107 90 61 2178 360 79 84 170 253
internal_value=0.000995199 0.0113793 0.00653454 -0.0129785 0.00322947 -0.0002432 -0.00588684 0.0159955 0.0118729 0.00360559 0.0208493 0.0518673 0.0217588 0.023409 0.03437 0.0547257 0.0767298 0.00219461 -0.00465607 -0.00880899 0.0309985 0.0268049 0.0197598
internal_weight=600.642 344.793 264.552 255.849 220.681 175.03 120.111 45.6507 54.919 41.8576 16.4142 6.65988 39.8796 9.62225 13.0614 6.74474 4.40644 45.602 9.35868 110.489 2.87984 80.241 59.0078
internal_count=42645 14466 12995 28179 11410 9189 7028 2221 2161 1691 612 250 1907 557 470 258 168 2558 463 6471 163 1471 1301
is_linear=0
shrinkage=0.03


Tree=37
num_leaves=24
num_cat=1
split_feature=45 53 78 145 98 60 137 29 6 73 6 45 99 120 6 6 120 46 133 10 7 120 30
split_gain=94.8591 22.6027 19.6821 17.2699 14.2236 14.4516 13.6876 12.0391 11.4996 11.3407 11.2609 11.0791 10.7877 11.7956 10.3234 10.8357 9.89938 9.86739 15.9704 12.0842 10.209 9.77488 9.4575
threshold=0.090050000000000005 1.0000000180025095e-35 0.36283500000000007 2.5000000000000004 0 0.72655000000000014 1.1740230047945486 0.84975000000000012 0.93950000000000011 0.49620974636648624 0.83250000000000013 0.25165000000000004 3130.7850000000003 37141.040000000008 0.90450000000000019 0.71850000000000003 2023.8300000000002 1.4095000000000002 0.4188596491228071 0.26905000000000007 0.22250000000000003 25325.255000000005 0.25500000000000006
decision_type=2 2 2 2 1 2 10 2 8 2 8 2 2 2 10 8 2 2 8 2 10 2 10
left_child=3 2 4 -1 9 14 11 10 -9 -2 -5 17 16 -14 15 -6 -13 18 -4 -19 -20 -18 -7
right_child=1 -3 6 7 5 22 -8 8 -10 -11 -12 12 13 -15 -16 -17 21 19 20 -21 -22 -23 -24
leaf_value=-0.016596650888878985 0.010274912528300676 0.043389229925355294 -0.018752199355291242 0.026514332813769286 -0.0015290659185422633 0.013317893233857061 0.0054463525967564244 -0.0074077150821578305 0.076396572957168951 -0.0068891008371570941 -0.0092800897307245243 0.006158481529013239 -0.011642976268569883 0.042433313685712244 -0.008681269376766193 0.05543549786515134 0.063690241284769272 0.076793981519343218 0.054457708501856321 0.00081503811213001352 -0.010585284881330476 0.010919983478796774 -0.015306792234733274
leaf_weight=211.15658595785499 49.982664950191975 16.542106947861612 13.034182070754474 7.9941866472363463 3.6270315358415308 36.401637802831829 39.882580627687275 1.9313829652965062 1.6542314849793909 101.96044720709324 36.061076237820089 5.1140927653759745 7.5632409946992976 4.0288120061159134 3.3336506206542245 12.991416668519376 18.731619183905426 1.9177422197535623 3.9911426380276671 3.7129417136311531 2.5316149899736047 4.8380660619586697 12.385832022875546
leaf_count=26120 2569 274 727 419 56 1386 1308 104 83 5389 2049 123 136 74 135 364 338 103 217 193 144 79 453
internal_value=0.000708237 0.0110375 0.00914145 -0.0129444 0.00397562 0.0150888 0.0196873 0.00325996 0.0447665 -0.00118275 -0.00191555 0.0279448 0.0374532 0.0106296 0.0353565 0.0441741 0.046894 0.0111038 -0.000168322 0.0400377 0.0326532 0.0545597 0.00573425
internal_weight=601.368 342.571 326.029 258.797 220.683 68.7396 105.346 47.6409 3.58561 151.943 44.0553 65.4635 40.2758 11.5921 19.9521 16.6184 28.6838 25.1876 19.5569 5.63068 6.52276 23.5697 48.7875
internal_count=42843 14068 13794 28775 10352 2394 3442 2655 187 7958 2468 2134 750 210 555 420 540 1384 1088 296 361 417 1839
cat_boundaries=0 1
cat_threshold=2
is_linear=0
shrinkage=0.03


Tree=38
num_leaves=24
num_cat=2
split_feature=45 75 88 105 146 29 41 98 145 104 31 29 120 40 32 116 106 25 120 48 108 7 130
split_gain=87.4305 23.7534 23.1233 18.0709 17.4248 18.4383 16.6299 13.0657 16.9237 12.6844 11.3103 10.759 11.4131 10.7095 10.2125 10.3673 12.1384 9.48002 10.7645 9.09074 13.6736 10.682 8.71793
threshold=0.086450000000000013 1.0000000180025095e-35 0 159.50000000000003 0.72500000000000009 0.84975000000000012 2.2395000000000005 1 2.5000000000000004 1.0000000180025095e-35 1.0405000000000002 1.6083000000000003 8545.6850000000031 0.14065000000000003 53.500000000000007 0.29478609625668456 20.500000000000004 -964.99999999999989 1476.2250000000001 1.0395000000000001 21.500000000000004 0.16550000000000004 -40823.999999999993
decision_type=2 2 1 10 2 2 2 1 2 2 10 2 2 2 2 8 10 2 2 2 8 8 2
left_child=4 2 22 7 -1 -6 -5 8 19 -8 14 12 -7 -3 -9 16 17 -16 -19 -4 21 -21 -2
right_child=1 13 3 6 5 11 9 10 -10 -11 -12 -13 -14 -15 15 -17 -18 18 -20 20 -22 -23 -24
leaf_value=-0.016117718626966638 0.031759815855681807 -0.020219288858364753 -0.016716156090787471 -0.0058797127088247719 -0.0024730339791423713 -0.0016566352930601112 0.097578096059462369 0.013068362997806395 0.017384579212453073 -0.0031630904709460074 -0.0037114155067189242 -0.010968689578328835 0.10521273245801906 0.026752547201434426 -0.0085707439879026803 0.012564175965918493 -0.0060658325524378612 -0.0018780025975115467 0.091976945635133783 -0.0023427115709455113 -0.0068882338170810639 0.047010274504278401 -0.010374862693604483
leaf_weight=203.9898082674481 2.7556445682421318 3.2107940055429927 28.437833234667778 2.6815391238778821 41.778485651127994 1.1497154124081133 3.5979685187339783 17.566426977515221 57.846034157089889 1.2544605694711206 9.9450846686959249 1.1190423378720877 1.3204242913052437 80.470649688504636 0.77241590805351634 6.9102878365665665 1.6764616072177876 1.1551763443276302 7.4579526698216796 6.3949474636465284 30.853352860547602 7.5997086102142939 79.83687824383378
leaf_count=25656 122 79 2102 112 2362 61 161 753 1817 46 406 62 61 1413 41 273 71 55 280 373 2079 439 3854
internal_value=0.00111515 0.0107527 0.00628322 0.0113028 -0.0124064 0.00425724 0.0533271 0.0105151 0.0055352 0.0782124 0.0240344 0.0554502 0.0769848 0.0245204 0.0315828 0.0465583 0.0626187 0.0737977 0.0814075 -0.00403113 0.00438261 0.0269851 -0.00636912
internal_weight=599.781 350.424 266.742 184.15 249.357 45.3677 7.53397 176.616 131.132 4.85243 45.4838 3.58918 2.47014 83.6814 35.5387 17.9723 11.062 9.38554 8.61313 73.2858 44.848 13.9947 82.5925
internal_count=42678 14476 12984 9008 28202 2546 319 8689 6810 207 1879 184 122 1492 1473 720 447 376 335 4993 2891 812 3976
cat_boundaries=0 1 2
cat_threshold=270554194 2
is_linear=0
shrinkage=0.03


Tree=39
num_leaves=24
num_cat=0
split_feature=45 64 77 145 48 35 133 6 122 137 25 69 145 48 39 35 111 10 69 60 61 69 105
split_gain=70.9091 23.6199 19.8815 16.4688 15.0121 12.8185 12.5271 13.6139 12.6382 15.0315 11.8329 11.638 12.999 11.0362 10.0548 9.91275 9.70459 9.60447 9.36305 9.17307 10.3814 13.6776 10.0152
threshold=0.086450000000000013 1.0000000180025095e-35 2.5000000000000004 1.0000000180025095e-35 1.2255000000000003 0.39825000000000005 0.22474747474747478 0.82350000000000001 12398.705000000002 0.76525657577032524 68725.000000000015 0.56303487953973408 1.5000000000000002 0.88350000000000006 0.18825000000000003 0.10865000000000001 3.5000000000000004 0.61975000000000013 1.8749098564552968 0.6039500000000001 154.50000000000003 -0.04330255438819023 4.5000000000000009
decision_type=2 2 2 2 2 2 8 10 2 8 2 2 2 2 2 2 2 2 2 2 2 2 10
left_child=3 2 4 -1 5 -2 7 -5 -8 -10 11 12 -6 -11 -9 -3 -12 18 -15 -14 22 -22 -21
right_child=1 15 -4 6 10 -7 8 14 9 13 16 -13 19 17 -16 -17 -18 -19 -20 20 21 -23 -24
leaf_value=-0.017513893030654988 -0.0078024322048951831 0.0015083529183309362 0.026734824147517326 0.044339027419789567 -0.0046637685125446061 0.018748706522264496 -0.01598168179725222 -0.015357243001252097 -0.017944852257408054 -0.0049796840318169933 0.062224746046651132 -0.0059702912568731495 0.053718541431865358 0.095949392210936138 0.025996155473927186 0.030730323709212002 -0.012340982096470695 -0.0092897639088905786 -0.0073258772256681098 -0.0086275847254782285 -0.015627818613539332 0.060341692657092265 0.021356676397286799
leaf_weight=160.82157473172992 121.59962704544887 13.218279542401431 32.076676413416862 7.629757720045748 22.05610035173595 16.93220850918442 45.772810003720224 11.985134875401856 5.2620322434231612 2.7469564424827704 4.3951103920117012 37.054842100478709 5.6712850416079155 2.5143850846216087 6.5129912570118895 52.000861424952745 1.3150632753968237 0.87666826602071513 0.63305688463151444 16.294153520837426 1.9216472487896679 6.4082670249044877 20.938454538583755
leaf_count=21402 6549 501 447 557 1465 615 3702 970 408 214 179 1708 136 178 487 1352 58 68 47 610 54 161 608
internal_value=0.000396701 0.00900276 0.00520849 -0.0119488 0.00230903 -0.00433655 -0.00112643 0.015412 -0.0088671 0.0166168 0.0101808 0.0075203 0.0143185 0.0414432 0.00031866 0.0250289 0.0463054 0.064265 0.0804017 0.0223585 0.0163603 0.0431835 0.00846375
internal_weight=596.638 351.883 286.663 244.755 254.587 138.532 83.9338 26.1279 57.8059 12.0331 116.055 110.345 73.2899 6.77107 18.4981 65.2191 5.71017 4.02411 3.14744 51.2338 45.5625 8.32991 37.2326
internal_count=42476 14443 12590 28033 12143 7164 6631 2014 4617 915 4979 4742 3034 507 1457 1853 237 293 225 1569 1433 215 1218
is_linear=0
shrinkage=0.03


Tree=40
num_leaves=24
num_cat=1
split_feature=45 53 62 143 145 13 40 136 25 47 125 5 88 137 122 42 19 22 74 137 124 51 116
split_gain=74.3356 28.544 24.6891 15.6536 14.1503 13.9785 11.9734 14.6835 12.0947 13.4442 11.9032 12.5193 11.8574 12.7063 12.5657 11.773 11.4155 10.8014 10.219 11.3005 10.5556 9.7588 11.2936
threshold=0.086450000000000013 1.0000000180025095e-35 1.0000000180025095e-35 1.5000000000000002 1.0000000180025095e-35 0.39575000000000005 0.45095000000000007 1636.9000000000001 6875.0000000000009 77.965000000000018 2732.3100000000009 71850.000000000015 0 1.1654056021109882 1295.6200000000001 0.83050000000000013 14.500000000000002 641.50000000000011 0.13239670868347342 1.5322325939690917 8732.1900000000023 0.18635000000000004 0.19292803970223329
decision_type=2 2 2 2 2 2 2 2 2 2 2 2 1 10 2 2 2 10 2 10 2 2 10
left_child=4 2 3 12 -1 6 7 -5 9 -9 11 -7 13 14 -2 -15 17 -13 19 -4 -21 -6 -23
right_child=1 -3 18 5 21 10 -8 8 -10 -11 -12 16 -14 15 -16 -17 -18 -19 -20 20 -22 22 -24
leaf_value=-0.016623362084853637 -0.0032987786148403202 0.044698067575157881 0.0053693236727856168 -0.010948090409184147 -0.0083523580501722022 -0.02059600271114953 -0.002040733146413092 0.069613354143163178 0.019617221891781042 -0.00036677223601928736 -0.013953807780667364 0.063016618153578979 -0.005542780672464406 -0.015994949357102838 0.034519586840058326 0.033682916544587695 -0.0090364149249201262 -0.012825296531228943 0.045248567997126191 0.046947773125027188 -0.01221762234242903 -0.0036923616648643527 0.033461946194988365
leaf_weight=159.03077035583556 10.989853859879075 18.268125019036233 30.703024481423199 5.4710176186636081 57.794260418042541 3.8719689818099132 12.128961659967898 12.186559686437247 19.535782257094979 2.9665116490796199 21.480485359206796 6.5407937401905638 131.45347928022966 17.964021533727649 23.494374624453485 3.509147801436483 3.4306457629427314 1.3630999829620121 15.190378718078135 12.037099529057739 2.479809693992137 15.948503801599147 11.140799579210578
leaf_count=21530 571 288 582 211 4700 167 375 381 610 140 783 205 7172 977 1151 125 137 52 249 206 54 1221 797
internal_value=0.00129955 0.010037 0.00790416 0.00402388 -0.0113977 0.0142348 0.0239017 0.0314619 0.0383829 0.057468 -6.65767e-05 0.0188921 -0.000923007 0.0084796 0.022947 -0.00569839 0.0334474 0.0499883 0.0249592 0.0165157 0.0365854 -0.00144997 0.0128379
internal_weight=598.979 355.065 336.797 276.387 243.914 88.9758 52.2888 40.1599 34.6889 15.1531 36.687 15.2065 187.411 55.9574 34.4842 21.4732 11.3345 7.90389 60.4103 45.2199 14.5169 84.8836 27.0893
internal_count=42684 14436 14148 13057 28248 3061 1717 1342 1131 521 1344 561 9996 2824 1722 1102 394 257 1091 842 260 6718 2018
cat_boundaries=0 1
cat_threshold=143984132
is_linear=0
shrinkage=0.03


Tree=41
num_leaves=24
num_cat=2
split_feature=145 77 143 62 88 51 108 133 41 88 140 1 76 39 76 13 26 52 137 46 112 33 50
split_gain=63.8378 18.0069 16.8575 15.8953 14.7669 14.1594 11.4248 15.4246 13.7582 10.5653 15.3847 10.1393 10.105 10.101 13.7357 9.93843 9.73462 18.156 9.80246 8.76781 8.71844 8.57155 8.48944
threshold=1.0000000180025095e-35 1.0000000180025095e-35 1.0000000180025095e-35 1.0000000180025095e-35 0 0.16675000000000004 26.500000000000004 0.12916666666666668 2.7865000000000006 1 1.5000000000000002 7.7500000000000009 1.2897500000000002 0.19515000000000002 1.3275500000000002 0.45895000000000002 0.21605000000000002 1.0000000180025095e-35 1.4249945244156275 0.62650000000000017 11.500000000000002 26420.945000000003 3.5000000000000004
decision_type=2 2 2 2 1 2 8 8 2 1 2 8 2 2 2 2 2 2 10 2 2 2 2
left_child=1 -1 3 4 5 -2 12 8 -8 10 19 15 16 -6 -15 -12 18 -18 -4 -3 -16 -7 -21
right_child=2 9 6 -5 13 21 7 -9 -10 -11 11 -13 -14 14 20 -17 17 -19 -20 22 -22 -23 -24
leaf_value=-0.016536861902037035 -0.0029556052164887766 -0.019849860795266256 0.056642645030402845 0.023941775579096835 -0.015009271959316471 -0.0085411581687598777 0.014056082279289412 0.0037388906478671943 0.07181995033587335 -0.0062533433546126688 0.10618360795042371 -0.0095350356412577959 0.050395195416505105 -0.0037486628975675119 -0.007765692196708379 -0.0016911928949997143 -0.0018263075863760132 0.04919342747189371 0.0032024293560465305 0.0036202795827383442 0.059790898763880281 0.038155058032294027 0.042337680897325619
leaf_weight=159.53061850881204 18.377375919371843 6.2097501438111129 8.0095805432647449 25.820059726946056 65.340141241438687 3.4360169423744109 12.963726976886393 76.076179901137948 4.112130854278802 76.016107818111777 1.5082086110487578 0.89873269712552417 11.896286712959407 37.289663441479206 1.8841943107545365 0.90513593237847079 27.607282290235162 6.0753471050411454 4.8323018793016663 16.379916096106175 3.5860620941966772 20.241750303655863 5.6948932553641489
leaf_count=19825 1184 429 257 425 3874 181 500 2845 147 6259 92 68 279 1976 81 36 988 192 174 1510 118 834 274
internal_value=0.000639091 -0.010203 0.00949003 0.00311201 -0.000737405 0.0107447 0.0167579 0.00989178 0.034038 -0.000683055 0.00971598 0.0639979 0.0270161 -0.00632256 0.00349752 0.0832931 0.0192074 0.00961762 0.0396748 0.00757356 0.0406723 0.0312412 0.0162961
internal_weight=594.691 267.143 327.548 175.975 150.155 42.0551 151.573 93.152 17.0759 107.613 31.5966 3.31208 58.4208 108.1 42.7599 2.41334 46.5245 33.6826 12.8419 28.2846 5.47026 23.6778 22.0748
internal_count=42548 28493 14055 8673 8248 2199 5382 3492 647 8668 2409 196 1890 6049 2175 128 1611 1180 431 2213 199 1015 1784
cat_boundaries=0 1 2
cat_threshold=142934118 210111490
is_linear=0
shrinkage=0.03


Tree=42
num_leaves=24
num_cat=1
split_feature=45 45 145 95 76 29 42 12 26 32 35 45 6 123 106 128 116 105 44 135 32 50 47
split_gain=65.7604 21.9192 21.5385 21.4019 14.4865 13.5798 12.6708 12.8142 12.0272 12.6501 11.6975 11.5856 10.8465 10.2984 9.83237 9.77253 12.5187 12.2743 10.2388 9.76914 14.8611 9.74476 9.66582
threshold=0.097350000000000006 0.59265000000000012 2.5000000000000004 0 1.2621500000000003 0.84975000000000012 0.45385000000000003 1.5000000000000002 0.10245000000000001 36.500000000000007 0.39185000000000009 0.045950000000000012 0.9405 4353.2800000000007 11.500000000000002 -4299.7199999999984 0.1408730158730159 88.500000000000014 0.086245000000000002 764.82000000000005 47.500000000000007 1.5000000000000002 40.07500000000001
decision_type=2 2 2 9 2 2 2 2 2 2 2 2 8 2 8 2 10 8 2 2 2 2 2
left_child=2 3 -1 4 8 6 -4 11 15 13 -11 -8 -7 21 -3 16 -2 18 -17 20 -12 -10 -6
right_child=1 14 5 -5 22 12 7 -9 9 10 19 -13 -14 -15 -16 17 -18 -19 -20 -21 -22 -23 -24
leaf_value=-0.014743485432046059 0.062034146022390324 0.04153847638169407 -0.0063468246367041365 0.038939112987581417 0.0027460518626542308 -0.002698925681678475 -0.011998178552646491 -0.012825059247856192 -0.012913053018777527 -0.0088073543965183163 -0.017117064229864445 0.072126215902899388 0.075569929828294913 0.0021599644912075147 0.0093520399367945616 -0.00073198345646905446 0.0096451507394001695 -0.014807649793075603 0.052602040318629972 -0.0031630320336554435 0.057795070967975391 0.058404728683287957 0.025262156785338847
leaf_weight=203.25418945774436 5.4081817697733667 24.13467616494745 40.086866355501115 15.679309745319186 28.974715625867248 2.3381529636681071 1.2923232708126287 3.1197526752948761 1.4326303945854331 133.81947277020663 2.3696249872446078 3.8437421480193734 2.2447572471573949 14.205324668437241 14.828188749030231 6.807438541203739 11.283072339370845 14.393612314015625 4.0888701379299164 11.680156223475931 5.6699826344847679 5.344445982016623 42.087478451430798
leaf_count=26688 243 248 2252 250 939 120 75 165 82 6344 80 180 101 671 176 314 521 691 164 389 175 233 1619
internal_value=0.00111546 0.00969648 -0.0103335 0.00686213 0.00485628 0.00652289 0.000977422 0.0308434 0.000949211 -0.00255697 -0.0055998 0.0535288 0.04695 0.0182586 0.0303439 0.0149784 0.0314413 0.00260496 0.0243357 0.0149735 0.0367038 0.0438215 0.016408
internal_weight=598.387 342.207 256.18 303.244 287.565 52.9256 48.3427 8.25582 216.503 174.522 153.539 5.13607 4.58291 20.9824 38.9629 41.9812 16.6913 25.2899 10.8963 19.7198 8.03961 6.77708 71.0622
internal_count=42720 13139 29581 12715 12465 2893 2672 420 9907 7974 6988 255 221 986 424 1933 764 1169 478 644 255 315 2558
cat_boundaries=0 1
cat_threshold=4
is_linear=0
shrinkage=0.03


Tree=43
num_leaves=24
num_cat=1
split_feature=45 58 145 95 35 44 29 47 123 5 6 67 13 2 47 47 76 145 74 29 6 6 116
split_gain=68.57 24.7716 16.7263 15.4587 14.0336 14.9067 13.1685 12.7429 11.9066 11.9033 11.2581 10.7563 10.6981 10.9379 11.0193 11.9279 10.6961 10.7134 10.6579 10.4507 10.4111 11.6613 12.6475
threshold=0.097350000000000006 1.0000000180025095e-35 2.5000000000000004 0 0.40575000000000006 0.10998500000000001 0.84975000000000012 19.135000000000002 1547.095 89750.000000000015 0.82550000000000001 0.14276221036133355 0.29685000000000006 40.500000000000007 101.69500000000001 67.795000000000016 1.1381500000000002 1.5000000000000002 0.053259714632665454 0.14185000000000003 0.77550000000000019 0.82950000000000002 0.10960960960960962
decision_type=2 2 2 9 2 2 2 2 2 2 8 2 2 2 2 2 2 2 2 2 8 10 10
left_child=2 4 -1 -3 5 7 10 11 -7 -10 -4 -2 -12 -14 15 -15 -9 -18 -11 -17 -20 22 -22
right_child=1 3 6 -5 -6 8 -8 16 9 18 12 -13 13 14 -16 19 17 -19 20 -21 21 -23 -24
leaf_value=-0.014795673896247219 0.044813197020839107 0.016748539890264827 0.027845670667473656 0.053698617687753497 0.022970514148225537 -0.022113253807399882 0.044534871632912199 -0.014063333071515097 0.060280246740897304 -0.010047765120136469 -0.023307390916954218 -0.0069425356252113971 -0.01528676766561007 0.0067491234281757276 -0.014325513234622061 0.094418067581185122 -0.014388080724582902 0.0099411518594054882 -0.012972064565174723 -0.0083508648594467338 -0.01279637621054339 0.010279417677483249 0.068696625216811927
leaf_weight=200.10801305994391 6.6221959320828301 106.22775398753583 7.7623370252549639 10.01274688914418 27.974083448760211 4.9517681570723644 4.3932652221992603 72.259264632128179 4.2007947163656345 10.752952926792203 18.808626713231206 5.4133659210056067 9.8409646796062606 5.2483329856768233 3.5924655720591536 2.0865413621068005 22.024756945669651 48.746327079832554 4.5629897033795741 0.75136523973196734 1.4165021693333999 12.181043742224572 7.2295636851340532
leaf_count=26641 234 2584 392 77 864 245 205 3970 177 486 1103 215 560 269 205 104 1530 1660 179 43 73 548 263
internal_value=0.000952026 0.00963286 -0.0108727 0.0207858 0.00382396 0.000950149 0.00407881 -0.00350557 0.0157071 0.0211744 -0.00124762 0.0238623 -0.00789857 0.00640578 0.0242473 0.0408266 -0.0061058 0.00218228 0.0137068 0.075005 0.0237662 0.0322465 0.0554497
internal_weight=597.168 344.576 252.592 116.241 228.336 200.362 52.4839 155.066 45.2956 40.3438 48.0906 12.0356 40.3283 21.5197 11.6787 8.08624 143.03 70.7711 36.1431 2.83791 25.3901 20.8271 8.64607
internal_count=42627 13105 29522 2661 10444 9580 2881 7609 1971 1726 2676 449 2284 1181 621 416 7160 3190 1549 147 1063 884 336
cat_boundaries=0 1
cat_threshold=4
is_linear=0
shrinkage=0.03


Tree=44
num_leaves=24
num_cat=2
split_feature=146 98 48 47 105 42 97 78 72 135 44 29 48 116 51 43 42 11 31 61 74 6 61
split_gain=56.0063 27.2974 15.5443 14.5451 13.7895 13.5326 11.613 11.6005 11.4006 10.8736 10.4196 10.2337 12.1072 10.8176 10.9659 11.2081 9.79612 9.37495 9.32553 9.27598 9.06345 8.92488 8.72427
threshold=0.72500000000000009 0 2.2365000000000008 66.895000000000024 41.500000000000007 -0.091649999999999995 1 0.20021000000000003 0.58571428571428574 1262.5550000000003 0.035645000000000003 0.12015000000000002 1.8045000000000002 0.15894736842105264 0.066550000000000012 0.012835000000000001 0.65165000000000006 25805.000000000004 1.3225000000000002 36.500000000000007 0.15690359477124186 0.82750000000000001 25.500000000000004
decision_type=2 1 2 2 8 2 1 2 2 2 2 2 2 8 2 2 2 2 10 2 2 10 2
left_child=1 2 3 7 -2 -3 10 -1 -9 18 -6 -7 13 14 -13 -16 -11 -12 -8 -15 -17 -20 -19
right_child=4 5 -4 -5 6 11 9 8 -10 16 17 12 -14 19 15 20 -18 22 21 -21 -22 -23 -24
leaf_value=-0.013857041003130744 0.029579750979750873 -0.013717508357121334 0.033948083195142663 -0.017098171106416548 -0.0068476368414545742 0.0035885619768312739 -0.010588872966100246 0.012083137463783629 -0.0088148180366690032 0.0054917052011925881 0.042155681318017571 -0.012302502991771259 -0.019514160213220669 -0.0076772874547493142 -0.0056138766582146749 0.083441295175480865 0.030275328518172707 -0.013684650670537885 0.041833051524270096 0.031990300789836792 -0.0019701238389102571 -0.010671785808542231 0.02438156340272964
leaf_weight=59.488817989360541 39.551046445034444 15.901144229341297 5.3915944201871744 144.78669056668878 8.4778269836679083 33.226320608053356 45.240874325856566 51.442477176431566 40.04918909072876 52.166805640794337 19.896280125714839 1.3509576013311768 3.2060855855233958 8.029311917722227 1.5596776930615295 7.6012681536376459 18.476333905942738 6.5312766758725074 4.7742036981508118 10.664678907021878 1.1627194653265176 3.9587148008868098 14.402256462723015
leaf_count=6600 1063 1683 385 17030 297 1805 1609 3919 3029 1802 508 135 138 480 90 349 381 215 114 453 77 183 309
internal_value=0.0016782 -0.00516947 -0.00935421 -0.0103663 0.013925 0.00993023 0.0100693 -0.00377144 0.00294247 0.00503064 0.0221111 0.0157944 0.0269928 0.032805 0.0536543 0.0628813 0.0126288 0.028163 -0.00501006 0.0158572 0.0738491 0.0204786 0.0123472
internal_weight=597.337 383.861 301.159 295.767 213.476 82.7022 173.925 150.98 91.4917 124.617 49.3076 66.801 33.5747 30.3686 11.6746 10.3237 70.6431 40.8298 53.9738 18.694 8.76399 8.73292 20.9335
internal_count=42654 36173 30963 30578 6481 5210 5418 13548 6948 4089 1329 3527 1722 1584 651 516 2183 1032 1906 933 426 297 524
cat_boundaries=0 1 2
cat_threshold=2 2
is_linear=0
shrinkage=0.03


Tree=45
num_leaves=24
num_cat=0
split_feature=145 75 53 43 48 51 128 105 43 19 137 47 44 26 128 116 51 141 76 47 41 6 146
split_gain=68.5551 23.8936 15.6994 13.6611 11.9727 11.2262 12.8407 10.9777 14.6384 10.7331 10.2476 10.0547 9.92554 10.3421 10.9331 9.39365 14.3827 10.0759 9.96162 9.80155 10.4013 10.3263 10.9855
threshold=1.0000000180025095e-35 1.0000000180025095e-35 1.0000000180025095e-35 0.029195000000000002 1.2255000000000003 0.38335000000000002 -6008.4049999999997 149.50000000000003 0.032965000000000008 58.500000000000007 0.48383569982555008 63.095000000000006 0.11821500000000001 0.42645000000000005 -1156.9649999999976 0.26201372997711675 0.091650000000000023 1292.5700000000004 0.03315000000000002 67.795000000000016 2.5315000000000007 0.94150000000000011 0.90000000000000002
decision_type=2 2 2 2 2 2 2 10 2 2 10 2 2 2 2 8 2 2 2 2 2 10 2
left_child=2 4 9 -4 5 12 -7 15 -9 -1 -5 -11 -2 14 -14 16 17 -6 -17 20 21 22 -18
right_child=1 -3 3 10 7 6 -8 8 -10 11 -12 -13 13 -15 -16 18 19 -19 -20 -21 -22 -23 -24
leaf_value=-0.013419350907999329 -0.0065667775765259149 0.024858372619309267 -0.017818313094653718 -0.011234765741110141 -0.023385744362964013 0.046237896318387844 0.00018415731438586807 -0.0062711625792520971 0.073712900659311451 0.043845824254387628 0.072657940644023172 -0.011670336522454135 0.048224475419350869 -0.011983944641939555 -0.0019269407003664565 0.052834974555808448 0.063569914110662221 0.027002880932664827 -0.0047481813846942155 0.0041297169051634887 0.011891427735359214 -0.0083570670667175544 -0.0073400147750101574
leaf_weight=246.63765650615096 117.64292777702212 69.498248497955501 2.6042649084702125 1.1196702481247482 10.018076182343064 7.493441395461562 12.826979580335317 2.7702175732702008 3.6940704118460417 4.0275484286248666 3.1099749347195029 4.4417518484406173 7.8514578589238235 7.3555890088900915 6.2432315731421122 0.8892694590613236 13.974388519302014 3.2028783904388538 40.305962122511119 14.967725600115953 13.828426926396785 2.0570023758336893 1.8003834858536727
leaf_count=27511 7122 1008 132 56 605 188 413 110 115 345 110 570 388 322 304 47 453 170 1541 747 500 112 46
internal_value=0.000500009 0.00943633 -0.0109618 0.0287745 0.0052659 1.91995e-05 0.0197885 0.0129033 0.0460537 -0.0122418 0.0539728 0.0180629 -0.0031085 0.0148007 0.028531 0.00992977 0.0173233 -0.00923457 -0.00111637 0.0249237 0.0339247 0.048089 0.0555616
internal_weight=598.361 336.42 261.941 6.83391 266.922 159.414 20.3204 107.508 6.46429 255.107 4.22965 8.4693 139.093 21.4503 14.0947 101.044 59.8489 13.221 41.1952 46.6279 31.6602 17.8318 15.7748
internal_count=42915 14191 28724 298 13183 8737 601 4446 225 28426 166 915 8136 1014 692 4221 2633 775 1588 1858 1111 611 499
is_linear=0
shrinkage=0.03


Tree=46
num_leaves=24
num_cat=1
split_feature=45 62 134 145 74 47 129 60 34 51 7 22 47 48 118 133 52 134 46 97 66 29 114
split_gain=62.9669 17.2394 17.7437 15.3821 14.0413 13.0199 14.9866 12.9636 12.8802 14.5883 13.0743 12.912 12.7503 15.0229 11.4393 11.4267 16.1715 10.7983 10.5766 13.0529 9.71216 12.3739 11.5566
threshold=0.086450000000000013 1.0000000180025095e-35 6119.2450000000017 1.5000000000000002 0.13239670868347342 19.135000000000002 -4827.4449999999988 0.57425000000000015 1173.8650000000002 0.35705000000000003 0.065500000000000017 768.50000000000011 79.075000000000003 0.98050000000000004 0.23669467787114848 0.17156862745098042 1.0000000180025095e-35 11356.900000000001 0.61150000000000004 0 0.530437731020445 0.039350000000000003 7.5000000000000009
decision_type=2 2 2 2 2 2 2 2 2 2 8 10 2 2 10 8 2 2 2 1 2 2 2
left_child=3 2 -2 -1 -3 -4 -7 12 10 -10 11 14 13 -8 -9 20 -17 -18 19 -12 21 -5 -23
right_child=1 4 5 15 -6 6 7 8 9 -11 18 -13 -14 -15 -16 16 17 -19 -20 -21 -22 22 -24
leaf_value=-0.017107139491133475 -0.0073484453506414598 0.013046150391346495 0.032183316058847361 -0.017851282552791486 0.044205331417784301 -0.0090648617592179962 -0.010110338279605412 0.011869868798075308 -0.0092868710447446719 0.02315408659265434 -0.0082762595776075115 -0.013544945579348841 -0.01263026101173703 0.066488869962937305 0.099401137065684611 -0.012937218793507149 -0.0084040396640413673 0.053814711825481192 0.0049404186265019287 0.040957908415665309 -0.013661400804783681 0.054908686696095256 -0.010049212030335429
leaf_weight=146.87028019921854 72.223629440180957 49.012075417675078 18.968290079385042 2.8155067148618427 17.305602250620723 39.667874367441982 2.3537049950100473 2.8355689314194015 51.49033847078681 14.280017152428625 5.7761429706588387 1.5234403177164493 2.8209728184156111 8.2776603102684003 2.3699664412997663 56.258764517493546 3.4829113688319913 4.0585108664818108 62.893408772069961 16.39529032679275 5.1931053502485147 9.2472023926675302 2.449855647981166
leaf_count=21561 3578 854 611 208 249 1834 103 120 2656 441 253 73 109 237 95 4596 290 299 2815 623 414 696 185
internal_value=0.000917626 0.00859812 0.00547607 -0.0113259 0.0222332 0.00953789 0.00721561 0.0110531 0.00835977 -0.00176787 0.0154992 0.0508711 0.037434 0.0506147 0.0682499 -0.000995572 -0.0071998 0.0293414 0.0115968 0.0285078 0.0179041 0.0294859 0.041823
internal_weight=598.57 368.194 301.876 230.376 66.3177 229.653 210.684 171.017 157.564 65.7704 91.7938 6.72898 13.4523 10.6314 5.20554 83.5059 63.8002 7.54142 85.0648 22.1714 19.7057 14.5126 11.6971
internal_count=42900 14651 13548 28249 1103 9970 9359 7525 7076 3097 3979 288 449 340 215 6688 5185 589 3691 876 1503 1089 881
cat_boundaries=0 1
cat_threshold=4
is_linear=0
shrinkage=0.03


Tree=47
num_leaves=24
num_cat=2
split_feature=58 146 129 98 2 95 73 47 35 50 73 48 51 43 12 105 34 42 13 135 29 48 22
split_gain=43.8862 28.9459 15.4189 14.5338 16.806 13.7437 12.6539 15.6772 11.7793 11.3979 11.3394 10.6107 10.5786 10.4569 10.6088 10.0762 9.86934 9.79349 9.62475 9.09479 8.70604 8.68068 7.55801
threshold=1.0000000180025095e-35 0.72500000000000009 -1605.6249999999998 0 142.50000000000003 1 1.782505910165485 75.835000000000022 0.46095000000000003 1.5000000000000002 0.32997277951406395 2.2365000000000008 0.36485000000000006 0.0098050000000000012 1.5000000000000002 44.500000000000007 1693.2900000000002 0.51135000000000008 0.45115000000000005 4609.2750000000015 0.45695000000000002 0.84450000000000014 774.50000000000011
decision_type=2 2 2 1 2 9 2 2 2 2 2 2 2 2 2 8 2 2 2 2 2 2 8
left_child=1 3 13 4 8 12 7 16 11 -8 -6 -1 21 -3 22 17 -5 20 -11 -18 -4 -2 -15
right_child=5 2 15 6 10 -7 9 -9 -10 18 -12 -13 -14 14 -16 -17 19 -19 -20 -21 -22 -23 -24
leaf_value=-0.015500321055530335 -0.013228021335221557 -0.013686952061415654 -0.0098315588203661923 0.000629293046082548 0.068120702377436934 0.047838257032392702 -0.014401958186925698 -0.022799841491912904 0.017335209683845471 0.074758348816430467 -0.0091644550532009161 0.026482613978981225 0.031772271281235095 0.021651587163639557 0.002066795100022693 -0.0061417724265628287 0.057055239858879891 0.037619648897769191 -0.010339098723925728 -0.00039177523589100375 0.033501365697461018 0.011765301941977998 0.056024370855292487
leaf_weight=235.82184958038852 12.931373495608566 6.3944516060873857 14.559176714159554 26.39371497137472 1.9648548341356207 9.4082528771832568 1.8064347556792189 17.534757007379085 9.223300005309282 3.4104504031129181 2.2716476046480238 3.7965293228626242 19.624258306343108 25.862966123968363 14.751394772902129 73.49095419421792 4.4747941149398667 8.6143722319975478 0.97049460373818863 3.9764041160233319 3.5810490446165195 83.849457292351872 8.1838853042572719
leaf_count=27557 710 227 502 1756 212 87 212 1736 580 232 257 322 336 873 477 2841 282 188 63 282 122 2603 242
internal_value=0.00042009 -0.00382752 0.00669076 -0.00908289 -0.0121818 0.0160025 0.00426803 -0.00111148 -0.0133082 0.0389556 0.0370306 -0.0146214 0.0126649 0.0191205 0.0237891 -0.000392869 0.0104478 0.0147274 0.058575 0.0351232 0.0012001 0.00822561 0.0325638
internal_weight=592.897 467.083 155.438 311.645 253.078 125.813 58.567 52.3797 248.842 6.18738 4.2365 239.618 116.405 55.1927 48.7982 100.246 34.8449 26.7546 4.38095 8.4512 18.1402 96.7808 34.0469
internal_count=42699 38963 5472 33491 28928 3736 4563 4056 28459 507 469 27879 3649 1819 1592 3653 2320 812 295 564 624 3313 1115
cat_boundaries=0 1 2
cat_threshold=2 4
is_linear=0
shrinkage=0.03


Tree=48
num_leaves=24
num_cat=2
split_feature=145 47 75 35 19 70 47 144 88 48 137 130 44 88 13 120 60 131 130 136 123 124 37
split_gain=39.0771 16.9174 15.9171 13.719 11.6892 10.7658 9.94154 8.58068 8.5766 10.8156 12.8348 9.99588 8.48515 8.64589 9.04662 9.32468 8.16977 7.78939 7.75532 13.843 7.74577 8.80501 7.60721
threshold=1.0000000180025095e-35 72.245000000000019 1.0000000180025095e-35 0.27465000000000006 57.500000000000007 7.7750000000000012 17.615000000000006 0.67500000000000016 0 1.6265000000000003 1.434304787363224 1870.0350000000001 0.16117500000000004 1 0.42315000000000008 5392.5400000000018 0.82095000000000007 0.26975051975051983 -2472.6999999999994 7680.6200000000017 5449.6450000000013 441.59500000000008 20.500000000000004
decision_type=2 2 2 2 2 2 2 2 1 2 10 2 2 1 2 2 2 10 2 2 2 2 2
left_child=1 4 3 8 12 6 -5 18 9 10 -2 -12 13 14 -1 -16 -6 -17 19 -8 21 -14 -15
right_child=2 -3 -4 5 16 -7 7 -9 -10 -11 11 -13 20 22 15 17 -18 -19 -20 -21 -22 -23 -24
leaf_value=0.00027354362269009421 -0.0061163197080193734 -0.016724292806132742 0.019670993013821046 0.043702153935996316 -0.0043152122526297155 0.049522886255520725 0.074370664755910199 -0.0014867029500355293 -0.0042481371147066113 0.039962246328726456 0.037930362609668929 -0.01366743420280659 -0.010822237740294423 -0.014400741312608255 -0.0070381576745730872 -0.0049283482078940283 0.059739383533582005 0.064083642706043956 0.0039010972736168389 0.0055110350689028861 -0.0071898029940951624 0.068930708124147366 0.008159381988422679
leaf_weight=25.180525008123368 31.51989113073796 113.9157777922228 71.26971832383424 5.3782140035182229 2.5017286799848071 5.3505050009116522 3.3167377598583716 42.202771035023034 138.57734464434907 7.7013301248662165 11.500999003648756 3.3553509553894392 1.0890648830682033 78.695072959177196 3.1694791386835259 1.5474810451269148 2.6637049070559442 4.5932079167105258 12.246636539697645 5.890543308109045 3.1274987631477416 2.2121230992488563 14.786147792823611
leaf_count=2553 1786 14894 1015 95 190 153 77 1541 7782 319 644 194 85 8161 348 153 270 356 354 148 231 146 1212
internal_value=0.000616855 -0.00825264 0.00727185 0.00384104 -0.00119937 0.0145999 0.0105751 0.00653026 -0.000420348 0.00766639 0.00483472 0.0260379 -0.00314493 -0.00499353 0.00611613 0.0325946 0.036171 0.0497542 0.0210827 0.0391615 0.0261071 0.0484635 -0.00850842
internal_weight=591.792 253.482 338.31 267.04 139.566 74.3854 69.0349 63.6567 192.655 54.0776 46.3762 14.8563 134.401 127.972 34.4907 9.31017 5.16543 6.14069 21.4539 9.20728 6.42869 3.30119 93.4812
internal_count=42707 28599 14108 13093 13705 2368 2215 2120 10725 2943 2624 838 13245 12783 3410 857 460 509 579 225 462 231 9373
cat_boundaries=0 1 2
cat_threshold=120064516 5654657
is_linear=0
shrinkage=0.03


Tree=49
num_leaves=24
num_cat=4
split_feature=45 64 88 28 98 52 97 137 6 132 42 116 74 133 88 2 50 115 35 11 109 40 67
split_gain=52.9695 21.5432 16.9783 13.6623 12.0308 12.5423 13.3481 11.2885 10.8453 11.8317 10.8806 10.159 10.1418 9.40718 14.113 15.7017 17.5 9.73174 9.39241 10.8898 10.9539 9.60205 9.29586
threshold=0.086450000000000013 1.0000000180025095e-35 0 6.5000000000000009 1 1.0000000180025095e-35 2 1.7872584687420463 0.95050000000000001 0.34848484848484856 0.21580000000000002 0.30860805860805868 0.11009097035040433 0.31009615384615391 3 50.500000000000007 2.5000000000000004 0.58571428571428585 0.091850000000000015 5215.0000000000009 5.5000000000000009 0.53405000000000014 0.28305343420432938
decision_type=2 2 1 2 1 2 1 10 8 8 2 8 2 8 1 2 2 10 2 2 2 2 2
left_child=13 2 3 -2 5 6 7 -4 9 10 -7 -6 -10 14 15 16 -1 -18 -3 -20 21 -21 -19
right_child=1 18 4 -5 11 8 -8 -9 12 -11 -12 -13 -14 -15 -16 -17 17 22 19 20 -22 -23 -24
leaf_value=0.014271625026691985 -0.011785553430672759 -0.0012889589826720436 0.024068751969921053 0.022167201917487424 0.028742376608306031 0.064066630964711782 -0.0044689169491189109 -0.013514756352259467 0.073590638841436837 -0.013866028340800829 0.0046471628814781767 0.0030852023199267361 -0.0054084714667245086 -0.014679791566737195 -0.0081174642175913334 -0.0073065791709390378 -0.0076843148612732249 0.10667081833867854 -0.012998459723707357 0.047689609475730393 0.013427217032728403 -0.0038315755480738986 -0.0062280510614200046
leaf_weight=12.819173579569911 70.967498413287103 10.763683640398083 30.949641284067184 10.604814462363718 45.89573462959379 3.0533891571685725 88.447445611469448 7.7901777736842623 3.9826979669742277 8.2448528776876611 6.916222975589335 20.298884167335927 1.5931908055208621 119.09814061364159 77.456745887175202 11.068221894092856 0.67910977872088452 2.8181161745451395 4.1349441120401016 30.363223196472973 20.702008029911667 3.3033303078263989 0.51516080880537618
leaf_count=1630 3205 414 1266 397 1381 151 4370 349 186 357 235 611 80 15225 9655 1380 83 283 108 760 483 85 54
internal_value=0.00246471 0.00945131 0.00587009 -0.00534712 0.00960775 0.00588657 0.00198582 0.0162187 0.0249694 0.0110383 0.0305097 0.0211957 0.0555495 -0.0089727 -0.00236794 0.0108144 0.0365978 0.0794528 0.0242987 0.0288934 0.0324275 0.042703 0.09343
internal_weight=592.466 368.012 298.745 81.5723 217.172 150.978 127.187 38.7398 23.7904 18.2145 9.96961 66.1946 5.57589 224.455 105.357 27.8998 16.8316 4.01239 69.2672 58.5035 54.3686 33.6666 3.33328
internal_count=42748 14438 12588 3602 8986 6994 5985 1615 1009 743 386 1992 266 28310 13085 3430 2050 420 1850 1436 1328 845 337
cat_boundaries=0 1 2 3 4
cat_threshold=271062083 2 2 405014662
is_linear=0
shrinkage=0.03


Tree=50
num_leaves=24
num_cat=0
split_feature=45 75 73 56 45 2 48 146 18 44 1 46 141 45 14 47 143 23 130 47 2 136 136
split_gain=52.1546 19.2083 15.4118 12.7341 12.475 11.1113 10.7674 10.5073 10.2711 16.0815 9.39493 9.32634 9.02751 8.95521 10.3354 11.2343 8.01194 10.794 9.61813 9.33868 9.20023 14.2597 14.1912
threshold=0.18595000000000003 1.0000000180025095e-35 0.539933191618585 1.0000000180025095e-35 0.71430000000000005 26.500000000000004 1.1095000000000004 0.72500000000000009 51.500000000000007 0.06111500000000001 6.1500000000000012 1.2775000000000001 959.42000000000007 0.12195000000000002 1.5000000000000002 34.355000000000011 1.5000000000000002 62.050000000000004 -12936.359999999999 19.135000000000002 35.500000000000007 11251.735000000002 2306.0800000000004
decision_type=2 2 2 2 2 2 2 2 2 2 10 2 2 2 2 2 2 2 2 2 2 2 2
left_child=1 3 -3 7 5 -2 -6 8 -1 -10 11 12 -11 14 15 -4 17 18 -7 -18 21 -21 -22
right_child=4 2 13 -5 6 16 -8 -9 9 10 -12 -13 -14 -15 -16 -17 19 -19 -20 20 22 -23 -24
leaf_value=-0.014566570572096534 -0.0026138212610738393 -0.014671906899660457 -0.0096032541442760862 0.032614443968376039 -0.0014013497225566092 -0.018609857654076498 0.046886347830909308 -0.00017674983784216831 -0.016004351614617367 0.093045226227797817 -0.0043380557745458124 -0.0095304734254045165 -0.0073960859291639309 0.0031667272125863004 -0.010878342925605257 0.084895710648526107 0.05025690852273397 0.0029636426815764635 0.031604575329400406 0.052703952452569737 -0.02312923783472616 -0.017241854025346115 0.016671722562159576
leaf_weight=214.23966503795236 57.929406305775046 5.5288645033724633 0.90774081042036225 4.6410137093625954 5.622837511822584 2.681662684306505 12.787561040371655 78.673667614348233 8.5713548995554429 2.3832227643579245 2.6468820539303124 0.91869137994945038 0.64709621760994185 4.134317141957581 1.099318047519773 4.7422331133857369 6.8880826579406849 97.475290484726429 20.990463959053159 9.0377324251458031 8.2614093972370011 2.3700888343155375 37.795385169796646
leaf_count=28744 1668 358 64 247 49 78 95 4079 1168 299 327 114 84 175 86 315 106 2795 565 160 210 60 701
internal_value=0.000814129 -0.00711714 0.0227949 -0.00882189 0.0107622 0.008788 0.0334463 -0.00965243 -0.0128724 0.00996649 0.0395869 0.0605888 0.0771839 0.041151 0.0583759 0.0711719 0.0123385 0.00758674 0.0249095 0.0207857 0.0156816 0.0377678 0.00886699
internal_weight=590.974 329.134 16.4125 312.722 261.84 243.43 18.4104 308.081 229.407 15.1672 6.59589 3.94901 3.03032 10.8836 6.74929 5.64997 185.5 121.147 23.6721 64.3527 57.4646 11.4078 46.0568
internal_count=42547 36060 998 35062 6487 6343 144 34815 30736 1992 824 497 383 640 465 379 4675 3438 643 1237 1131 220 911
is_linear=0
shrinkage=0.03


Tree=51
num_leaves=24
num_cat=0
split_feature=145 62 48 41 64 116 116 64 50 12 32 29 41 24 74 122 110 37 129 123 1 1 74
split_gain=43.9543 21.2655 14.9085 15.0789 13.6846 16.1799 12.5097 10.9135 10.7818 10.4395 10.3959 11.7407 10.75 15.284 14.3671 9.91531 12.1632 10.6444 9.75336 9.4827 9.37072 9.43307 11.7725
threshold=1.0000000180025095e-35 1.0000000180025095e-35 1.2255000000000003 2.7705000000000006 1.0000000180025095e-35 0.09232954545454547 0.13423423423423428 1.0000000180025095e-35 2.5000000000000004 1.5000000000000002 50.500000000000007 0.15295000000000003 2.4685000000000001 7935.0000000000009 0.19278273809523813 511.21000000000009 2.5000000000000004 7.5000000000000009 -8033.1699999999992 3072.5800000000004 4.8500000000000005 3.4500000000000006 0.054851305091998294
decision_type=2 2 2 2 2 8 8 2 2 2 2 2 2 2 2 2 2 2 2 2 10 8 2
left_child=4 2 3 7 8 19 -5 -2 -1 15 11 -4 13 -12 18 -8 17 -17 -15 -6 21 -14 -23
right_child=1 -3 10 6 5 -7 9 -9 -10 -11 12 -13 20 14 -16 16 -18 -19 -20 -21 -22 22 -24
leaf_value=-0.015227547675722299 -0.0094495048815436463 0.025094912675865229 0.01527321704557855 -0.0081002625277305142 -0.010606811326001926 -0.00085508009200453564 -0.00091703806326666904 0.014731032410105909 -0.0013473346388902965 -0.0036231917591995171 -0.0017235956115152025 -0.012611965369614574 0.00093148962372933866 -0.0080615934199399965 -0.017445946499354877 -0.0060108668053631548 -0.0060757185435761016 0.067601274319699492 0.054761045067543292 0.071805580078233802 -0.0072853366623985439 0.080926968995287785 0.0083884901243268997
leaf_weight=148.98656227393076 110.95280134072527 54.252866296097636 27.38532133679837 13.892543583177028 1.0464551006443823 19.076218562200665 4.9942458900623086 17.896400164347142 76.203909276053309 7.7733323387801638 9.1149870031513256 23.330927196424454 9.0416154717095214 1.931237247306856 2.2675074315629891 1.6959103499539185 2.83383008185774 10.631108516361563 21.606073763221506 3.213814043905586 17.594055278226733 2.2828999757766715 4.8040364235639572
leaf_count=20153 6227 751 1061 886 85 1064 260 508 7091 373 370 990 346 80 87 101 123 433 693 197 676 80 181
internal_value=0.00127202 0.008193 0.00488111 -0.000825374 -0.0083044 0.0127897 0.0144163 -0.00591714 -0.0105837 0.0254096 0.0129199 0.00245343 0.0203646 0.0316197 0.0426743 0.0359231 0.0467514 0.0580486 0.0493788 0.0546411 0.00759221 0.0228349 0.044424
internal_weight=592.809 344.282 290.029 170.67 248.527 23.3365 41.821 128.849 225.19 27.9284 119.359 50.7162 68.6424 34.9198 25.8048 20.1551 15.1608 12.327 23.5373 4.26027 33.7226 16.1286 7.08694
internal_count=42816 14226 13475 8911 28590 1346 2176 6735 27244 1290 4564 2051 2513 1230 860 917 657 534 773 282 1283 607 261
is_linear=0
shrinkage=0.03


Tree=52
num_leaves=24
num_cat=1
split_feature=145 53 47 48 36 62 88 61 43 26 1 6 46 117 105 66 6 29 23 12 128 9 66
split_gain=44.5425 16.1848 13.5665 12.4765 11.243 10.5621 10.5917 12.0232 11.5969 11.3283 9.93401 10.4663 10.5974 13.3544 10.3666 10.2868 9.97525 9.83933 9.72252 9.86343 9.63049 9.55454 12.5314
threshold=1.0000000180025095e-35 1.0000000180025095e-35 103.26500000000001 1.0435000000000001 1.0000000180025095e-35 1.0000000180025095e-35 0 76.500000000000014 0.039505000000000005 0.08975000000000001 3.6500000000000008 0.77350000000000019 0.70850000000000002 0.17424242424242428 149.50000000000003 0.57257221300306271 0.87850000000000017 0.25945000000000007 69.350000000000009 1.0000000180025095e-35 -13157.409999999998 168150.00000000003 0.42603986450140302
decision_type=2 2 2 2 2 2 1 2 2 2 10 8 2 10 10 2 8 2 2 2 2 2 2
left_child=3 2 5 -1 -5 6 7 -2 -9 21 11 -11 13 15 18 20 -16 -10 19 -12 -13 22 -8
right_child=1 -3 -4 4 -6 -7 9 8 17 10 14 12 -14 -15 16 -17 -18 -19 -20 -21 -22 -23 -24
leaf_value=-0.015364292566918304 -0.016165921144554399 0.035198751984754875 -0.0075411270478112132 -0.0073462863863946494 0.012898528700873229 0.021682532347721918 0.032949806895054133 -0.0067333858238769742 0.051161224624013846 -0.011609491039115278 0.035520596738396977 -0.0019559866213985288 0.011608595363788761 0.0013932963001959905 0.05974414291485565 -0.010168873063040856 -0.0093886518782897461 -0.014681042321285288 -0.010281340249203286 0.00048639489385815814 0.088041800950520652 0.050216435737444699 -0.0084878511371964081
leaf_weight=125.82362075941637 37.76827246742323 16.492428272031248 52.401974430307746 89.154846705496311 31.891416589729488 46.379022714681923 11.934989730827516 12.32858622679487 5.9402493992820373 7.9501098594628266 7.8046478023752561 1.1478790058754382 26.621876546181738 4.4250726941972971 2.9294435526244333 0.95932842325419176 2.2684927228838205 1.7463987665250895 51.323176081292331 27.786286768037826 5.5189857948571426 8.6196354534476978 11.183751667849718
leaf_count=16477 1911 221 3218 9815 2333 626 537 440 182 220 306 42 1270 192 91 53 124 69 2314 1153 230 348 552
internal_value=0.000854144 0.00782106 0.00623485 -0.00882557 -0.00188953 0.0088989 0.00613565 -0.004578 0.0115716 0.00911978 0.00653981 0.0175108 0.0237736 0.0451694 0.000732649 0.0650033 0.0353476 0.0362594 -0.00208605 0.00965006 0.0756707 0.0260989 0.0138245
internal_weight=590.4 343.531 327.038 246.87 121.046 274.636 228.257 57.7835 20.0152 170.474 138.735 46.6233 38.6731 12.0513 92.112 7.62619 5.19794 7.68665 86.9141 35.5909 6.66686 31.7384 23.1187
internal_count=42724 14099 13878 28625 12148 10660 10034 2602 691 7432 5995 2007 1787 517 3988 325 215 251 3773 1459 272 1437 1089
cat_boundaries=0 1
cat_threshold=52561033
is_linear=0
shrinkage=0.03


Tree=53
num_leaves=24
num_cat=3
split_feature=45 53 45 73 47 48 23 88 36 1 75 120 44 97 68 28 124 124 78 88 41 143 67
split_gain=37.2949 17.0118 12.7712 12.7816 12.7541 10.8364 14.2825 10.0704 16.6498 13.4083 10.1406 10.1013 13.4305 10.0521 9.27853 9.75702 10.1921 10.8038 11.5598 9.23919 11.8161 9.22616 11.4715
threshold=0.090050000000000005 1.0000000180025095e-35 0.71430000000000005 0.96275862068965534 103.26500000000001 2.1795000000000004 88.550000000000011 0 1.0000000180025095e-35 4.4500000000000011 1.0000000180025095e-35 8545.6850000000031 0.040935000000000006 1 1.5504491981901569 2.5000000000000004 7181.005000000001 1684.4150000000002 0.095315000000000025 2 2.0015000000000005 1.5000000000000002 0.13310016187995158
decision_type=2 2 2 2 2 2 2 1 2 8 2 2 2 1 2 2 2 2 2 1 2 2 2
left_child=4 2 5 -4 7 19 -7 8 9 14 -9 -10 -13 -3 15 16 17 -1 -19 20 -2 -21 -23
right_child=1 13 3 -5 -6 6 -8 10 11 -11 -12 12 -14 -15 -16 -17 -18 18 -20 21 -22 22 -24
leaf_value=0.010396387337013134 0.017165674220256354 -0.006305908142784371 0.044433008019333503 -0.0080336640655143225 -0.018592509648333231 0.0092656254391285074 0.075824485020662663 -0.011200716853436586 -0.0017208674251626475 -0.012389867193986326 0.031694319826165294 -0.0035612269732799261 0.099493426952048547 0.041839280733226188 -0.0045746805709412329 -0.0085874312538992571 -0.010918701863387453 -0.0066450209797829394 0.11817583375392446 0.0016087208777573769 -0.011542625965352245 0.02773212713951442 0.0043998471132479788
leaf_weight=2.4373550312593562 13.801029351539908 4.3531816536560655 11.730553515255453 5.2296546213328829 75.055414721835405 11.798419238533823 2.1884094830602399 101.66602294659242 2.2179979248903683 21.450567334890366 3.3108192295767358 1.3820666526444259 2.1633983850479126 16.310428545810286 6.1695185001008204 2.1727127549238503 1.1228182590566573 0.56193776428699527 1.8414818653836844 155.0428641596809 71.561338976491243 31.076626840047538 46.630855465307832
leaf_count=311 532 75 90 45 10196 385 73 13007 267 2680 280 164 244 210 777 274 131 73 199 7287 3040 829 1445
internal_value=0.000984707 0.00680483 0.00513725 0.0291141 -0.00870182 0.0037458 0.0278626 -0.00345231 0.00700752 0.00225727 -0.00752261 0.0508701 0.0725253 0.0320352 0.0230455 0.0407593 0.0563793 0.0706175 0.0992288 0.00251798 -0.00514279 0.00532778 0.0141926
internal_weight=591.275 369.723 349.06 16.9602 221.552 332.1 13.9868 146.497 41.5199 35.7564 104.977 5.76346 3.54547 20.6636 14.3058 8.13631 5.96359 4.84077 2.40342 318.113 85.3624 232.75 77.7075
internal_count=42614 14011 13726 135 28603 13591 458 18407 5120 4445 13287 675 408 285 1765 988 714 583 272 13133 3572 9561 2274
cat_boundaries=0 1 2 3
cat_threshold=134482707 4 268720705
is_linear=0
shrinkage=0.03


Tree=54
num_leaves=24
num_cat=1
split_feature=145 45 76 143 133 88 105 26 76 0 10 43 45 128 125 47 40 125 108 43 69 45 5
split_gain=44.2683 19.1301 13.2998 14.3519 13.7147 13.6582 12.3717 11.7656 11.1395 11.0228 10.3578 9.4237 8.99284 10.1654 8.93122 11.6883 9.68196 8.86538 8.81879 8.72719 8.62846 11.3472 9.20496
threshold=1.0000000180025095e-35 0.096150000000000013 1.4036500000000001 1.5000000000000002 0.12916666666666668 0 75.500000000000014 0.19475000000000003 0.050950000000000002 44.500000000000007 0.90005000000000013 0.054525000000000011 0.18595000000000003 245.2950000000001 2318.7800000000002 19.135000000000002 0.27065000000000006 8414.2550000000028 9.5000000000000018 0.010445000000000001 2.4083033915411751 0.47885000000000005 297450.00000000006
decision_type=2 2 2 2 8 1 8 2 2 2 2 2 2 2 2 2 2 2 8 2 2 2 2
left_child=1 -1 3 5 10 8 7 9 -2 11 17 -7 -9 -14 19 16 -16 18 -5 -3 21 22 -10
right_child=2 14 -4 4 -6 6 -8 12 20 -11 -12 -13 13 -15 15 -17 -18 -19 -20 -21 -22 -23 -24
leaf_value=-0.015390529084600455 0.064092963956112053 0.021400625296360005 0.029021128646461017 -0.0031327093649715036 0.0096009719063317005 0.058822904636949801 -0.010447245391290322 -0.023055610288190982 -0.0094907508410177945 -0.0021821828524634292 -0.011947840075766832 -0.012404506697793112 0.030720384043731855 -0.011930888990052169 -0.013166897675570641 0.0030947281307143601 0.059094206762845512 0.0035251024114954514 0.061292353666082072 -0.0182401049981482 0.045388915290036864 0.033822284754733478 0.01986079555324851
leaf_weight=139.88804006297141 2.1291056275367728 4.3189925360493389 24.267337705474347 1.9897075560875279 105.58627990959212 7.1148374713957292 95.379236814565957 10.206503016874196 28.191308374516666 6.2396914688870302 2.772270339075475 1.2952856463380156 8.1513647558167595 8.3769788192585093 1.4219651911407698 67.681334014516324 4.2557590398937464 4.4393328181467941 12.307817634195089 26.169981886167079 4.203807490412145 9.3330023437738401 12.110591846518217
leaf_count=22327 147 282 647 46 3423 279 4991 787 1531 305 106 59 169 185 76 4131 159 148 355 1695 173 92 591
internal_value=0.00151425 -0.00822858 0.00842316 0.00668962 0.0144318 0.00148834 -0.0038679 0.00884928 0.0111278 0.0286672 0.0353115 0.0475772 -0.00324975 0.0101492 0.00152742 0.00716924 0.0422811 0.0427818 0.0530425 -0.011653 0.0117947 0.0073016 -0.000148707
internal_weight=587.831 243.736 344.094 319.827 127.095 192.732 136.764 41.3847 55.9678 14.6498 21.5091 8.41012 26.7348 16.5283 103.848 73.3591 5.67772 18.7369 14.2975 30.489 53.8387 49.6349 40.3019
internal_count=42704 28670 14034 13387 4078 9309 6775 1784 2534 643 655 338 1141 354 6343 4366 235 549 401 1977 2387 2214 2122
cat_boundaries=0 1
cat_threshold=202179332
is_linear=0
shrinkage=0.03


Tree=55
num_leaves=24
num_cat=1
split_feature=77 145 95 62 35 118 123 0 38 135 141 125 48 7 26 6 74 2 26 19 51 48 0
split_gain=37.2521 20.3881 13.9007 11.2082 9.93469 11.3775 11.5339 10.8651 11.5616 13.925 13.3912 9.80545 9.8997 11.8659 11.5879 9.15788 8.9704 8.95919 9.98924 8.79085 8.43076 8.42884 8.37419
threshold=1.0000000180025095e-35 1.5000000000000002 0 1.0000000180025095e-35 0.30205000000000004 0.26969696969696971 37799.745000000003 43.500000000000007 0.33265000000000006 1373.8600000000001 1651.6300000000003 11666.180000000002 1.0555000000000001 0.21250000000000002 0.34045000000000009 0.9275000000000001 0.13239670868347342 72.500000000000014 0.045850000000000009 33.500000000000007 0.13185000000000002 1.6055000000000004 67.500000000000014
decision_type=2 2 9 2 2 10 2 2 2 2 2 2 2 10 2 10 2 2 2 2 2 2 2
left_child=1 -1 3 11 7 6 21 8 19 -10 -11 22 -13 14 20 -4 -5 18 -7 -3 -14 -6 -2
right_child=2 4 15 16 5 17 -8 -9 9 10 -12 12 13 -15 -16 -17 -18 -19 -20 -21 -22 -23 -24
leaf_value=-0.014715625130901607 -0.002114956954954558 -0.0076481799432572915 0.037649451996834872 0.0097638177921747088 -0.019402151239052548 -0.012937384734233032 0.052359697328990012 -0.011780093368991178 -0.0047475770840199301 0.088149285949794737 0.0020556228748281526 -0.0011199717541914929 -0.014909984056802234 -0.0021705310410729188 0.070980995118666276 -0.010610372610849043 0.034014129123081022 -0.010094475593544225 0.057694714738401598 0.022658925891931865 0.033002105092185804 0.024794768287292747 0.022076561551293387
leaf_weight=138.84351267851889 160.89519551256672 34.528142204508185 19.124019704759124 52.655560440849513 13.345955654978761 1.4012373620644201 1.2513141380622972 56.738348965998739 4.9695204924792034 2.8021211726590991 2.6061998642981052 18.806971491314471 3.6234593004919642 8.2745063225738686 5.2929805908352128 3.3401256264187387 18.020202598068863 2.3290637517347923 8.4003825173713249 9.2724657510407251 7.5428639715537429 3.3304077945649615 11.984026179648934
leaf_count=19856 9411 2340 366 1002 595 49 42 3723 292 145 141 1287 230 405 221 136 297 81 246 626 272 79 719
internal_value=0.0012662 -0.00664189 0.00841127 0.00650984 0.00140439 0.016127 0.00023382 -0.00280039 0.00668819 0.0322903 0.058417 0.00305535 0.01544 0.0271735 0.0405623 0.030193 0.0167128 0.0362576 0.0471159 -0.000522959 0.0175515 -0.00886566 -0.000204696
internal_weight=589.379 279.819 309.56 287.096 140.975 30.0584 17.9277 110.917 54.1784 10.3778 5.40832 216.42 43.5408 24.7338 16.4593 22.4641 70.6758 12.1307 9.80162 43.8006 11.1663 16.6764 172.879
internal_count=42561 28215 14346 13844 8359 1092 716 7267 3544 578 286 12545 2415 1128 723 502 1299 376 295 2966 502 674 10130
cat_boundaries=0 1
cat_threshold=4
is_linear=0
shrinkage=0.03


Tree=56
num_leaves=24
num_cat=1
split_feature=45 88 45 133 48 66 66 123 141 125 37 124 19 35 145 53 76 47 30 73 44 124 42
split_gain=35.6204 14.2892 11.162 11.7078 15.0449 13.9828 11.4647 11.3423 12.4916 12.9173 12.0335 11.1397 12.6689 10.6561 10.3247 9.5865 9.77175 13.86 12.2425 11.3196 10.3566 11.7588 11.6548
threshold=0.18595000000000003 0 0.0095500000000000012 0.37797619047619052 1.3045000000000002 0.21528476414039796 0.37139189941282441 16140.315000000001 2906.8300000000004 1455.7400000000002 20.500000000000004 871.97500000000002 7.5000000000000009 0.095250000000000015 1.5000000000000002 1.0000000180025095e-35 1.2518500000000004 40.895000000000003 0.45035000000000008 0.48137931034482767 0.086245000000000002 573.7700000000001 0.20035000000000003
decision_type=2 1 2 8 2 2 2 2 2 2 2 2 2 2 2 2 2 2 10 2 2 2 2
left_child=1 2 -1 4 5 11 -6 8 9 -8 -11 -4 -13 -2 -3 16 17 20 -18 -20 21 -15 -22
right_child=13 14 3 -5 6 -7 7 -9 -10 10 -12 12 -14 15 -16 -17 18 -19 19 -21 22 -23 -24
leaf_value=-0.024487654881920829 -0.0052171227406443508 -0.016603156666756876 -0.013561668085693477 -0.0059844922196793946 0.0040128973422434225 -0.0018682325594152804 -0.0013745030787049291 -0.0052553362807458729 -0.0096345837571457024 0.12017635243501078 -0.0064971689546344368 -0.011134911573730259 0.082961419004020126 0.029887537155437911 -0.0037376535513325448 0.032467181632305372 0.01055098542206034 -0.0036492535628901784 -0.0018500085692899754 0.054957069037043296 0.05622359026599226 -0.0052102787511616169 0.013729303853025395
leaf_weight=8.5615042457357031 42.092193795368075 123.63983432715759 1.6084485542960454 31.136299811769277 4.9877522094175202 32.714333356823772 1.1256019780412314 1.6008798698894677 0.92483493173494924 3.5775910969823599 0.54316458432003845 1.1560134864412246 3.0290417294017971 9.7598711960017663 104.14933198317885 15.634356211870907 46.713028509169817 79.769855117425323 4.0212602270767084 10.804323252290486 7.3702181633561876 30.291349954903126 20.554798071272671
leaf_count=1365 1291 18756 169 3317 468 3562 117 129 91 303 50 122 288 254 7448 128 963 2257 94 193 155 720 443
internal_value=0.000390186 -0.00636312 0.00374487 0.0082981 0.0168713 0.006623 0.0427114 0.0616422 0.0760349 0.0896278 0.106812 0.0427456 0.0617738 0.00843957 -0.0097444 0.0110188 0.00912435 0.00481693 0.0189888 0.0411605 0.0145723 0.00435723 0.0279528
internal_weight=585.766 318.755 90.9655 82.404 51.2677 38.5078 12.7598 7.77207 6.17119 5.24636 4.12076 5.7935 4.18506 267.011 227.789 224.919 209.285 147.746 61.5386 14.8256 67.9762 40.0512 27.925
internal_count=42683 36185 9981 8616 5299 4141 1158 690 561 470 353 579 410 6498 26204 5207 5079 3829 1250 287 1572 974 598
cat_boundaries=0 1
cat_threshold=201589783
is_linear=0
shrinkage=0.03


Tree=57
num_leaves=24
num_cat=1
split_feature=45 53 78 22 19 71 47 42 128 19 136 115 98 73 116 49 133 13 35 73 66 40 105
split_gain=34.772 14.3598 14.3084 15.2342 13.8454 13.4996 11.8278 12.3586 11.7031 12.4639 10.0013 9.47365 9.45926 15.3921 13.8986 11.5643 9.17865 9.63159 9.10667 9.08248 9.08142 12.4218 8.80006
threshold=0.093650000000000025 1.0000000180025095e-35 0.42175500000000005 644.50000000000011 15.500000000000002 9.5000000000000018 103.26500000000001 0.46635000000000004 -15816.479999999998 1.5000000000000002 5469.2300000000005 0.56696428571428581 0 0.24060301507537693 0.27386363636363642 1.0000000180025095e-35 0.30217391304347835 0.5545500000000001 0.054250000000000007 0.90161290322580656 0.29538739819456866 0.37875000000000009 81.500000000000014
decision_type=2 2 2 10 2 2 2 2 2 2 2 10 1 2 8 2 8 2 2 2 2 2 10
left_child=6 2 12 4 5 8 7 -1 -4 -10 -5 -12 13 14 15 22 17 18 -9 -11 -14 -22 -2
right_child=1 -3 3 10 -6 -7 -8 16 9 19 11 -13 20 -15 -16 -17 -18 -19 -20 -21 21 -23 -24
leaf_value=-0.0069805816000165846 0.073525291348868302 0.029286137573951064 -0.0088777603368770334 -0.010124560214165442 0.0017620241782458732 -0.016112258376536046 -0.018324854782027656 -0.0057504963536238306 -0.0033535401293114035 0.089828264441431924 0.044023272704791734 0.0054156907205102529 -0.0064263935816783252 -0.0053713122281082116 -0.0095436466962724228 -0.0064682441940888758 -0.0023299413071460546 -0.014072365344969306 0.065623969418156514 0.029300670980125221 0.0037561603526235303 0.030249804266167829 -0.0037742603633666187
leaf_weight=129.13132423488423 5.4226062600500846 21.153532897122204 1.9891874371096552 20.918668591883034 9.8512777984142286 2.0388473328202954 73.348004902247339 1.6834104149602369 2.2543076062575045 7.7322192937135679 6.1301168166101005 21.711223667021841 22.893010161351413 162.49390937713906 6.1300460370257506 2.6631870926357806 9.7831083182245475 1.7296670898795126 5.1804164974018931 6.5495054945349693 38.436385464388877 26.025835426989943 1.3843229524791238
leaf_count=16795 273 274 56 651 242 57 10365 185 50 175 137 546 696 7787 267 92 1103 206 511 161 1195 750 77
internal_value=0.00071107 0.006375 0.00480782 0.0158317 0.0318016 0.0447604 -0.00864248 -0.00364721 0.0523772 0.0599086 0.00500956 0.0162971 0.00142593 -0.00254492 0.0241602 0.0438368 0.0181623 0.0375269 0.0507711 0.0690796 0.0093972 0.015041 0.0605178
internal_weight=586.634 365.778 344.625 79.1754 30.4153 20.5641 220.856 147.508 18.5252 16.536 48.76 27.8413 265.449 178.094 15.6002 9.47012 18.3766 8.59349 6.86383 14.2817 87.3552 64.4622 6.80693
internal_count=42651 13486 13212 2075 741 499 29165 18800 442 386 1334 683 11137 8496 709 442 2005 902 696 336 2641 1945 350
cat_boundaries=0 1
cat_threshold=2
is_linear=0
shrinkage=0.03


Tree=58
num_leaves=24
num_cat=1
split_feature=45 75 25 78 66 88 131 123 45 103 73 66 13 51 6 38 135 7 61 19 11 121 130
split_gain=36.1041 16.3333 11.1944 11.1213 10.653 9.14818 8.19038 8.76727 9.84415 8.98737 8.25681 13.0566 9.52647 10.6916 11.6212 12.5943 11.085 11.1667 9.99503 8.24937 7.92288 8.53079 8.02284
threshold=0.059750000000000004 1.0000000180025095e-35 90065.000000000015 0.22587500000000002 0.46098680133899977 0 0.28416149068322988 9028.7800000000025 0.11685000000000002 72.390000000000015 0.96275862068965534 0.6695688270435145 0.35585000000000006 0.19205000000000003 0.92850000000000021 0.21535000000000001 3357.8850000000007 0.14750000000000002 118.50000000000001 35.500000000000007 40535.000000000007 1013.86 -10945.629999999999
decision_type=2 2 2 2 2 1 8 2 2 2 2 2 2 2 8 2 2 8 2 2 2 2 2
left_child=-1 2 3 -2 -4 -5 7 8 -7 -10 11 12 18 -14 15 16 17 -15 -8 -20 21 22 -3
right_child=1 20 4 5 -6 6 10 -9 9 -11 -12 -13 13 14 -16 -17 -18 -19 19 -21 -22 -23 -24
leaf_value=-0.011380127119653086 -0.0070682436055739001 -0.017913873750805016 0.054427217029157794 -0.0043078865577442314 0.0017406557707223289 -0.020014145498894062 -0.0051549152416384492 -0.016249384413212713 0.0056123854195353684 0.043061573832245952 0.0014705461297153813 0.058481621757618868 -0.0063083244396404054 0.0058870721693140829 0.0030298203853886298 0.016010844275750117 -0.0018981510505466776 0.11492508901867865 0.046222056989143355 -0.014500488406971183 0.026498493464779352 -0.0078120263977304654 0.020373634403932219
leaf_weight=166.38889151578769 108.57091605709866 4.0734003097750238 4.9444017093628627 63.986590953078121 7.144732479006052 6.6756034404970697 25.098646957427263 17.405789758078754 21.038880686275665 6.3665631664916864 28.481550242751837 5.6680897651240221 5.3459051074460175 1.2731019738130287 5.880622307304292 6.0994239384308457 1.1556871267966924 3.3165852786041796 5.2623113109730175 1.7026256080716846 36.486088773235679 18.44950813986361 37.074899259954691
leaf_count=23710 7337 86 213 3020 370 615 1207 778 741 212 1347 240 295 56 301 232 51 126 190 75 571 339 669
internal_value=0.000371502 0.00504232 0.00179606 0.000615799 0.0279565 0.00471915 0.00815205 1.14706e-05 0.00875655 0.0166493 0.0149759 0.0210538 0.0152936 0.0291769 0.0394336 0.0544585 0.0806014 0.0956461 0.00417742 0.0314547 0.015776 0.00856439 0.0159288
internal_weight=587.891 421.502 325.418 313.329 12.0891 204.758 140.771 51.4868 34.081 27.4054 89.2845 60.803 55.1349 23.0713 17.7254 11.8448 5.74537 4.58969 32.0636 6.96494 96.0839 59.5978 41.1483
internal_count=42781 19071 17406 16823 583 9486 6466 2346 1568 953 4120 2773 2533 1061 766 465 233 182 1472 265 1665 1094 755
cat_boundaries=0 1
cat_threshold=288366614
is_linear=0
shrinkage=0.03


Tree=59
num_leaves=24
num_cat=0
split_feature=145 78 122 41 53 56 48 116 43 131 116 25 32 1 0 112 38 141 41 40 136 11 74
split_gain=30.9709 12.4926 13.1409 15.9756 12.093 11.8302 12.8977 13.7185 10.041 9.90895 9.60447 9.94574 12.3071 13.7371 10.1098 9.56436 8.90362 9.82228 9.58089 9.8854 9.74782 9.67722 11.2174
threshold=1.0000000180025095e-35 0.54844000000000015 2091.5250000000005 2.5715000000000008 1.0000000180025095e-35 1.0000000180025095e-35 1.2205000000000001 0.267948717948718 0.020715000000000001 0.35805860805860812 0.11583184257602865 25.000000000000004 51.500000000000007 3.5500000000000003 33.500000000000007 9.5000000000000018 0.20685000000000003 4818.5250000000005 2.6625000000000001 0.43635000000000007 1672.7350000000004 26075.000000000004 0.11376933251933254
decision_type=2 2 2 2 2 2 2 8 2 8 10 2 2 8 2 2 2 2 2 2 2 2 2
left_child=1 4 -3 -4 -1 6 16 8 -8 -7 -10 -12 -13 -14 -15 -9 -2 18 19 21 -20 22 -18
right_child=5 2 3 -5 -6 9 7 15 10 -11 11 12 13 14 -16 -17 17 -19 20 -21 -22 -23 -24
leaf_value=-0.010313469577271684 -0.0075192930688214536 -0.019158172452243553 0.071881639579489551 -0.011115739151846403 0.025381628747911777 0.039179024166076007 0.0030282941787046253 -0.021416635232554992 0.010029936809158755 0.001319706587570933 0.057652577804629727 -0.0051826142340937994 -0.0098492865068797487 -0.0076060931533628202 0.062563744065658414 0.0068171980918266262 0.034532813721710201 -0.013636098839531744 -0.010641179030786303 -0.020393623159613791 0.031212440684614651 -0.0067617197438037185 -0.0081847857943472702
leaf_weight=219.97576884366572 83.414018807001412 3.1825617961585504 3.7937016813084483 2.5250928211025894 7.0202117627486578 15.375891097821297 25.382009972818196 12.303261865861712 24.116321620065719 9.9162341579794866 11.090468782465903 9.2391261695884186 3.5940876901149723 1.7358296071179218 9.0587793383747321 42.068193955812603 15.485035944730045 17.570717659313232 5.1784136891365078 11.398764078970997 23.392605967354029 18.259860371239483 7.1357221747748545
leaf_count=27834 4887 201 189 119 287 169 950 451 960 115 329 349 130 54 239 1269 656 721 232 486 878 811 316
internal_value=0.000808957 -0.00752008 0.0232036 0.0440161 -0.00899751 0.00651718 0.00486822 0.0116921 0.0191342 0.02552 0.0257545 0.0355359 0.0214656 0.0371211 0.0518549 -0.000104772 -0.000403351 0.00565721 0.0100781 0.00218854 0.0234267 0.00914264 0.0214873
internal_weight=582.213 236.497 9.50136 6.31879 226.996 345.715 320.423 138.588 84.2166 25.2921 58.8346 34.7183 23.6278 14.3887 10.7946 54.3715 181.835 98.4211 80.8504 52.2794 28.571 40.8806 22.6208
internal_count=42632 28630 509 308 28121 14002 13718 4731 3011 284 2061 1101 772 423 293 1720 8987 4100 3379 2269 1110 1783 972
is_linear=0
shrinkage=0.03


Tree=60
num_leaves=24
num_cat=1
split_feature=45 98 53 51 46 146 120 22 105 23 2 41 2 40 76 116 34 115 66 133 0 99 13
split_gain=31.5877 14.12 13.1189 12.4741 11.749 11.0798 13.9813 10.3074 10.2818 13.3895 11.1483 11.1474 9.59322 9.31874 15.693 10.5081 11.5841 11.7194 11.3794 11.816 10.8366 10.4915 17.8281
threshold=0.090050000000000005 0 1.0000000180025095e-35 0.43050000000000005 0.81050000000000011 0.72500000000000009 9423.1600000000017 599.50000000000011 146.50000000000003 79.750000000000014 142.50000000000003 2.3725000000000005 71.500000000000014 0.40465000000000007 1.2852500000000002 0.26975051975051983 2877.0500000000006 1.6770833333333333 0.19432941028606615 0.13809523809523813 54.500000000000007 4576.4550000000008 0.30065000000000003
decision_type=2 1 2 2 2 2 2 10 10 2 2 2 2 2 2 8 2 8 2 10 2 2 2
left_child=5 2 3 8 -5 -1 -7 -8 10 11 -2 -10 -13 14 21 16 17 18 -15 -20 -17 -3 -23
right_child=1 13 -4 4 -6 6 7 -9 9 -11 -12 12 -14 15 -16 20 -18 -19 19 -21 -22 22 -24
leaf_value=-0.011620524318909151 -0.0048048490302696261 -0.0047436342345152207 0.027890718214725344 0.042610178702022737 0.0030828314145353859 -0.010951633640499061 0.053546894920745651 0.0082818819126820944 -0.0029861573260847353 -0.01417431425529291 0.038169917016080801 0.07773754117163964 -0.0049051311461277263 -0.0097449533443186419 0.031914405155705025 -0.0061667622672181644 -0.016944243116923833 -0.0057179713695151924 -0.00044642243223950144 0.066990497984900643 0.040023216760639718 -0.01654755991849536 0.056959141739263808
leaf_weight=162.70771430572495 195.51746570365503 51.839092120528221 15.037190264090894 9.5567533452995139 17.163163855671883 23.99352063331753 4.4179418664425638 18.821198893710971 3.303975045680998 4.9987630825489751 3.6015924024395636 4.0373366689309478 1.312460033688694 1.913918136619041 17.103234680835158 14.515556465834381 2.1737055149860671 3.3609154480509451 2.6675761602818993 15.543744458816944 4.4106214763596645 3.9217203175649029 4.9927269327454269
leaf_count=26047 9142 1598 221 262 492 1409 213 1019 133 226 136 149 50 64 392 342 64 90 71 342 100 117 107
internal_value=0.00134131 0.00652418 0.00245392 0.000639034 0.0192031 -0.00793885 0.0047007 0.0204484 -0.00184936 0.0215964 -0.00365569 0.041041 0.0616452 0.0148098 0.00819699 0.0255096 0.0373706 0.0433328 0.0513007 0.0580457 0.00739391 0.000715764 0.0275149
internal_weight=586.912 376.972 254.529 239.492 26.7199 209.94 47.2327 23.2391 212.772 13.6525 199.119 8.65377 5.3498 122.443 77.8568 44.586 25.6599 23.4862 20.1252 18.2113 18.9262 60.7535 8.91445
internal_count=42786 14098 10811 10590 754 28688 2641 1232 9836 558 9278 332 199 3287 2214 1073 631 567 477 413 442 1822 224
cat_boundaries=0 1
cat_threshold=2
is_linear=0
shrinkage=0.03


Tree=61
num_leaves=24
num_cat=1
split_feature=75 145 48 47 97 42 105 105 24 39 143 6 32 68 6 46 22 32 6 135 1 78 135
split_gain=29.4091 18.5741 16.6205 11.5457 11.2259 11.6014 11.0418 10.2363 11.444 9.67753 9.37139 9.12135 9.52981 12.2598 8.87732 8.50411 8.28571 10.0183 10.1576 14.1259 10.4936 9.7417 8.41752
threshold=1.0000000180025095e-35 2.5000000000000004 2.2365000000000008 66.895000000000024 0 1.0025500000000001 39.500000000000007 24.500000000000004 38165.000000000007 0.21705000000000002 1.5000000000000002 0.96150000000000013 50.500000000000007 2.6214750291337294 0.86950000000000005 1.0615000000000003 647.50000000000011 34.500000000000007 0.91750000000000009 1001.1000000000001 5.9500000000000011 0.13154500000000002 7020.9800000000005
decision_type=2 2 2 2 1 2 8 10 2 2 2 8 2 2 10 2 10 2 8 2 8 2 2
left_child=1 2 3 7 -2 10 15 9 -9 -1 -6 12 -10 -14 -4 -3 17 -8 21 -20 22 -19 -21
right_child=4 6 14 -5 5 -7 16 8 11 -11 -12 -13 13 -15 -16 -17 -18 18 19 20 -22 -23 -24
leaf_value=-0.015675532316431352 0.027508007842935802 0.032917533178681076 0.051807760294395204 -0.014944622315177621 -0.0082933706173259174 0.031391029571929574 0.041678659124966586 -0.0021452082004258708 0.0009149756828197305 0.0047855725747396084 0.016743245704080329 -0.0064239086422737289 0.070903178175521053 -0.0037052617831892739 -0.0095786174797848431 0.0020019317054717706 -0.0045763078847387258 0.027035273128503429 -0.00941888593655924 0.072842178433613403 0.003482792785832398 -0.013333318226318017 -0.0040321166176121243
leaf_weight=64.687376391608268 36.300632945261896 17.643698298372332 4.47077977284789 137.82887815777212 35.942619794048369 11.816744856536387 5.7944515282288185 47.090938088484108 4.6808070563711253 29.110416087787598 18.851598831824958 5.4610504261218002 5.9321262757293862 2.3879701355472207 2.346236836630851 13.981857024133204 88.941305421292782 4.7206580191850689 7.6625947179272798 5.1536098783835742 4.9567146776244053 25.999653307721019 1.316009549424052
leaf_count=6880 564 509 244 18840 1024 129 200 4244 397 2629 304 516 449 193 213 431 3228 177 331 153 183 745 42
internal_value=0.000110778 -0.00302164 -0.0074953 -0.00864745 0.014505 0.00682359 0.00469551 -0.00308304 0.00590689 -0.00935803 0.000606598 0.0246476 0.0368156 0.0529214 0.0332999 0.0201816 0.00107807 0.00996743 0.00481185 0.0209082 0.0396194 -0.00585671 0.0599453
internal_weight=583.079 480.167 303.997 297.18 102.912 66.611 176.171 159.351 65.5529 93.7978 54.7942 18.462 13.0009 8.3201 6.81702 31.6256 144.545 55.6037 49.8092 19.0889 11.4263 30.7203 6.46962
internal_count=42625 40604 34605 34148 2021 1457 5999 15308 5799 9509 1328 1555 1039 642 457 940 5059 1831 1631 709 378 922 195
cat_boundaries=0 1
cat_threshold=2
is_linear=0
shrinkage=0.03


Tree=62
num_leaves=24
num_cat=2
split_feature=45 95 76 145 6 48 47 88 44 2 5 69 108 37 125 78 46 78 136 125 4 128 36
split_gain=31.338 12.2309 11.4167 9.6006 9.49562 11.8093 8.85562 8.91298 9.96396 9.88884 9.08661 9.18272 9.19904 12.6204 8.91701 8.20557 7.91448 9.84654 10.7848 8.02913 9.16702 7.6257 8.85099
threshold=0.097350000000000006 0 1.4036500000000001 1.0000000180025095e-35 0.86050000000000015 1.0965000000000003 19.135000000000002 1 0.085605000000000014 94.500000000000014 138750.00000000003 -0.086931037380270193 29.500000000000004 9.5000000000000018 2195.2750000000001 0.54844000000000015 1.3585000000000003 0.21045500000000003 2951.0000000000005 12337.320000000002 1.5000000000000002 2813.835 1.0000000180025095e-35
decision_type=2 9 2 2 8 2 2 1 2 2 2 2 8 2 2 2 2 2 2 2 2 2 2
left_child=3 2 6 -1 -4 -6 -2 10 15 16 -8 -12 -13 -14 -15 -9 -10 -18 -19 20 -20 -5 -23
right_child=1 -3 4 21 5 -7 7 8 9 -11 11 12 13 14 -16 -17 17 18 19 -21 -22 22 -24
leaf_value=-0.013384741282630667 0.018058024741979154 0.027481050596301543 0.0046208362683070872 -0.0059363332916274021 -0.00082375856580082845 0.055129129936366067 -0.0030715772775164415 -0.0099841804240802991 -0.0052811093839107972 0.030232787574484048 -0.01392073224272126 0.005190422325435355 0.0041429066935174856 -0.0017564344110519564 0.053523491119135846 0.02267795518844597 -0.020579330349479171 -0.0099229592071511923 -0.0037749355307068739 -0.0089103594918143875 0.059559689486886586 0.0033526234509358892 0.045439481681639485
leaf_weight=128.42290056450292 29.471360413357615 20.730368214659393 15.595093715935947 65.19875233899802 4.7939585465937844 9.167927142698316 28.885577861685306 113.244397202041 51.892405472230166 10.243970457930116 6.0930645004846147 19.944204993080348 10.420101088471712 2.9364765868522253 15.736485724803059 5.5026697497814885 3.85962258698419 4.9517150353640345 2.2900372385047367 2.100091850385069 8.2044336549006385 20.175277397502217 3.9304704712703815
leaf_count=22322 773 257 366 5387 191 234 1163 4960 1963 297 236 703 443 111 542 132 182 184 77 74 216 1589 301
internal_value=0.000772656 0.00612226 0.00468923 -0.00819546 0.0219091 0.0382211 0.00294969 0.00128001 -0.00230905 0.00527264 0.0080932 0.0173873 0.0216705 0.0319075 0.0455014 -0.00812008 0.00107392 0.0156147 0.0248673 0.0380309 0.0473472 -0.00060338 0.0131704
internal_weight=583.791 366.064 345.334 217.727 29.557 13.9619 315.777 286.305 202.289 83.5423 84.0159 55.1303 49.0373 29.0931 18.673 118.747 73.2983 21.4059 17.5463 12.5946 10.4945 89.3045 24.1057
internal_count=42703 13104 12847 29599 791 425 12056 11283 8085 2993 3198 2035 1799 1096 653 5092 2696 733 551 367 293 7277 1890
cat_boundaries=0 1 2
cat_threshold=4 211353620
is_linear=0
shrinkage=0.03


Tree=63
num_leaves=24
num_cat=2
split_feature=94 146 48 78 68 146 48 11 128 47 15 9 23 141 40 116 131 97 30 34 23 73 60
split_gain=23.6343 18.1532 15.7872 11.3926 12.6822 10.7332 13.6572 10.578 11.518 10.3421 10.229 9.90436 12.2042 12.5502 10.5522 9.41605 11.9259 9.23627 10.1841 9.9453 11.6459 9.14559 9.10201
threshold=0 0.72500000000000009 2.2365000000000008 0.54844000000000015 1.0338478980858217 0.67500000000000016 1.2305000000000004 12865.000000000002 -8404.2949999999983 88.695000000000007 1.5000000000000002 12350.000000000002 75.750000000000014 6363.3050000000012 0.15815000000000004 0.17445652173913045 0.21132376395534294 1 0.75405000000000011 527.45000000000016 64.450000000000017 0.32178811121764145 0.96425000000000016
decision_type=9 2 2 2 2 2 2 2 2 2 2 2 2 2 2 8 10 1 8 2 2 2 2
left_child=9 2 3 5 -5 6 -2 -6 -9 10 11 -1 13 14 -13 16 -14 -3 19 -19 -21 -18 -8
right_child=1 17 -4 4 7 -7 22 8 -10 -11 -12 12 15 -15 -16 -17 21 18 -20 20 -22 -23 -24
leaf_value=-0.018095894123461746 -0.0091955512021625104 0.015304744279903634 0.032388498615341259 -0.017150554112279118 -0.010328017497603726 -0.012532703326144723 0.0068659173756279463 -0.0067679812422124066 0.073829867983639899 -0.0038030215792459773 -0.0090426903765539243 -0.012418882109322685 -0.016690547951102416 -0.011006371844436938 0.06019717782742514 0.0025200325226177769 -0.011574709501673153 -0.01213286932445921 -0.0024547341731618721 0.06382994320573665 0.010440771135438256 0.061083730666865975 0.047730592437378427
leaf_weight=2.6299596107564858 60.058229316957295 58.047051995061338 7.3664922644384196 4.5493357405066481 2.3771510855294746 195.2852842612192 34.1614676467143 1.7259088186547149 4.2107151532545695 13.975360629614441 6.45995856123045 1.2984485905617535 2.0203662309795645 2.2820342243649057 18.579724974464625 17.993032290134579 1.1933318260125796 5.5466218162328031 115.01252412144095 4.2610489390790454 11.38714876770973 7.1662783497013152 3.9458814789541057
leaf_count=122 4681 1420 452 243 123 25860 1852 79 153 992 229 78 95 84 623 650 67 184 3689 116 371 321 214
internal_value=0.00100015 -0.00159331 -0.00611993 -0.0072501 0.0185552 -0.0084992 -0.000385138 0.0376305 0.0545974 0.014274 0.0242879 0.0285189 0.0315415 0.0476299 0.0547522 0.0166671 0.0368213 0.00550114 0.00116215 0.0193083 0.0305649 0.0504796 0.0132664
internal_weight=581.533 507.935 313.68 306.314 12.8631 293.451 98.1656 8.31378 5.93662 73.5985 59.6231 53.1632 50.5332 22.1602 19.8782 28.373 10.38 194.254 136.207 21.1948 15.6482 8.35961 38.1073
internal_count=42698 39437 33657 33205 598 32607 6747 355 232 3261 2269 2040 1918 785 701 1133 483 5780 4360 671 487 388 2066
cat_boundaries=0 1 2
cat_threshold=102777867 2
is_linear=0
shrinkage=0.03


Tree=64
num_leaves=24
num_cat=1
split_feature=45 98 73 145 2 133 129 129 122 78 40 78 60 66 137 45 6 133 122 117 7 141 76
split_gain=36.5857 15.9246 15.2717 13.9266 13.915 11.6359 11.349 11.0213 14.8397 10.7439 10.1496 10.091 9.84652 9.72452 10.7785 8.80099 8.63089 12.3945 8.55103 10.1684 8.37709 8.26932 8.50016
threshold=0.086450000000000013 0 0.20425901781833988 1.0000000180025095e-35 144.50000000000003 1.0000000180025095e-35 -8319.2299999999977 -2166.4049999999993 12398.705000000002 0.22587500000000002 0.15815000000000004 0.15489500000000003 0.91145000000000009 0.43889580502751097 2.0968086549919698 0.028250000000000001 0.97950000000000015 0.26969696969696971 2251.2500000000005 0.47222222222222227 0.37950000000000006 4495.7800000000007 0.4351000000000001
decision_type=2 1 2 2 2 8 2 2 2 2 2 2 2 2 8 2 8 8 2 10 8 2 2
left_child=3 2 11 -1 9 13 -3 8 15 -4 -8 -2 16 14 20 -7 -11 -18 -19 -20 -5 22 -10
right_child=1 6 4 5 -6 7 10 -9 21 12 -12 -13 -14 -15 -16 -17 17 18 19 -21 -22 -23 -24
leaf_value=-0.015327541816929776 0.074587389141778926 -0.011583546426657305 -0.00937297932382543 0.07342846568927873 0.046946513935556204 0.02531250309713183 -0.01330537998152574 -0.011807021203621634 -0.0012643580613032172 0.0040365910327081842 0.020460776889318813 0.013403410926807479 -0.0087869369216306403 -0.0068337379115868627 -0.013136656140846222 -0.016466796975526922 -0.0044203183081028387 0.0076131137625000556 0.0666166995755786 -0.0063234567100305984 -0.0091187691305662771 -0.0045870449802284489 0.090248757464315668
leaf_weight=119.29357226099819 1.9930605213157822 11.424642627127467 77.82639707159251 4.348115951754151 3.7304148986004284 5.0126720867119756 7.2945634997449806 47.870283610653132 1.1147474334575229 98.071824114769697 109.82750367652625 9.3551616310141963 38.880139809567481 4.3861281918361783 1.5118963103741405 10.889824673067777 8.85624045180157 6.2838174118660381 7.39479479100555 1.7068310729227958 0.84767835168167938 1.5139073128812013 1.9802139899693427
leaf_count=21564 98 291 4222 296 136 471 261 4155 94 3530 2802 434 1656 366 117 861 376 246 271 77 56 123 135
internal_value=0.00145491 0.00686859 0.00247197 -0.00893143 0.000747854 0.000809775 0.0153884 -0.004041 0.0135224 -0.000356757 0.0181697 0.0337146 0.00405791 0.0267599 0.0452509 -0.00194084 0.00821662 0.0235308 0.0382778 0.0542632 0.0611698 0.0513178 0.0697299
internal_weight=581.414 382.645 254.099 198.769 242.75 79.4755 128.547 68.3816 20.5114 239.02 117.122 11.3482 161.194 11.0938 6.70769 15.9025 122.314 24.2417 15.3854 9.10163 5.19579 4.60887 3.09496
internal_count=42638 14400 11046 28238 10514 6674 3354 5839 1684 10378 3063 532 6156 835 469 1332 4500 970 594 348 352 352 229
cat_boundaries=0 1
cat_threshold=2
is_linear=0
shrinkage=0.03


Tree=65
num_leaves=24
num_cat=2
split_feature=145 77 88 76 29 42 130 116 88 42 22 35 7 19 26 76 133 14 122 121 114 6 121
split_gain=24.6337 13.176 11.9629 11.3977 11.1757 14.6876 12.706 11.4446 11.0328 10.2796 9.29844 9.0827 8.74204 8.49075 9.03876 8.45962 8.40856 11.5697 10.5594 13.5917 10.7396 9.43428 8.69393
threshold=1.0000000180025095e-35 1.0000000180025095e-35 0 1.2730500000000002 0.23855000000000001 -0.15634999999999996 -4997.9649999999992 0.26975051975051983 1 0.40525000000000005 780.50000000000011 0.43895000000000006 0.063500000000000015 53.500000000000007 0.28315000000000007 0.41285000000000005 0.22474747474747478 1.5000000000000002 369.17000000000007 410.99500000000006 5.5000000000000009 0.95450000000000002 9151.1000000000004
decision_type=2 2 1 2 2 2 2 8 1 2 8 2 8 2 2 2 8 2 2 2 2 8 2
left_child=1 12 4 8 9 -6 -7 10 -2 -3 -8 -4 -1 -14 15 -15 17 21 -18 20 -20 -10 -21
right_child=3 2 11 -5 5 6 7 -9 16 -11 -12 -13 13 14 -16 -17 18 -19 19 22 -22 -23 -24
leaf_value=0.010926964682372142 -0.0059746229732996281 -0.013720089693184018 -0.010457651090861043 0.015916800219472376 -0.0076688353158781549 -0.001621249854381799 0.11688832178663587 0.0069321598099255062 0.02961004506998631 0.025752198492032377 0.0018397368106396726 0.026365683114934781 -0.017361411208995623 -0.011459971295183568 -0.017570109473579096 0.064592787877237337 -0.011272562774766234 -0.0069953651502764986 -0.0026599091453862471 -0.010615762293341283 0.027278018683809264 -0.00029006884342191503 0.014670934594582914
leaf_weight=11.106702889781443 71.9964439435862 10.279865361750131 66.038819076959044 78.548849374055862 3.3178908387199044 2.1377556133083999 2.8486837493255721 1.8503166912123559 37.541719262488186 9.6576783480122668 0.80154075473546971 4.7080761431716374 109.71223356435075 1.2202715799212449 2.7678549773991108 1.7993092252872882 34.261086007580161 14.589186937082557 14.817994186189024 37.908513067755848 34.599609040189534 12.448944569565354 15.703090665396301
leaf_count=1760 3202 1082 6128 2152 435 174 183 95 1396 452 51 181 17190 205 438 252 1649 619 657 1691 1346 669 618
internal_value=0.00102767 -0.00661619 0.00142971 0.00598773 0.0117947 0.0425364 0.0614104 0.0798075 0.00304518 0.00600477 0.101219 -0.00546987 -0.0129973 -0.0154447 0.0160171 0.0415381 0.00625477 0.0157795 0.00273484 0.00751879 0.0185468 0.0224394 -0.00294792
internal_weight=580.662 228.247 101.641 352.415 30.8937 10.9562 7.6383 5.50054 273.867 19.9375 3.65022 70.7469 126.606 115.5 5.78744 3.01958 201.87 64.5799 137.29 103.029 49.4176 49.9907 53.6116
internal_count=42625 28626 8781 13999 2472 938 503 329 11847 1534 234 6309 19845 18085 895 457 8645 2684 5961 4312 2003 2065 2309
cat_boundaries=0 1 2
cat_threshold=210112000 806376481
is_linear=0
shrinkage=0.03


Tree=66
num_leaves=24
num_cat=1
split_feature=45 64 47 47 88 133 5 130 5 13 112 39 114 108 40 1 76 74 23 47 45 121 125
split_gain=25.941 14.8943 12.1673 11.7412 11.9234 15.9015 18.7607 16.4629 12.4648 12.827 11.454 11.7291 10.927 10.4424 9.95667 9.71099 8.9825 12.8428 8.96946 8.88395 8.79641 10.6493 8.66821
threshold=0.097350000000000006 1.0000000180025095e-35 19.135000000000002 102.51000000000001 0 0.36602870813397131 183550.00000000003 -3550.8099999999999 84850.000000000015 0.14925000000000002 11.500000000000002 0.065050000000000011 8.5000000000000018 28.500000000000004 0.41765000000000008 1.9500000000000002 1.2730500000000002 0.071717692081248174 55.95000000000001 134.32000000000002 0.17435000000000003 4593.5300000000016 31107.475000000002
decision_type=2 2 2 2 1 8 2 2 2 2 2 2 2 8 2 8 2 2 2 2 2 2 2
left_child=3 2 -2 4 5 6 7 -1 -9 -10 11 -4 15 -11 -8 -12 -13 -18 -15 20 21 -17 -6
right_child=1 -3 10 -5 22 -7 14 8 9 13 12 16 -14 18 -16 19 17 -19 -20 -21 -22 -23 -24
leaf_value=-0.0089066827689815147 0.020967415962837077 0.0180654454085361 0.023739182242905214 -0.016869130727152258 -0.010516546819414253 -0.0084042784214453155 -0.0095788757323857672 -0.0098337413161588526 -0.0018393976172365091 0.012398539846398715 -0.013877436196176839 -0.013880591775541896 -0.0029615649274675315 0.0037088514302009933 0.03990599067954969 -0.016193062864331885 -0.0185522540891487 0.023342641785030697 0.13417170505421983 0.050316254639981753 0.018437422294819282 0.033154264751113389 0.023866892820890336
leaf_weight=2.2262370730750263 28.785181424114853 73.273137367330492 8.8279381580650789 69.693965849000961 97.97255119914189 15.817023668438194 10.994933142792432 0.96205879468470978 1.1844862094148991 1.5114576541818676 9.3513296861201507 79.9409856707789 66.410278313327581 0.65089952340349588 3.1287598572671405 14.753420248627664 9.2099127629771846 14.246859129052607 3.1068294290453196 4.6154322987422338 58.772014429327101 3.1763229682110241 5.1985644758678964
leaf_count=266 719 1744 390 10664 13318 2121 1380 135 165 172 383 3500 2594 66 354 1099 357 420 368 221 1449 218 638
internal_value=0.00136088 0.00613292 0.00309894 -0.00696015 -0.00195624 0.00895707 0.0289581 0.0572011 0.0747234 0.0866728 0.00104854 -0.0062076 0.0062456 0.101602 0.00497351 0.0129078 -0.00916636 0.00672809 0.120711 0.0162472 0.0129706 -0.00500117 -0.00675694
internal_weight=583.811 371.363 298.09 212.448 142.754 39.5827 23.7657 9.64197 7.41573 6.45367 269.304 112.226 157.079 5.26919 14.1237 90.6685 103.398 23.4568 3.75773 81.3172 76.7018 17.9297 103.171
internal_count=42741 13094 11350 29647 18983 5027 2906 1172 906 771 10631 4667 5964 606 1734 3370 4277 777 434 2987 2766 1317 13956
cat_boundaries=0 1
cat_threshold=419694851
is_linear=0
shrinkage=0.03


Tree=67
num_leaves=24
num_cat=1
split_feature=63 145 88 143 48 44 72 1 44 1 11 36 11 61 0 76 44 13 2 40 112 20 61
split_gain=22.0062 14.0755 13.209 11.0906 8.92153 8.35443 8.12383 9.16001 7.97731 10.1806 10.3671 9.80514 10.8067 10.5726 9.53176 9.02293 7.93799 9.99004 7.84279 7.69521 7.96741 7.66494 8.2763
threshold=1.0000000180025095e-35 1.5000000000000002 0 1.5000000000000002 1.8465000000000003 0.040145000000000007 0.46428571428571436 2.2500000000000004 0.14370500000000003 6.1500000000000012 40075.000000000007 1.0000000180025095e-35 17695.000000000004 61.500000000000007 48.500000000000007 1.2388500000000002 0.087665000000000007 0.36765000000000009 56.500000000000007 0.44615000000000005 9.5000000000000018 1.0000000180025095e-35 8.5000000000000018
decision_type=2 2 1 2 2 2 2 10 2 8 2 2 2 2 2 2 2 2 2 2 2 2 2
left_child=1 8 -3 -2 5 -4 7 -5 11 10 14 -1 13 18 15 -10 17 19 -13 20 -8 -7 -23
right_child=3 2 4 6 -6 21 16 -9 9 -11 -12 12 -14 -15 -16 -17 -18 -19 -20 -21 -22 22 -24
leaf_value=-0.015583367273746391 0.0035172411065518393 -0.0091280548692130817 -0.0079646705739838917 -0.0027149296118453318 0.027014197069804735 0.0051695079378830727 0.0013116622333494167 0.036307986442350025 0.095215976012736389 -0.016453074576086215 -0.014454071386862527 0.01016969659200823 -0.010638043887358398 -0.014333917861737095 -0.0044833339426360299 -0.0073298174681851163 -0.0090185856327835972 -0.00067499925611515005 0.067263782922792947 -0.0080882390217705876 0.069109032996608338 0.061098131810058479 0.0077974171835088636
leaf_weight=124.8302158373408 132.98154750233516 53.311248174868524 38.264524681027979 6.3908436261117449 14.774877692572771 101.43202742422 2.1651855176314729 25.839719028677791 1.8254364645108561 4.519247525371612 1.817077742423862 5.4212126345373708 19.251602877862751 3.6130689056590191 1.5021119862794874 0.6309452918358146 14.031612881459294 11.024290020577608 2.9234971334226429 1.8169358507730065 4.41513910330832 2.885476653929798 7.1878091092221439
leaf_count=20009 5051 2950 2455 133 506 5001 39 467 222 553 213 743 2243 337 171 55 248 304 394 39 100 139 305
internal_value=0.000550646 -0.00363888 0.00138367 0.0086081 0.00541541 0.00384881 0.0185064 0.0288638 -0.0101554 0.0135686 0.0352495 -0.0118725 0.00301456 0.0233696 0.0552585 0.0774077 0.00746227 0.0190996 0.0393094 0.0401967 0.0523066 0.00797167 0.0306573
internal_weight=582.856 384.19 217.856 198.665 164.545 149.77 65.6837 32.2306 166.334 10.2948 5.77557 156.04 31.2094 11.9578 3.95849 2.45638 33.4532 19.4216 8.34471 8.39726 6.58032 111.505 10.0733
internal_count=42677 36296 11356 6381 8406 7900 1330 600 24940 1214 661 23726 3717 1474 448 277 730 482 1137 178 139 5445 444
cat_boundaries=0 1
cat_threshold=23212042
is_linear=0
shrinkage=0.03


Tree=68
num_leaves=24
num_cat=3
split_feature=45 64 88 76 7 42 88 69 34 97 143 5 62 116 113 67 42 74 0 5 122 68 2
split_gain=21.7204 11.5084 11.4432 16.5174 14.7761 10.7247 10.1977 10.1972 12.0253 11.8524 11.3448 11.112 11.633 10.7982 10.4031 11.543 9.68098 9.08239 8.92837 8.74561 9.18025 8.53741 10.3836
threshold=0.086450000000000013 1.0000000180025095e-35 0 0.056350000000000018 0.16250000000000003 0.14365000000000003 1 1.6181553581553583 1025.595 2 1.5000000000000002 300150.00000000006 1.0000000180025095e-35 0.53452380952380962 2.5000000000000004 0.0505902519428117 -0.15634999999999996 0.14788306451612906 36.500000000000007 62750.000000000007 10639.190000000001 1.4177057331730298 40.500000000000007
decision_type=2 2 1 2 8 2 1 2 2 1 2 2 2 10 2 2 2 2 2 2 2 2 2
left_child=2 6 3 4 18 -5 -2 8 10 -9 11 12 13 -8 15 16 -11 -14 -1 -12 -21 -7 -23
right_child=1 -3 -4 5 -6 21 7 9 -10 14 19 -13 17 -15 -16 -17 -18 -19 -20 20 -22 22 -24
leaf_value=-0.0068450141166597469 -0.0051322844547821312 0.015834635930724015 -0.010286862573757648 -0.0087849064110412552 -0.0042382749787478078 0.0018320803596173574 -0.010802524369611294 0.045536890106352174 -0.0048599639737853641 -0.0028508354263319818 -0.0091854565379724962 0.043643356319464623 0.0065401183159972459 0.035829699238442557 -0.016829179814323053 -0.0018527982112252392 0.066897676951597415 0.058540389394410829 0.098647903161690031 0.03283976954559821 -0.0095378862892802133 -0.0030849858495771007 0.070847121746078753
leaf_weight=0.58273975178599302 86.689010804984719 75.521406166721135 138.35787087958306 34.283459760714322 2.6319640749134123 10.139836856629698 51.159039508085698 10.144835012033582 82.385444760788232 2.3167778458446264 5.9433402474969617 3.4920243001542977 11.323785490822045 2.9325447184965006 8.1159552703611535 8.7855498422868532 4.0700944052077856 2.462053555995225 1.9576629544608293 31.634833673480898 4.4265716639347366 2.422660314012318 2.7439117333851755
leaf_count=79 3648 1855 20382 5068 415 1326 2812 364 3169 122 215 132 196 151 349 356 145 37 281 861 109 307 325
internal_value=0.00141403 0.00546851 -0.00677514 0.00463598 0.0492313 0.00050287 0.00290613 0.00588342 0.00379608 0.0213523 0.0100614 0.00259672 -0.000703671 -0.00708699 0.00804884 0.0217666 0.0469506 0.0220672 0.0820932 0.0220499 0.02741 0.0199169 0.0449934
internal_weight=584.523 391.403 193.12 54.7622 5.17237 49.5899 315.882 229.193 195.76 33.4332 113.374 71.3694 67.8774 54.0916 23.2884 15.1724 6.38687 13.7858 2.5404 42.0047 36.0614 15.3064 5.16657
internal_count=42704 14521 28183 7801 775 7026 12666 9018 7682 1336 4513 3328 3196 2963 972 623 267 233 360 1185 970 1958 632
cat_boundaries=0 1 2 3
cat_threshold=404753158 270554179 2
is_linear=0
shrinkage=0.03


Tree=69
num_leaves=24
num_cat=2
split_feature=45 58 88 128 42 6 25 40 95 4 131 128 0 132 128 107 47 130 60 44 48 120 40
split_gain=27.6763 11.6179 11.3409 10.7924 11.0845 11.1079 9.8318 9.32078 8.99028 8.7301 9.31573 10.0163 8.69923 8.47674 11.4883 8.40811 8.79753 8.65207 8.57994 7.77356 8.65162 9.59707 8.75414
threshold=0.090050000000000005 1.0000000180025095e-35 0 11269.249999999998 0.46635000000000004 0.84050000000000014 16925.000000000004 0.45095000000000007 1 1.5000000000000002 0.22792207792207794 14928.384999999998 29.500000000000004 0.26136363636363641 45175.455000000002 16.500000000000004 33.895000000000003 -2656.145 0.68915000000000015 0.10610000000000001 0.99650000000000005 2326.4750000000004 0.19805000000000003
decision_type=2 2 1 2 2 8 2 2 9 2 8 2 2 8 2 10 2 2 2 2 2 2 2
left_child=3 2 -2 4 -1 -6 7 -5 9 10 -3 -12 -7 14 -8 18 -17 -18 -4 -20 21 -21 -23
right_child=1 8 15 6 5 12 13 -9 -10 -11 11 -13 -14 -15 -16 16 17 -19 19 20 -22 22 -24
leaf_value=-0.012618360489513779 -0.0063837398646769414 -0.0064953712483748387 0.016919514434334777 -0.017315944978571831 0.045689900664751787 0.041971178311342748 0.071571430085088802 0.033810837165983855 0.037945592425253478 0.0061909525808089162 0.040461523312888985 -0.013200560788896563 -0.011456330548653731 0.0028074856687538337 -0.012055179567350506 -0.0065530341693798601 -0.0031750346841770164 0.049035803777676648 -0.0032005562798312396 -0.011340545186951949 0.0016230761570879926 -0.012240043420138687 0.056390600549878191
leaf_weight=152.54512237198651 69.088222480379045 5.9933792464435127 38.215166144073009 11.883040957152845 3.9136737952940193 1.3209351305849839 3.5997374532744262 2.2167036375030866 10.867528785020111 91.269806021358818 19.46832930343226 2.6855975692160419 13.882768682669846 6.1592217809520671 1.3152710306458173 5.0833128048107055 3.4620270431041726 9.8025189000181818 98.573766627814621 2.6442782254889599 22.314763373695314 1.2777885552495698 7.2048520375974476
leaf_count=22933 3219 142 1314 1649 423 157 497 277 71 2005 438 57 1742 865 163 189 172 412 4683 130 853 58 293
internal_value=0.00189136 0.0065301 0.00279534 -0.00722499 -0.00991858 0.0107788 0.0105209 -0.00607635 0.0137625 0.0109729 0.0250393 0.033402 -0.00247474 0.0293495 0.0521785 0.0062124 0.0253091 0.0367783 0.00478586 0.00107339 0.0131411 0.0324736 0.0456895
internal_weight=584.788 387.951 257.667 196.836 171.662 19.1174 25.174 14.0997 130.285 119.417 28.1473 22.1539 15.2037 11.0742 4.91501 188.578 18.3479 13.2645 170.231 132.015 33.4417 11.1269 8.48264
internal_count=42742 14036 11323 28706 25255 2322 3451 1926 2713 2642 637 495 1899 1525 660 8104 773 584 7331 6017 1334 481 351
cat_boundaries=0 1 2
cat_threshold=270553411 4
is_linear=0
shrinkage=0.03


Tree=70
num_leaves=24
num_cat=2
split_feature=77 48 88 130 145 43 88 9 2 2 32 53 136 5 128 76 3 129 24 131 73 137 107
split_gain=23.3051 12.0038 10.7445 13.316 10.3804 9.96021 9.77829 11.4582 10.9445 9.62165 9.54309 8.86773 8.79232 8.78039 13.0608 8.52061 8.43556 14.2526 12.18 10.9575 11.1661 9.94587 9.65841
threshold=1.0000000180025095e-35 2.2365000000000008 0 -1438.6449999999998 1.0000000180025095e-35 0.017095000000000003 1 159350.00000000003 89.500000000000014 123.50000000000001 41.500000000000007 1.0000000180025095e-35 19931.730000000003 849150.00000000012 -13157.409999999998 0.20345000000000005 1.0000000180025095e-35 -213.32499999999996 65765.000000000015 0.54356060606060608 1.7298701298701302 1.5953657011350044 97.500000000000014
decision_type=2 2 1 2 2 2 1 2 2 2 2 2 2 2 2 2 2 2 2 10 2 10 8
left_child=1 4 3 5 -1 -2 7 8 -6 -5 -9 13 15 14 -4 -12 17 21 19 20 22 -16 -19
right_child=2 -3 11 9 6 -7 -8 10 -10 -11 12 -13 -14 -15 16 -17 -18 18 -20 -21 -22 -23 -24
leaf_value=-0.013582955153535291 -0.015397171183863733 0.030768463286964261 -0.010087756019406188 -0.019079443365559709 -0.0045979179807823936 0.015786666144768171 -0.0061628807940055097 -0.01395686543414913 0.038414309376954683 0.037280532585564852 -0.0082752772544956166 0.028099385526879749 0.0021451336583413151 0.033734507423892342 -0.0073885625993433297 0.080618241914505909 0.0015448655162996882 -0.00064825883282175728 -0.019883523125535086 -0.017979113223104626 -0.0041946048083542249 0.018762747627978252 0.045905729648914179
leaf_weight=120.38497175415978 10.945211735088376 5.7687632367014876 35.076934610493481 40.706854748073965 27.593048593495041 31.353424184024334 98.399082195479423 1.6563212024047951 4.5092493193224064 1.0880906265228976 0.73934910399839271 19.475600081495941 2.5860953088849783 9.107597438618539 29.218089098576456 4.1724394494667649 69.14495216216892 4.4900753106921911 3.3409277545288196 2.6681420323438934 5.4155592499300829 20.655942298471928 31.69423444615677
leaf_count=19750 515 334 1760 1939 1616 1387 5995 98 237 60 50 382 137 398 1478 181 3311 173 177 169 237 885 1514
internal_value=0.000358843 -0.00615514 0.00587051 -0.00335283 -0.00720285 0.00738668 -0.00158898 0.0080246 0.00334235 -0.0159767 0.0388866 0.00866654 0.0510409 0.00764216 0.00614437 0.0687148 0.00964052 0.0152363 0.0266347 0.0308532 0.0346663 0.00374814 0.0403975
internal_weight=580.191 265.809 314.382 84.0936 260.041 42.2986 139.656 41.2565 32.1023 41.7949 9.15421 230.288 7.49788 210.812 201.705 4.91179 166.628 97.483 47.6089 44.268 41.5999 49.874 36.1843
internal_count=42783 28398 14385 3901 28064 1902 8314 2319 1853 1999 466 10484 368 10102 9704 231 7944 4633 2270 2093 1924 2363 1687
cat_boundaries=0 1 2
cat_threshold=272158728 69009698
is_linear=0
shrinkage=0.03


Tree=71
num_leaves=24
num_cat=0
split_feature=145 45 2 128 6 35 60 40 78 73 78 60 7 78 25 132 53 7 108 107 130 35 22
split_gain=17.8439 12.8692 11.1566 8.98519 9.19979 10.6184 13.153 15.663 10.2863 8.80862 8.59033 8.84485 8.55159 8.40883 8.22926 10.1181 8.61529 8.03506 7.91174 9.83801 7.56732 7.5366 8.09562
threshold=2.5000000000000004 0.011650000000000002 144.50000000000003 11269.249999999998 0.94950000000000012 0.089650000000000021 0.82245000000000013 0.31785000000000008 0.10433500000000002 0.34993976330522292 0.13732500000000003 0.64195000000000013 0.12250000000000001 0.13984500000000002 90065.000000000015 0.29285714285714287 1.0000000180025095e-35 0.15650000000000003 3.5000000000000004 101.50000000000001 -5109.0849999999991 0.27205000000000007 681.50000000000011
decision_type=2 2 2 2 10 2 2 2 2 2 2 2 10 2 2 8 2 10 10 10 2 2 10
left_child=1 -1 3 10 5 6 -5 -8 -9 12 11 -3 -4 -12 16 -16 20 -17 19 -2 -15 -7 -23
right_child=18 2 9 4 -6 21 7 8 -10 -11 13 -13 -14 14 15 17 -18 -19 -20 -21 -22 22 -24
leaf_value=-0.020657944056143178 0.0014224963776125474 0.017757668826815523 -0.0091476179597880236 -0.0056461461121231973 -0.017377099376282658 -0.0062529926647817589 -0.00026888467313337781 0.0014215597995401196 0.12311630582521046 -0.0079933116744508644 0.043488152133118886 -0.019832264807365017 0.080084674287657753 -0.014489504032104075 -0.012476703152791438 0.0034780890669526545 0.022868180033990985 0.077208836490213498 0.014689128383065016 0.034285237786157774 -0.0013306506679360639 -0.003880106130824644 0.041260450607282215
leaf_weight=32.765921945217997 149.25634586252272 4.8612917657010248 0.79647273756563608 2.8044501617550841 7.2598358690738669 16.479562892578546 2.008780172560364 0.81772460043430362 1.5156922903843222 2.0104437982663512 1.6541967005468894 43.383832852356136 1.7852195748127995 52.856407452374697 2.9726774310693136 2.4255757364444435 8.5299386563710851 1.5983111038804052 82.884785299189389 6.69008954335004 140.67400792101398 5.5678977472707611 6.6249741045758128
leaf_count=6432 4357 596 65 262 906 1397 265 94 127 211 203 6122 127 5104 256 209 205 120 2047 165 12757 301 372
internal_value=0.00105813 -0.00335694 -0.00138628 -0.00221469 0.0101751 0.0163831 0.0446765 0.0687091 0.100808 0.0372414 -0.004338 -0.0154885 0.0605796 -0.00166331 -0.0024293 0.0256955 -0.00364545 0.0486752 0.00730797 0.00324859 -0.005036 0.00687762 0.0230049
internal_weight=578.224 339.393 306.627 302.035 43.0789 35.8191 7.14665 4.3422 2.33342 4.59214 258.956 48.2451 2.58169 210.711 209.057 6.99656 202.06 4.02389 238.831 155.946 193.53 28.6724 12.1929
internal_count=42700 36131 29699 29296 3724 2818 748 486 221 403 25572 6718 192 18854 18651 585 18066 329 6569 4522 17861 2070 673
is_linear=0
shrinkage=0.03


Tree=72
num_leaves=24
num_cat=2
split_feature=58 94 35 47 2 44 41 42 45 143 22 44 74 9 66 1 95 67 44 23 40 125 42
split_gain=21.522 15.5168 14.32 9.22974 9.52977 8.7706 8.43563 8.16984 7.89611 7.62505 9.10223 9.3629 8.64606 10.0581 8.48085 8.09996 7.51697 8.58153 8.93322 10.0474 7.27251 7.74026 7.15644
threshold=1.0000000180025095e-35 0 0.40575000000000006 21.735000000000003 144.50000000000003 0.060665000000000004 2.7865000000000006 0.48145000000000004 0.07085000000000001 1.5000000000000002 787.50000000000011 0.16499500000000003 0.031506506506506514 114950.00000000001 0.51525922829183712 3.6500000000000008 1 0.27788446503926606 0.055125000000000007 64.15000000000002 0.15815000000000004 797.69000000000017 0.84735000000000016
decision_type=2 9 2 2 2 2 2 2 2 2 8 2 2 2 2 10 9 2 2 2 2 2 2
left_child=1 5 3 -3 9 -1 -4 8 -8 14 11 -11 -12 -14 -5 -13 17 18 19 -2 -7 -22 -23
right_child=16 2 6 4 -6 20 7 -9 -10 10 12 15 13 -15 -16 -17 -18 -19 -20 -21 21 22 -24
leaf_value=0.0019240510790686839 0.026808157826172862 0.009717435704842568 0.0036958736916075691 -0.014869245723792675 0.026609478020137609 -0.014779207276568495 -0.010617095725481253 -0.0062787304153776053 0.060360473624625981 -0.0069950884202800981 -0.013163789227504026 -0.01386182813308336 0.060622726879851013 -0.0029269683273760467 -0.0027219059561672454 0.052232925907431151 0.032882222056831487 -0.006166491883811822 0.018353782442724127 -0.009317665687344193 -0.014134642264423387 0.047244000123677042 -0.0031168735017118965
leaf_weight=16.994221954140812 7.2199720749631515 28.922180499881506 26.317674664314836 162.00086998334154 5.3369241100735954 1.8519719587638999 1.0730066052637974 2.7229112908244133 5.645579949952662 79.804811493959278 3.1588376723229867 1.5350501118227828 4.1244750795885921 3.2572073801420629 77.086005333811045 2.6539679826237261 11.285673529841004 26.318653500173241 72.32340553868562 25.885601074434817 1.6399986972101057 16.202699956484143 2.6747571853920808
leaf_count=1318 217 1480 1163 18430 498 154 130 72 150 5168 213 60 194 171 8731 100 86 753 1850 930 101 798 71
internal_value=0.00109321 -0.00218165 -0.00405074 -0.00607839 -0.00747529 0.0116564 0.0133443 0.0348915 0.0491897 -0.00817586 -0.000933957 -0.00439734 0.0229643 0.0379351 -0.0110078 0.0313601 0.0111264 0.00879889 0.01258 -0.000360576 0.0302436 0.0352592 0.0404933
internal_weight=586.036 443.003 403.64 367.88 338.958 39.3636 35.7592 9.4415 6.71859 333.621 94.5343 83.9938 10.5405 7.38168 239.087 4.18902 143.033 131.748 105.429 33.1056 22.3694 20.5175 18.8775
internal_count=42838 39002 36560 35045 33565 2442 1515 352 280 33067 5906 5328 578 365 27161 160 3836 3750 2997 1147 1124 970 869
cat_boundaries=0 1 2
cat_threshold=2348827666 4
is_linear=0
shrinkage=0.03


Tree=73
num_leaves=24
num_cat=1
split_feature=58 48 143 19 76 19 46 42 6 9 128 106 95 19 108 56 117 41 31 59 38 128 40
split_gain=16.9432 13.7773 12.1531 13.1311 12.4303 11.1169 10.2412 11.1826 9.52771 9.44934 9.09122 8.85821 8.43187 8.3999 8.37562 7.43541 7.61579 7.42972 7.28664 8.39772 7.27261 7.48441 7.05492
threshold=1.0000000180025095e-35 2.1795000000000004 1.5000000000000002 6.5000000000000009 1.4252000000000002 8.5000000000000018 0.64550000000000007 0.29115000000000008 0.74150000000000016 40050.000000000007 4257.2550000000019 18.500000000000004 0 47.500000000000007 11.500000000000002 1.0000000180025095e-35 0.29285714285714287 2.0905000000000005 1.5335000000000003 1.0000000180025095e-35 0.21385000000000001 -20048.694999999996 0.51705000000000012
decision_type=2 2 2 2 2 2 2 2 10 2 2 8 9 2 8 2 8 2 8 8 2 2 2
left_child=1 2 4 -4 15 20 7 10 -6 -3 11 14 13 -7 -5 -1 -17 -11 19 -8 -2 -22 -19
right_child=5 9 3 6 8 12 18 -9 -10 17 -12 -13 -14 -15 -16 16 -18 22 -20 -21 21 -23 -24
leaf_value=-0.0087717863815353469 0.0037757149012173667 -0.01362277028522952 -0.014695535475891511 -0.0026587543921293062 0.048307996983985926 -0.0012753454438690531 -0.010335609862664831 0.0046878293947402554 0.0013418496382699579 -0.012732009634516461 -0.0079237150734137972 0.0050506406831775843 0.030375529086639871 0.025517345936382833 0.080946498163075642 -0.010969646685237011 0.032012558993336708 0.054639649530825965 -0.00052237838143155896 0.0373578501095354 -0.014612864893866186 0.038195558107288495 -0.011281144701194092
leaf_weight=274.54371111746877 11.426165224984286 3.1666581984609357 23.260365566704422 1.1097477530129261 4.2301033227704457 85.774229546077549 3.8124395972117782 12.778213481884448 10.655206382740287 1.4025947698391963 1.9665243769995857 2.8486137073487052 8.4855943424627167 9.9810547591187042 5.6874567647464573 5.2042746683582637 6.4898180700838575 8.0157146090641582 63.723952405154705 8.4644747301936132 1.6602503294125224 21.021720428951085 0.99835718655958849
leaf_count=30146 358 191 1463 58 178 2498 197 495 658 83 129 135 67 293 284 166 142 345 3606 576 54 436 36
internal_value=0.000820986 -0.00207493 -0.00307758 0.00478823 -0.00631784 0.00989549 0.00950142 0.0256282 0.0188297 0.0256508 0.0445966 0.054826 0.00482195 0.00198232 0.0697954 -0.00774718 0.0140756 0.0378611 0.00380153 0.0231741 0.0242753 0.0334593 0.0466158
internal_weight=576.707 438.358 424.775 123.652 301.123 138.349 100.391 24.3906 14.8853 13.5833 11.6123 9.64582 104.241 95.7553 6.7972 286.238 11.6941 10.4167 76.0009 12.2769 34.1081 22.682 9.01407
internal_count=42594 38888 38233 6943 31290 3706 5480 1101 836 655 606 477 2858 2791 342 30454 308 464 4379 773 848 490 381
cat_boundaries=0 1
cat_threshold=4
is_linear=0
shrinkage=0.03


Tree=74
num_leaves=24
num_cat=1
split_feature=77 88 43 76 109 13 130 73 41 11 129 23 129 7 45 29 46 64 130 132 137 18 29
split_gain=19.0828 14.3132 14.1279 12.4944 11.6001 12.6488 10.7727 12.1603 12.3188 11.1961 10.2103 10.0885 11.2368 12.5282 10.3257 10.2313 10.033 9.83649 9.46032 10.5498 10.0561 9.06714 9.00247
threshold=1.0000000180025095e-35 0 0.025745000000000001 0.11495000000000001 5.5000000000000009 0.40595000000000009 7917.9400000000014 0.28503723764387273 2.4935000000000005 152255.00000000003 -1278.6999999999998 62.350000000000001 -1671.4549999999997 0.48250000000000004 0.038850000000000003 0.040450000000000007 0.78050000000000008 1.0000000180025095e-35 -7832.9499999999998 0.21111111111111114 1.9435709948674427 68.500000000000014 0.64705000000000013
decision_type=2 1 2 2 2 2 2 2 2 2 2 2 2 10 2 2 2 2 2 10 10 2 2
left_child=4 2 3 -2 6 10 11 8 -8 21 18 12 14 -14 -1 -16 -17 -3 -6 20 -20 -9 -19
right_child=1 17 -4 -5 5 -7 7 9 -10 -11 -12 -13 13 -15 15 16 -18 22 19 -21 -22 -23 -24
leaf_value=-0.014007014040371401 0.049437334661780297 -0.0016462293115584157 0.028359933732167147 -0.0043133958535069962 0.0040195374230033694 -0.014270123674002521 0.079468179772398589 -0.013507970111795576 -0.012077097776693481 0.044224257970659459 0.0036832704916184202 -0.014090876993011691 -0.015813190876357852 0.036852436614636455 -0.0030376804278201175 -0.00041106971495391494 0.077393167698278559 0.017979902305133785 0.099909777194580163 0.014177884197281783 -0.0073662656252962101 0.04388247777838479 -0.022256305544805191
leaf_weight=3.5745648941956452 2.4737029671669033 190.33741252683103 53.122956242412329 28.241101656109095 5.7942772330716252 14.388023291714488 1.8109475262463122 20.930517542641617 1.3178171454928813 2.4093529419042161 21.355430242605507 143.48952089762315 24.359454235527668 2.8687755051068953 3.4088441766798478 1.9766468508169053 3.8266084976494312 41.109321896452457 2.5823267018422471 4.7006413219496608 0.63574163243174542 0.82097021210938592 3.9465401736088088
leaf_count=621 206 9592 2238 1353 541 1226 165 2345 164 214 1834 16760 2687 253 257 123 266 862 187 422 65 72 111
internal_value=0.00126603 0.0061642 0.0149228 0.00277324 -0.0047434 0.00810198 -0.007805 0.00928064 0.0512364 0.000345814 0.0175556 -0.0104185 0.00279403 -0.00812231 0.023994 0.0386078 0.0575792 0.00124287 0.0359406 0.0537776 0.0840165 -0.00782913 0.0136594
internal_weight=579.481 319.231 83.8378 30.7148 260.25 49.4564 210.794 27.2896 3.12876 24.1608 35.0684 183.504 40.0149 27.2282 12.7867 9.2121 5.80326 235.393 13.713 7.91871 3.21807 21.7515 45.0559
internal_count=42564 14362 3797 1559 28202 4275 23927 2960 329 2631 3049 20967 4207 2940 1267 646 389 10565 1215 674 252 2417 973
cat_boundaries=0 1
cat_threshold=168166021
is_linear=0
shrinkage=0.03


Tree=75
num_leaves=24
num_cat=3
split_feature=45 1 88 5 9 134 88 77 71 23 118 129 74 1 29 131 1 43 73 42 10 88 10
split_gain=21.7226 9.75871 13.0988 12.7142 12.3986 9.53494 9.53082 11.038 12.0917 13.7788 9.11517 9.65708 8.58142 8.52092 8.39157 11.1776 11.7248 8.84105 10.1542 9.08388 9.31849 8.35874 11.3058
threshold=0.090050000000000005 5.3500000000000005 0 183550.00000000003 78750.000000000015 12826.335000000001 1 1.0000000180025095e-35 2.5000000000000004 40.95000000000001 0.27888888888888896 -3902.6849999999995 0.17433051444679357 14.950000000000001 0.14185000000000003 0.38799283154121872 3.5500000000000003 0.028415000000000006 1.2679425837320577 0.28595000000000004 0.19135000000000002 2 0.23435000000000003
decision_type=2 8 1 2 2 2 1 2 2 2 10 2 2 8 2 10 10 2 2 2 2 1 2
left_child=1 2 3 4 -1 -6 13 21 14 -10 11 -11 -4 -2 -9 17 -17 -16 19 20 -19 22 -8
right_child=6 -3 12 -5 5 -7 7 8 9 10 -12 -13 -14 -15 15 16 -18 18 -20 -21 -22 -23 -24
leaf_value=0.02048914217255474 -0.006850860909806987 -0.013895692665416149 -0.014152356947877451 0.0010634653227319889 0.1101410247694881 -0.0063395974047154163 0.034032645547252459 0.00067079395731993756 -0.0065338767536823987 -0.0083998361003092981 0.011263774876920976 0.058546263531443113 0.01580227064226852 0.019831820853625653 -0.0054038615075546739 -0.00016001941085236931 0.040411455335457362 0.065256117294771265 -0.016192846237719691 0.0070653124596459964 0.010981880122501033 -0.0068615599335657678 0.0012006755747985139
leaf_weight=10.992836705408992 90.267363650724292 98.666601561475545 55.67968854913488 14.253945512231438 1.2064902884885658 0.52990936534479249 11.814955787267534 71.310357158072293 7.3304435019381335 1.680939242709427 9.2319342736154777 13.917725920677187 8.4092102097347361 10.245953856967388 28.471898487769067 8.9207185027189571 20.642312463372946 5.4445224702358299 5.3941185013391069 14.775099959690122 6.1994349015876651 53.604049297049642 30.294617262203246
leaf_count=1626 3445 15074 8531 2049 149 79 586 1868 180 48 206 304 1180 340 789 278 513 153 159 296 179 3173 1547
internal_value=0.000818107 -0.00745818 -0.000335109 0.0114966 0.040962 0.0902279 0.00486679 0.00726135 0.0119751 0.028294 0.0382965 0.0511973 -0.0071558 -0.00305263 0.0084115 0.0144067 0.0289345 0.00658215 0.0169944 0.0244332 0.0422052 -0.000451674 0.00736417
internal_weight=579.285 189.739 91.0721 26.9832 12.7292 1.7364 389.546 289.033 193.32 32.161 24.8306 15.5987 64.0889 100.513 161.158 89.8481 29.563 60.2851 31.8132 26.4191 11.644 95.7136 42.1096
internal_count=42752 28688 13614 3903 1854 228 14064 10279 4973 738 558 352 9711 3785 4235 2367 791 1576 787 628 332 5306 2133
cat_boundaries=0 1 2 3
cat_threshold=170264579 320917506 68682924
is_linear=0
shrinkage=0.03


Tree=76
num_leaves=24
num_cat=1
split_feature=45 128 64 56 22 19 99 47 37 0 46 88 35 2 74 137 112 48 37 60 61 123 49
split_gain=20.2467 11.8245 10.6906 11.0066 9.90425 9.97025 9.727 8.88098 9.49867 9.45318 10.4246 8.71688 8.96896 12.4329 9.64113 8.46088 9.08586 8.28387 7.49391 10.5629 7.58571 7.4486 7.19002
threshold=0.086450000000000013 6293.2900000000018 1.0000000180025095e-35 1.0000000180025095e-35 696.50000000000011 35.500000000000007 17273.490000000002 55.855000000000011 9.5000000000000018 43.500000000000007 0.93650000000000022 0 0.23505000000000001 72.500000000000014 0.054851305091998294 1.2484295750435057 18.500000000000004 2.3195000000000001 22.500000000000004 0.67095000000000016 50.500000000000007 5096.2600000000011 1.0000000180025095e-35
decision_type=2 2 2 2 10 2 2 2 2 2 2 1 2 2 2 10 2 2 2 2 2 2 2
left_child=1 -1 3 11 6 7 21 8 -6 10 -9 12 18 14 -14 16 -16 22 19 -2 -20 -3 -13
right_child=2 4 -4 -5 5 -7 -8 9 -10 -11 -12 17 13 -15 15 -17 -18 -19 20 -21 -22 -23 -24
leaf_value=-0.011376857424449497 0.025115787364824463 0.024753846785645583 0.014058534901400188 0.019976520391244746 0.087045920027169404 -0.011850666491305905 0.035290867571002478 0.065571919534618439 0.0018994970835094615 -0.016001932767937075 -0.0087378689305005319 -0.0080976142204237222 0.0013535982722126983 -0.02036301675631114 0.064537359447672443 0.007267284730624584 -0.0057100941027725498 0.025256929361470105 0.04804152787688569 -0.010612032114675273 -0.0078984724002337352 -0.023188393735633795 0.0038915784334000855
leaf_weight=147.17556595336646 7.4242185475304714 1.8177294973284066 79.653686789330095 25.59555484727025 2.34675214160234 4.5325565580278626 2.1198282158002248 2.0703609352931363 1.743104546330869 4.345754605717957 2.2056394764222205 145.82656558370218 7.4080567238852444 3.7097660386934868 9.5853957436047512 5.3180186436511567 1.5744411195628334 6.8169321818277231 3.6107498165220013 33.88804794382304 2.7663152138702571 14.936204573139547 63.301920964382589
leaf_count=23026 283 267 1862 353 290 653 262 281 229 683 352 7029 252 151 270 167 55 212 136 1601 114 2168 2046
internal_value=0.000567825 -0.00762739 0.00437576 0.00186848 0.00744644 0.0226911 -0.00732152 0.0349442 0.0632982 0.012108 0.0366719 0.000151611 0.007476 0.0228726 0.030642 0.0422377 0.0552652 -0.00296456 0.00176605 -0.00332812 0.027683 -0.0159017 -0.00446607
internal_weight=579.773 183.293 396.48 316.826 36.1179 17.2442 18.8738 12.7116 4.08986 8.62176 4.276 291.23 75.285 27.5957 23.8859 16.4779 11.1598 215.945 47.6893 41.3123 6.37707 16.7539 209.128
internal_count=42742 28211 14531 12669 5185 2488 2697 1835 519 1316 633 12316 3029 895 744 492 325 9287 2134 1884 250 2435 9075
cat_boundaries=0 1
cat_threshold=235208872
is_linear=0
shrinkage=0.03


Tree=77
num_leaves=24
num_cat=1
split_feature=45 88 19 103 129 13 99 38 58 105 35 1 135 25 37 105 6 116 129 116 6 66 121
split_gain=15.3928 13.144 9.08415 12.2781 10.4494 9.99256 11.0311 9.66782 9.16881 12.7086 9.97206 8.81409 9.95293 8.7671 11.729 8.75902 8.73506 8.49156 14.5951 22.314 11.0875 10.2062 9.24797
threshold=0.090050000000000005 0 15.500000000000002 329.74500000000006 -40.814999999999991 0.29315000000000008 1975.0150000000001 0.20965000000000003 1.0000000180025095e-35 169.50000000000003 0.24735000000000004 1.9500000000000002 4609.2750000000015 8095.0000000000009 3.5000000000000004 172.50000000000003 0.97150000000000014 0.36181818181818187 -3902.6849999999995 0.43614130434782611 0.86750000000000005 0.50936268868882439 482.81500000000005
decision_type=2 1 2 2 2 2 2 2 2 8 2 8 2 2 2 10 8 10 2 10 8 2 2
left_child=17 15 4 -4 5 6 16 13 10 -10 -9 -5 -13 14 -6 -2 -3 -1 19 20 -19 -20 -23
right_child=1 2 3 11 7 -7 -8 8 9 -11 -12 12 -14 -15 -16 -17 -18 18 21 -21 -22 22 -24
leaf_value=-0.0092951254090114389 -0.0075989237255669941 0.038856689859945351 -0.0017439065936476269 -0.019905496591161691 -0.0056364007382706848 -0.0026957786851243646 -0.017636165377271838 -0.01835997586576666 0.0011776213812038252 0.05793944410146977 0.020276637695055617 0.034022089825494234 -0.002990328904125988 0.0045523949321781146 0.057661648620197674 0.042797087853126449 -0.0091950618445109222 -0.0075848523509483923 -0.017551504017097951 -0.012255723023216179 0.10499891267871242 -0.008796617027303338 0.050770691154668673
leaf_weight=160.90948497876525 101.05049916543067 15.278983672149485 128.88777126418427 3.2942791590467086 2.7630627788603368 47.203761559911072 4.1069214749149969 11.696912882849576 7.2100530085153851 5.1594536146149048 8.7247145860455912 20.783901820424948 8.7444307701662165 6.1362342876382163 13.691445883363484 1.231687910389154 3.4068168774247161 0.66390222031623425 14.423794622998686 3.0141651937738061 1.9905637274496255 3.610320466104894 2.8095342139713466
leaf_count=25124 3807 532 4635 126 132 1678 142 581 129 101 263 649 296 243 479 37 150 76 2007 421 241 533 371
internal_value=0.000314878 0.00371156 0.00667761 0.00250067 0.0132517 0.00529669 0.0207313 0.0227709 0.0112571 0.0296225 -0.00151701 0.0183111 0.0235669 0.0372086 0.0475736 -0.00498728 0.0300539 -0.00670645 0.00855479 0.0439906 0.0856811 -0.00409001 0.0231395
internal_weight=576.793 389.371 287.089 161.71 125.378 69.9965 22.7927 55.3819 32.7911 12.3695 20.4216 32.8226 29.5283 22.5907 16.4545 102.282 18.6858 187.422 26.5123 5.66863 2.65447 20.8436 6.41985
internal_count=42753 13980 10136 5706 4430 2502 824 1928 1074 230 844 1071 945 854 611 3844 682 28773 3649 738 317 2911 904
cat_boundaries=0 1
cat_threshold=812666884
is_linear=0
shrinkage=0.03


Tree=78
num_leaves=24
num_cat=1
split_feature=48 60 145 88 43 60 7 68 44 45 77 105 47 133 23 10 61 47 74 35 4 133 6
split_gain=16.9864 14.8305 11.3743 10.5926 10.4105 9.49061 10.9285 8.83617 9.14012 8.69283 9.09697 8.79867 8.23913 17.479 8.01185 8.4096 8.21875 7.47047 8.33886 8.19852 7.32264 8.2228 7.31041
threshold=1.0555000000000001 0.57425000000000015 2.5000000000000004 0 0.023015000000000004 0.91565000000000007 0.055500000000000008 1.2161683800009397 0.13523500000000002 0.17985000000000004 2.5000000000000004 104.50000000000001 39.295000000000009 0.069047619047619066 78.750000000000014 0.93755000000000011 140.50000000000003 53.415000000000006 0.12839683946241326 0.18455000000000002 5.5000000000000009 0.162280701754386 0.71450000000000002
decision_type=2 2 2 1 2 2 10 2 2 2 2 8 2 10 2 2 2 2 2 2 2 10 10
left_child=2 4 12 -3 -2 9 -7 14 17 10 -5 -11 13 22 15 16 20 18 -9 -20 21 -8 -1
right_child=1 3 -4 5 -6 6 7 8 -10 11 -12 -13 -14 -15 -16 -17 -18 -19 19 -21 -22 -23 -24
leaf_value=-0.011430879266125375 -0.0020157015509775084 -0.0054006645781388531 0.003516021506547313 -0.0079182256447293455 0.037350498544250592 0.048740733082804813 0.0021737668952053497 -0.0095802458364915785 0.032301047543276375 0.018025256380192534 0.040160893958919912 0.00047502189451667607 -0.013530629452938257 -0.0066611661297492448 -0.0087225296949806509 -0.0026576129286917738 -0.0055886048291146889 -0.024042429046134003 0.061141873369891582 -0.008549693080005279 -0.011258955565402457 0.062739455991657575 0.055812553314694396
leaf_weight=1.1047914954833675 8.2156545044854301 72.567645967938006 94.994887168519199 60.575184450019151 18.98800120735541 6.7146633560769251 2.5670255385339358 8.2202949943020993 4.1381676918826988 46.559335624799132 1.7812067670747627 54.873394696041942 116.56368106557056 34.452756279613823 4.9447931856848291 5.18859232449904 2.6697134203277519 11.383063649293033 1.8754174080677324 1.7895536543801425 1.0831924667581905 10.867153120692818 4.5723933312110603
leaf_count=86 321 4712 3158 6966 595 408 174 481 148 824 61 1335 17112 3095 333 326 117 1124 91 73 66 689 418
internal_value=0.0011996 0.00571523 -0.00463045 0.00368771 0.0261378 0.00651507 0.0170963 0.0116322 -0.000573149 0.00336984 -0.00533945 0.00872365 -0.00955128 0.00210097 0.0230799 0.030247 0.0394221 -0.00851356 0.00767993 0.036108 0.0473739 0.0529478 0.0431579
internal_weight=576.691 325.002 251.689 297.798 27.2037 225.231 61.4416 54.727 27.4065 163.789 62.3564 101.433 156.694 40.1299 27.3205 22.3757 17.1871 23.2683 11.8853 3.66497 14.5174 13.4342 5.67718
internal_count=42713 18844 23869 17928 916 13216 4030 3622 1917 9186 7027 2159 20711 3599 1705 1372 1046 1769 645 164 929 863 504
cat_boundaries=0 1
cat_threshold=824186113
is_linear=0
shrinkage=0.03


Tree=79
num_leaves=24
num_cat=1
split_feature=48 38 41 51 105 120 60 120 88 35 6 63 50 7 25 22 70 105 33 33 7 67 33
split_gain=12.5971 15.773 15.3924 12.358 11.2066 10.5598 9.31739 11.1792 9.54078 10.3621 9.28207 10.6406 8.90794 10.0931 12.3478 9.81629 9.28255 8.7768 8.49052 8.74245 7.99982 7.51839 7.46059
threshold=1.0395000000000001 0.15965000000000004 2.7385000000000006 0.36935000000000007 111.50000000000001 8443.0650000000005 0.57425000000000015 11221.880000000003 0 0.066750000000000018 0.9145000000000002 1.0000000180025095e-35 1.5000000000000002 0.23650000000000002 25.000000000000004 776.50000000000011 7.5500000000000007 19.500000000000004 19515.705000000005 90796.615000000005 0.11850000000000001 0.048426466966086011 69004.60000000002
decision_type=2 2 2 2 8 2 2 2 1 2 8 2 2 10 2 8 2 10 2 2 8 2 2
left_child=1 -1 3 10 -5 -6 7 -2 -8 -10 -3 -12 -11 14 20 16 -15 -13 -16 -20 -14 -9 -17
right_child=6 2 -4 4 5 -7 8 21 9 12 11 17 13 15 18 22 -18 -19 19 -21 -22 -23 -24
leaf_value=-0.014180125195053791 0.0013864628436299163 -0.016534276184070711 0.016640385325395468 -0.0028227771294967218 0.00015974605729819101 0.067294767877243949 -0.004767680758778617 -0.013338147573380973 -0.0078660426079067234 -0.0020414280074834536 -0.0064550877202982516 0.045293772460162467 -0.012788167021531181 -0.0105729304057584 -0.0094683315377248941 0.054170280364320214 0.030996545242093897 -0.008435655988438923 0.022848608065780072 -0.00072087514141624194 0.047669847682288144 0.044305340597366516 -0.0084039893710387576
leaf_weight=87.854337498079985 14.84085663361475 53.826712122187018 42.136413763742894 10.646770666353406 3.3847134048119178 3.6351196090690792 84.849903983529657 1.4401841540820886 35.228917222935706 44.894693417940289 30.458989176433533 5.7842201800085586 1.401449820958075 33.330500555690378 11.595440730452536 2.8671430558897546 3.6395100890658787 3.3795518330298364 53.6819117218256 18.834878276102245 14.277855085674673 12.85381554532796 1.9187950240448115
leaf_count=10893 541 4023 3264 392 165 121 5240 68 3303 3953 3773 327 95 1427 693 110 153 208 2256 785 549 342 93
internal_value=0.00101246 -0.00419859 0.00163243 -0.00425234 0.0175107 0.0421376 0.00475833 0.0204134 0.00314764 0.00604966 -0.00864733 0.00234658 0.00953725 0.0131869 0.0182822 0.000730858 -0.00509986 0.0275173 0.0131051 0.0168718 0.0414306 0.0375732 0.0339999
internal_weight=576.763 241.107 153.252 111.116 17.6666 7.01983 335.656 29.1349 306.521 221.671 93.4495 39.6228 186.442 141.547 99.7915 41.7559 36.97 9.16377 84.1122 72.5168 15.6793 14.294 4.78594
internal_count=42774 23166 12273 9009 678 286 19608 951 18657 13417 8331 4308 10114 6161 4378 1783 1580 535 3734 3041 644 410 203
cat_boundaries=0 1
cat_threshold=287327584
is_linear=0
shrinkage=0.03


Tree=80
num_leaves=24
num_cat=1
split_feature=145 44 88 1 35 55 47 78 48 40 137 7 60 24 48 74 105 67 73 125 33 41 4
split_gain=16.5797 10.4554 9.67699 9.0803 9.58151 8.98323 10.9923 8.88945 8.46616 9.97266 10.0122 11.271 9.44445 8.34135 8.28198 8.01859 10.3666 9.5699 7.92974 7.83089 9.38317 7.71043 7.6271
threshold=1.0000000180025095e-35 0.10252500000000002 0 6.2500000000000009 0.25785000000000008 1.0000000180025095e-35 97.895000000000024 0.19652000000000006 1.7345000000000004 0.24835000000000004 1.757953490830416 0.12650000000000003 0.64645000000000008 17265.000000000004 1.0205000000000002 0.11009097035040433 32.500000000000007 0.062178613605405199 0.28503723764387273 1152.9050000000004 68280.99500000001 2.8855000000000004 1.5000000000000002
decision_type=2 2 1 8 2 2 2 2 2 2 10 8 2 2 2 2 10 2 2 2 2 2 2
left_child=1 14 7 4 19 6 -4 -2 9 -9 11 13 -13 -11 -1 18 -17 -18 -16 -3 21 -21 -19
right_child=2 3 5 -5 -6 -7 -8 8 -10 10 -12 12 -14 -15 15 16 17 22 -20 20 -22 -23 -24
leaf_value=-0.015020342986451848 -0.017708649808436078 -0.010859036325329301 0.0092614130746116515 -0.0070500115648539866 -0.0083077578731344352 0.020964575811357258 -0.0075846900145435901 -0.013297411705032482 -0.023044034984424332 0.064898085902524827 -0.01488526292462438 0.043596598809507281 -0.0029533757283834159 0.0093969011325856344 0.026506708744505017 -0.0039265924777425396 -0.016046517587561013 -0.012058693055744862 -0.011232350315439586 0.062393960023166994 0.0030598817608114407 -0.004591318230063879 0.050341369688608306
leaf_weight=79.995216180104762 26.770918112248182 2.627295268699533 193.75145130278543 19.1970727853477 7.1115326303988686 43.624088734388351 40.823511752765626 13.629122650716452 7.833948722574859 5.5826244889758545 6.6282567037269464 3.0360938021913197 16.766496034804732 4.7490990334190428 3.5962595688179126 18.707135601900521 2.2056408775970331 1.3104681647382665 55.679988350253552 8.2297095563262683 5.1257223691791287 1.5138692427426566 8.4025440244004113
leaf_count=13509 1662 338 7368 1995 475 534 2582 530 201 165 232 64 579 139 395 2218 251 155 6731 843 609 176 805
internal_value=0.00183847 -0.00476405 0.00572817 0.00804622 0.0194677 0.00800993 0.00629032 -0.00314937 0.00260314 0.00731776 0.0152523 0.0223951 0.0075281 0.0450479 -0.00812215 -0.00179081 0.0102668 0.0299075 -0.00815232 0.0304512 0.0381725 0.0529769 0.0413009
internal_weight=576.898 213.702 363.196 43.8052 24.6081 278.199 234.575 84.9966 58.2256 50.3917 36.7626 30.1343 19.8026 10.3317 169.897 89.902 30.6258 11.9187 59.2762 17.4966 14.8693 9.74358 9.71301
internal_count=42556 28500 14056 4436 2441 10484 9950 3572 1910 1709 1179 947 643 304 24064 10555 3429 1211 7126 1966 1628 1019 960
cat_boundaries=0 1
cat_threshold=811602953
is_linear=0
shrinkage=0.03


Tree=81
num_leaves=24
num_cat=1
split_feature=77 48 88 111 35 130 61 41 26 35 0 32 107 29 61 120 116 46 116 145 43 7 133
split_gain=13.9626 11.1565 10.815 9.52717 26.2328 11.7584 12.3762 15.2765 12.4381 10.926 12.6207 10.6657 9.9586 9.387 9.25683 8.68481 8.54734 8.93341 8.73668 10.4637 10.1314 9.92794 8.39033
threshold=1.0000000180025095e-35 2.4180000000000006 0 3.5000000000000004 0.15085000000000001 -610.15499999999986 91.500000000000014 2.0965000000000003 0.57515000000000016 0.38465000000000005 57.500000000000007 28.500000000000004 119.50000000000001 0.90400000000000014 15.500000000000002 12172.720000000003 0.267948717948718 0.63950000000000007 0.063508064516129045 1.5000000000000002 0.033775000000000006 0.32750000000000007 0.162280701754386
decision_type=2 2 1 2 2 2 2 2 2 2 2 2 10 2 2 2 10 2 8 2 2 10 10
left_child=1 3 -2 11 -5 6 7 -6 9 10 22 14 13 -13 -1 -15 17 18 -4 -20 -21 -22 -9
right_child=2 -3 16 4 5 -7 -8 8 -10 -11 -12 12 -14 15 -16 -17 -18 -19 19 20 21 -23 -24
leaf_value=-0.011868841879906807 0.012589534110388059 0.035315686091625699 -0.0099154069226367169 -0.018438221329514646 -0.0093233711907358807 0.0030647010964829384 -0.0049493657813640133 0.0021750067649190237 -0.010764310348617783 -0.0021081875465869897 -0.0012860491878814006 -0.01272368529319028 0.021544221069072157 -0.01034537750169323 0.047478743598344302 0.03263889136676229 -0.0061726116799074131 0.00098155234232194608 -0.0052783660593595559 0.012906283304480461 0.067030072677673913 -0.0032720184181390492 0.11513791299439249
leaf_weight=2.9107263498008242 86.782521605491638 4.2922684741206458 7.1133538014255455 20.514021193841472 2.251616723835471 13.663973805494605 3.7233160040341309 0.73192602023482134 1.0710794231854377 1.1878655916079877 1.101865110453218 174.00564362085424 7.1348013128153971 6.9617813392542285 3.7517065764404833 6.5208550896495581 90.843398462049663 106.7915997421369 7.3850956335663822 12.466605084948243 7.7989479368552548 1.9960558461025355 4.973380858078599
leaf_count=431 3862 209 384 2427 175 883 184 58 88 73 86 20625 704 869 348 694 3397 5700 596 304 166 45 372
internal_value=0.000980141 -0.0042455 0.00512636 -0.00519771 0.00644283 0.0242668 0.0409076 0.0544714 0.0691367 0.0798529 0.0913861 -0.00807948 -0.00944569 -0.0108399 0.0247966 0.0119746 0.000857923 0.00547808 0.0178162 0.0246762 0.0342294 0.0545781 0.104972
internal_weight=575.974 254.797 321.178 250.505 49.219 28.705 15.041 11.3177 9.06612 7.99504 6.80717 201.286 194.623 187.488 6.66243 13.4826 234.395 143.552 36.7601 29.6467 22.2616 9.795 5.70531
internal_count=42680 28226 14454 28017 4346 1919 1036 852 677 589 516 23671 22892 22188 779 1563 10592 7195 1495 1111 515 211 430
cat_boundaries=0 1
cat_threshold=235274881
is_linear=0
shrinkage=0.03


Tree=82
num_leaves=24
num_cat=1
split_feature=94 116 146 48 60 60 22 105 7 70 44 13 30 41 24 44 41 136 48 41 7 120 29
split_gain=18.78 15.4694 12.5036 12.1869 11.6116 12.9329 11.1759 12.511 10.6128 9.72359 9.42575 9.7464 9.38257 9.45366 8.83773 9.25015 8.6371 10.1957 9.3938 8.42921 9.26046 8.70336 9.76872
threshold=0 0.26975051975051983 0.72500000000000009 1.0005000000000002 0.6039500000000001 0.96625000000000016 774.50000000000011 117.50000000000001 0.10650000000000001 5.8285714285714292 0.056305000000000008 0.21965000000000004 1.0564500000000001 2.4355000000000007 34655.000000000007 0.037435000000000003 2.2175000000000007 50093.350000000006 0.68550000000000011 2.9315000000000002 0.071500000000000008 8131.9850000000006 0.059150000000000008
decision_type=9 8 2 2 2 2 8 8 8 2 2 2 8 2 2 2 2 2 2 2 8 2 2
left_child=1 10 3 -2 14 9 7 16 -3 -6 11 -1 13 -9 15 -5 -4 18 -18 20 -8 -22 -23
right_child=2 8 6 4 5 -7 19 12 -10 -11 -12 -13 -14 -15 -16 -17 17 -19 -20 -21 21 22 -24
leaf_value=0.031444289506174075 -0.013601779677847037 0.027093365617625247 0.023280576684092235 0.039384906911687209 -0.0096151147018614311 0.020342497176687183 -0.014867926033196406 -0.011136253747315649 -0.012055441758801888 0.013685772511838737 0.035325970257047715 -0.013173054815552983 -0.013112888114164034 0.022801206419159635 0.046051255511324135 -0.013355594172997214 0.033124535111433422 0.044823260473143701 -0.0066712550960290945 -0.011111725163002904 0.0076518917925632451 -0.014022960135645158 0.052123489253840097
leaf_weight=5.4034382575191549 123.38007691316307 6.4799448037520078 23.351175874471664 2.2812030455097547 127.18608837691136 15.814600446261464 3.4201833484694388 11.953346489928665 21.567843257449567 16.633982078637928 30.206836245488375 9.0402181129902583 67.605838935822248 14.122707100585101 5.6428137505426994 8.0023521697148663 4.0401718420907846 2.5321324868127695 44.372805747203529 6.0438472824171177 10.287206493318083 1.4669802365824569 13.111763502471147
leaf_count=314 17535 259 554 190 12242 1635 116 394 812 1478 1033 576 2223 411 294 524 153 40 1079 139 329 42 356
internal_value=-0.000218323 0.0117427 -0.00245428 -0.00645684 -0.0013389 -0.00386504 0.0031651 -9.68148e-05 -0.00180947 -0.00676943 0.0262612 0.00531284 -0.00732118 0.00755908 0.0215877 0.00285157 0.00896568 0.00177274 -0.00216783 0.0182525 0.0248462 0.0310088 0.0445788
internal_weight=573.948 72.6983 501.249 298.941 175.561 159.635 202.308 167.978 28.0478 143.82 44.6505 14.4437 93.6819 26.0761 15.9264 10.2836 74.2963 50.9451 48.413 34.33 28.2861 24.866 14.5787
internal_count=42728 2994 39734 33898 16363 15355 5836 4854 1071 13720 1923 890 3028 805 1008 714 1826 1272 1232 982 843 727 398
cat_boundaries=0 1
cat_threshold=2214642699
is_linear=0
shrinkage=0.03


Tree=83
num_leaves=24
num_cat=1
split_feature=48 146 23 88 61 132 18 11 125 76 128 68 115 68 128 128 8 146 137 68 13 135 118
split_gain=13.7887 11.5738 10.3703 11.1339 12.8432 10.8065 10.7672 9.77361 8.48971 8.19231 8.27776 8.32692 10.1001 17.983 14.1734 8.94509 8.03171 7.98713 7.81411 7.72642 11.8065 8.53939 10.5354
threshold=1.0515000000000001 0.72500000000000009 99.550000000000011 0 111.50000000000001 1.0000000180025095e-35 24.500000000000004 15935.000000000002 4355.5500000000002 0.056350000000000018 8723.7250000000022 2.0299184641988646 1.6258741258741263 1.4283811317083221 -6149.7549999999992 2034.5150000000001 1.0000000180025095e-35 0.72500000000000009 0.69971014671125709 1.4713384952138262 0.20615000000000003 386.71000000000009 0.26491228070175443
decision_type=2 2 2 1 2 8 2 2 2 2 2 2 10 2 2 2 2 2 10 2 2 2 10
left_child=1 18 3 4 -2 6 7 -6 -3 16 11 12 -11 17 -15 -16 -5 -14 19 -1 -21 -22 -23
right_child=2 8 -4 9 5 -7 -8 -9 -10 10 -12 -13 13 14 15 -17 -18 -19 -20 20 21 22 -24
leaf_value=-0.011495078135079316 -0.013995651170559157 0.012038357346903773 0.023832637568523468 -0.0034498473756237702 -0.011330883587002247 -0.0037448254184345754 -0.016211866963051706 0.068189613682466246 -0.0058595401023138292 0.0019881764457179607 0.017485751860451062 -0.010372423744912134 -0.016123273518856694 -0.0078484190080387942 0.091188303055457581 -0.0013944923880531571 0.049590798955980647 0.023225988389110514 -0.016270829177314445 -0.0075951348088133183 0.0044005266442528413 0.071616029151796393 -0.0063483980312395985
leaf_weight=36.866851020371541 64.059600193519145 45.358657596632838 20.302113444544375 3.5500306477770192 1.1243658741004789 14.655866767745463 1.6740839169360695 4.4371123826131225 46.289754319936037 119.13425475661643 37.829621240729466 35.202504937304184 7.8731038093101251 1.909790711244568 3.9732613521628073 1.0437745698727665 5.4399270752910525 6.7933909744024277 85.13195204990916 17.379358180798594 7.4709101519547385 3.5783473330084234 1.744077537441626
leaf_count=4760 4333 1557 1197 360 56 497 47 138 1517 6759 1872 2200 702 111 150 47 460 146 11717 2326 1048 475 196
internal_value=6.52285e-05 -0.00531732 0.0040622 0.00261692 -0.00569222 0.0117869 0.037245 0.0533682 0.00306641 0.00582993 0.00512708 0.00230296 0.00557458 0.0235155 0.0571044 0.0770193 0.0318295 0.00270293 -0.0103409 -0.00255736 0.008399 0.0282159 0.0513123
internal_weight=572.823 243.82 329.003 308.701 85.951 21.8914 7.23556 5.56148 91.6484 222.75 213.76 175.93 140.728 21.5933 6.92683 5.01704 8.98996 14.6665 152.171 67.0395 30.1727 12.7933 5.32242
internal_count=42671 23596 19075 17878 5071 738 241 194 3074 12807 11987 10115 7915 1156 308 197 820 848 20522 8805 4045 1719 671
cat_boundaries=0 1
cat_threshold=556811584
is_linear=0
shrinkage=0.03


Tree=84
num_leaves=24
num_cat=1
split_feature=45 94 145 128 73 2 60 63 2 4 7 9 105 46 140 22 22 42 111 121 73 7 45
split_gain=13.8058 11.9978 9.83142 8.88388 9.06024 9.36013 9.07565 10.2209 8.03344 7.87767 12.1165 8.50368 7.76094 9.6291 8.1517 8.09247 10.5737 9.85001 7.74409 7.33156 14.2932 7.18238 9.58628
threshold=0.007150000000000001 0 2.5000000000000004 66590.85000000002 0.29197253137579926 144.50000000000003 0.97415000000000007 1.0000000180025095e-35 44.500000000000007 1.5000000000000002 0.10850000000000001 48050.000000000007 18.500000000000004 1.1305000000000003 1.5000000000000002 775.50000000000011 792.50000000000011 0.17415000000000003 3.5000000000000004 9569.5450000000019 0.49079959852793587 0.31250000000000006 0.21825000000000003
decision_type=2 9 2 2 2 2 2 2 2 2 10 2 8 2 2 8 10 2 2 2 2 8 2
left_child=-1 9 3 4 5 8 -6 -8 -3 10 11 18 13 14 -4 19 17 -17 -2 -14 -21 22 -11
right_child=1 2 12 -5 6 -7 7 -9 -10 21 -12 -13 15 -15 -16 16 -18 -19 -20 20 -22 -23 -24
leaf_value=-0.024092343290326071 0.06507540491316835 0.03613779401273616 0.051668610712915598 0.031149732947725224 -0.0089464893351196041 0.052413129376437294 -0.0032611537016807432 0.045365372944755109 -0.0030719629979566489 0.037970770055192615 -0.018655336183781863 -0.0050372860636043633 -0.0027571609189401716 -0.0038887848004131725 0.00078463718479578298 0.055146801700377036 -0.0021042979579885802 0.0070435991148906389 -0.01086651251078307 0.049809322853827588 -0.0066444664745664052 -0.00041303985082292283 0.010534026678742665
leaf_weight=17.819382173707709 2.6542101390659831 3.5898189137224135 7.5812448933720606 4.1932006916031233 217.93169531854801 1.9621258294209827 10.215711083961649 4.05228651408106 28.155576204648241 21.500769849866629 13.57744205649942 4.5122796345967799 141.41871239989996 8.1017534798011166 4.1120959157124162 6.5136720947921303 14.902310403063892 8.202100236900149 0.94963180739432562 5.2505470709875217 8.1934356642886979 14.028939043404533 26.646203114651144
leaf_count=3805 128 321 172 353 23370 139 1510 207 3089 1904 750 243 4082 190 102 226 436 193 34 118 220 700 430
internal_value=0.000516906 0.00138564 -0.000715225 -0.00449444 -0.00528487 0.00887864 -0.0073992 0.0144288 0.00324094 0.0102363 -0.00221935 0.0235286 0.00419022 0.0211314 0.0365028 0.00216526 0.015997 0.0323863 0.048328 -0.000650337 0.0189987 0.0185035 0.023812
internal_weight=576.065 558.246 474.376 270.1 265.907 33.7075 232.2 14.268 31.7454 83.8695 21.6936 8.11612 204.276 19.7951 11.6933 184.481 29.6181 14.7158 3.60384 154.863 13.444 62.1759 48.147
internal_count=42722 38917 34728 28989 28636 3549 25087 1717 3410 4189 1155 405 5739 464 274 5275 855 419 162 4420 338 3034 2334
cat_boundaries=0 1
cat_threshold=2250244371
is_linear=0
shrinkage=0.03


Tree=85
num_leaves=24
num_cat=1
split_feature=48 44 51 38 105 74 96 6 61 38 43 39 120 37 23 76 51 64 51 50 40 5 130
split_gain=13.8062 13.1971 9.79771 9.54293 8.72941 9.94028 8.13137 8.01351 8.34395 8.64257 9.98056 7.58108 7.00038 8.839 6.82281 7.03793 7.89276 6.55159 7.16075 6.65948 6.47788 6.3244 6.2837
threshold=1.0395000000000001 0.038195000000000007 0.38335000000000002 0.16585000000000003 25.500000000000004 0.011389580738895811 0 0.94150000000000011 29.500000000000004 0.086750000000000008 0.062325000000000012 0.26685000000000009 22273.285000000003 17.500000000000004 67.750000000000014 1.2388500000000002 0.30535000000000007 1.0000000180025095e-35 0.11025000000000001 4.5000000000000009 0.26015000000000005 943400.00000000012 -212.285
decision_type=2 2 2 2 10 2 1 8 2 2 2 2 2 2 2 2 2 2 2 2 2 2 2
left_child=1 -1 6 -4 5 -2 7 -3 9 -9 11 14 13 -5 -11 16 -16 18 19 -8 -19 -7 -6
right_child=4 2 3 12 22 21 17 8 -10 10 -12 -13 -14 -15 15 -17 -18 20 -20 -21 -22 -23 -24
leaf_value=-0.016311396602510655 0.038475770952661463 -0.00055752633572540085 -0.012782967930485835 0.050803847499983713 0.0041795669781079835 -0.0020481077791957704 -0.0061015524606394594 -0.012159040572941851 0.0015500136245938162 0.00083467690059392595 -0.010993645782142413 -0.0076603189044162599 -0.0042060033945962583 -0.0014225210350767045 0.11200240758106959 -0.0053299625151349041 -0.0051050078826783956 0.033292788776559223 -0.01813147325108963 0.028145737348154263 -0.0059951946683773939 0.026729645534673451 0.016634517761887475
leaf_weight=63.586483432678506 3.9355844797100863 29.354591579642147 6.0033708745613721 9.0606096857227403 81.03533821250312 178.60933074867353 32.210737359942868 1.3361610241699944 7.770096619380638 0.90207655332051206 1.1228389921598134 0.66357772867195297 4.3752848184667519 3.8160894322209051 2.819094720063732 0.40865642903372634 0.39134698291309167 4.3519560219719997 55.397604551166296 4.009853064781054 8.1096408069133741 5.1473222426138809 67.120265075704083
leaf_count=8309 251 2151 399 276 4177 11565 4199 205 581 112 133 77 144 144 307 27 33 193 5285 225 352 301 3295
internal_value=0.000681965 -0.00486018 -0.000490562 0.0168094 0.00457706 0.000261024 -0.00338045 0.00584504 0.0250933 0.0437409 0.0556589 0.0691357 0.0273652 0.0372158 0.0792996 0.0915991 0.101247 -0.00709053 -0.0115393 -0.00103575 0.0104321 -0.000962883 0.00996855
internal_weight=571.538 235.69 172.104 23.2554 335.848 187.692 148.848 44.7684 15.4138 7.64375 6.30759 5.18475 17.252 12.8767 4.52117 3.6191 3.21044 104.08 91.6182 36.2206 12.4616 183.757 148.156
internal_count=42741 23152 14843 963 19589 12117 13880 3626 1475 894 689 556 564 420 479 367 340 10254 9709 4424 545 11866 7472
cat_boundaries=0 1
cat_threshold=368
is_linear=0
shrinkage=0.03


Tree=86
num_leaves=24
num_cat=1
split_feature=145 42 60 9 100 43 133 43 2 41 43 97 123 46 45 51 116 136 1 22 42 42 100
split_gain=15.3882 9.89507 9.88399 13.2326 8.19781 8.37248 8.17896 8.83636 13.4121 10.5352 8.24979 7.60413 10.5642 10.1217 10.5507 9.33273 9.19549 9.42769 8.86502 8.83375 8.11604 13.2863 9.44611
threshold=1.0000000180025095e-35 0.73855000000000015 0.96715000000000007 262750.00000000006 1.5000000000000002 0.013715000000000001 0.37797619047619052 0.041195000000000002 32.500000000000007 2.1425000000000005 0.017955000000000002 0 2909.9450000000002 1.3835000000000002 0.063750000000000015 0.38335000000000002 0.13100686498855837 1709.9950000000003 10.850000000000003 652.50000000000011 0.29115000000000008 1.0025500000000001 1.0000000180025095e-35
decision_type=2 2 2 2 2 2 8 2 2 2 2 1 2 2 2 2 8 2 10 10 2 2 2
left_child=1 2 4 -4 -1 -6 7 8 -3 -10 -11 12 13 14 -2 -14 -13 -18 -16 -19 22 -22 -21
right_child=11 6 3 -5 5 -7 -8 -9 9 10 -12 16 15 -15 18 -17 17 19 -20 20 21 -23 -24
leaf_value=-0.011503600500087858 -0.015686808054039329 -0.011897230559388829 0.0014545946015042288 0.067312047688846174 0.044970013352372572 -0.0028812276900446873 -0.0086877096647665977 -0.0019779345808142745 -0.011409161617462605 0.010064820637044515 0.087909443313013813 -0.0063450342388948243 0.0017866807557658129 -0.0065365812135691221 0.050728805785740537 0.028619541111512041 -0.0098032171446408942 0.018182061053680997 -0.0035656766365349366 0.0013920603643336345 -0.01181132961028666 0.026845664766235629 0.028134123548491836
leaf_weight=153.12208766816184 2.1332309721037808 2.7667484064586514 14.995778263313698 1.3873990611173201 2.7618782396893939 9.9557552004698646 10.609388469252734 7.6699704336933783 1.1758374925702808 2.2720695063471794 3.8982139844447374 73.356367477681488 70.582435669377446 5.5999843678437164 16.345626670401547 12.052364415023474 26.802981968969107 56.617657062131912 2.8795658010058096 30.544845219235867 42.330624784342945 7.8121820017695418 17.697732756845653
leaf_count=22866 220 190 2451 233 312 1245 620 390 86 102 173 4007 2302 186 391 194 1166 2026 77 1614 1156 101 700
internal_value=0.00166796 -0.00476046 -0.00733912 0.0137482 -0.00956131 0.0122095 0.0111834 0.0227184 0.038683 0.0562022 0.0687254 0.00538553 0.0119236 0.0275822 0.0363216 0.0062841 0.00250652 0.00610819 0.0430268 0.0089494 0.00337991 -0.00498993 0.0119318
internal_weight=575.371 210.615 182.223 16.3832 165.84 12.7176 28.3922 17.7828 10.1129 7.34612 6.17028 364.756 109.593 26.9584 21.3584 82.6348 255.162 181.806 19.2252 155.003 98.3854 50.1428 48.2426
internal_count=42808 28668 27107 2684 24423 1557 1561 941 551 361 275 14140 3370 874 688 2496 10770 6763 468 5597 3571 1257 2314
cat_boundaries=0 1
cat_threshold=2
is_linear=0
shrinkage=0.03


Tree=87
num_leaves=24
num_cat=3
split_feature=88 35 11 95 122 144 145 23 23 1 7 47 50 88 103 144 131 47 51 72 19 66 7
split_gain=15.4992 12.9308 11.2934 10.1026 11.6232 9.89513 9.23507 11.2704 10.4235 9.31669 7.96633 7.86681 11.9337 7.75563 7.79624 7.61115 11.962 7.61054 10.0286 8.60473 7.39597 8.66437 10.2906
threshold=0 0.39825000000000005 2695.0000000000005 1 57064.700000000004 0.67500000000000016 1.5000000000000002 62.95000000000001 97.050000000000011 6.0500000000000007 0.23250000000000004 46.785000000000004 2.5000000000000004 2 4176.7600000000011 0.72500000000000009 0.27386363636363642 40.07500000000001 0.11445000000000001 0.58571428571428574 46.500000000000007 0.42411451560778374 0.21650000000000003
decision_type=1 2 2 9 2 2 2 2 2 10 8 2 2 1 2 2 8 2 2 2 2 2 10
left_child=2 11 -1 4 6 -3 -4 9 -9 -8 -11 17 15 -14 -15 -13 -17 20 19 -19 -2 -22 -23
right_child=1 5 3 -5 -6 -7 7 8 -10 10 -12 12 13 14 -16 16 -18 18 -20 -21 21 22 -24
leaf_value=0.04330729488922757 -0.0056475553507761376 0.030867531934690745 -0.0080292540831389952 0.033293076471488547 0.038811107732365235 0.0014405797232474543 0.0079235725435518878 -0.0034310319249395167 0.03111044029831966 0.065727908145112882 0.004366707425203448 -0.01687477955196778 0.0082550348169574995 -0.010231641873958927 0.035607398079143988 0.034596201046305355 -0.017333344802784693 0.050341428854657401 0.00022331939108699139 -0.0015869971411493686 -0.0078607839948444877 0.060554839297508337 -0.013848493448529906
leaf_weight=6.0507956093642852 110.57128815306351 14.093810676131396 49.301875045523047 9.787905822042374 6.247205873951315 29.071269278880209 13.003415576182308 54.818640406709164 7.1298353914171448 4.9691929980181131 3.0357752181589612 115.33022743579932 31.04011750407517 61.774173818761483 1.5901527628302563 5.3529197159223232 6.8905230879317978 6.7911008594091964 21.876188182272017 4.0884377718903124 5.1454914503265154 3.5485236917156726 1.4909408439416436
leaf_count=551 5843 358 6777 160 305 1192 469 2255 254 134 123 14655 1762 4287 80 341 633 475 1191 365 245 199 84
internal_value=-2.15663e-05 -0.0030286 0.0073744 0.00657812 0.0042432 0.0119902 0.00205656 0.00809855 0.0013931 0.0260314 0.0479822 -0.00501006 -0.00859547 -0.000472544 -0.00580626 -0.0145064 0.00704047 0.000218312 0.0126087 0.033611 -0.00329332 0.0189969 0.0408619
internal_weight=573 418.655 154.345 148.294 138.506 43.1651 132.259 82.9569 61.9485 21.0084 8.00497 375.49 221.978 94.4044 63.3643 127.574 12.2434 153.512 32.7557 10.8795 120.756 10.185 5.03946
internal_count=42738 31710 11028 10477 10317 1550 10012 3235 2509 726 257 30160 21758 6129 4367 15629 974 8402 2031 840 6371 528 283
cat_boundaries=0 1 2 3
cat_threshold=168231556 4 67119154
is_linear=0
shrinkage=0.03


Tree=88
num_leaves=24
num_cat=2
split_feature=145 136 108 48 74 88 48 88 33 1 48 5 1 68 22 108 136 40 11 11 41 74 19
split_gain=14.6712 10.1021 9.75732 10.7988 9.66222 9.4001 9.9559 8.47541 8.47549 8.00455 8.70188 8.42414 11.5232 12.3987 7.85213 10.0359 7.48108 7.38233 8.09206 8.07764 10.471 10.9048 11.2347
threshold=1.0000000180025095e-35 1749.1150000000002 13.500000000000002 1.1365000000000001 0.060647233201581031 0 1.6055000000000004 1 197640.55000000002 3.2500000000000004 1.3105000000000002 214650.00000000003 1.4500000000000002 2.154449778960879 675.50000000000011 26.500000000000004 850.91000000000008 0.42685000000000006 177010.00000000003 40975.000000000007 2.6095000000000002 0.049576362076362089 9.5000000000000018
decision_type=2 2 8 2 2 1 2 1 2 10 2 2 8 2 10 8 2 2 2 2 2 2 2
left_child=5 2 3 -2 -5 6 9 8 -3 10 11 12 -1 16 -8 -16 -14 18 -7 20 -19 -22 -23
right_child=1 7 -4 4 -6 17 14 -9 -10 -11 -12 -13 13 -15 15 -17 -18 19 -20 -21 21 22 -24
leaf_value=-0.010564418241690611 -0.013492007764417684 -0.0052523816266380596 -0.011693432469666797 -0.012613661463569376 0.062768049152815059 -0.014486220574640666 0.00098085520708004613 0.0096753877792122023 0.026306334804783889 -0.0074975325865206431 -0.019198693835443186 -0.0040820609581653268 -0.0069868089821111682 -0.01182554601411529 -0.0060431940531447143 0.076338186584898535 0.084244538885808323 -0.0033429442805963804 0.023281882669317036 -0.015978053269523524 -0.015182156342383849 -0.012500581670395363 0.067243216235800513
leaf_weight=2.1992925233207652 3.9554543700069171 76.78015667758882 48.277487437706441 1.3330562976188955 3.3520541312173009 112.20299414917827 4.1098377960734052 224.11309240711853 6.4957069163210681 32.252306275768206 3.2347554380539796 4.8536092259455463 0.59319531917572099 1.2697190849576143 1.4679778011050073 2.743336490355432 4.4711149358190596 14.264219933655115 3.59799571475014 11.581608420936389 1.9666149888653288 1.3378633945249019 5.0348465731367469
leaf_count=303 189 3102 2172 52 95 16607 321 8215 239 4686 337 744 90 205 99 242 544 1689 472 1235 272 161 573
internal_value=0.00147604 0.00509123 -0.0063541 0.0200689 0.0439628 -0.00486879 0.00482043 0.00723789 -0.0017256 0.00115429 0.0169443 0.027038 0.0421528 0.0585997 0.0336332 0.0549224 0.0746057 -0.00804762 -0.0129374 0.00275584 0.0128733 0.035892 0.051515
internal_weight=571.488 364.307 56.9181 8.64056 4.68511 207.181 57.1951 307.389 83.2759 48.874 16.6217 13.3869 8.53332 6.33403 8.32115 4.21131 5.06431 149.986 115.801 34.1852 22.6035 8.33932 6.37271
internal_count=42644 14064 2508 336 147 28580 7571 11556 3341 6909 2223 1886 1142 839 662 341 634 21009 17079 3930 2695 1006 734
cat_boundaries=0 1 2
cat_threshold=101059201 270672937
is_linear=0
shrinkage=0.03


Tree=89
num_leaves=24
num_cat=0
split_feature=143 47 133 41 32 116 5 125 129 6 48 136 13 146 133 1 10 40 26 64 40 7 118
split_gain=14.7549 11.1873 10.9843 12.4905 10.5883 10.8265 10.9759 10.5584 10.8494 10.1167 11.3602 10.7811 10.0631 10.0421 9.88595 9.5525 9.48682 8.87388 10.6261 7.72818 13.5645 7.65693 7.61511
threshold=1.5000000000000002 100.90500000000002 0.17156862745098042 2.7495000000000007 47.500000000000007 0.053342816500711245 71850.000000000015 2732.3100000000009 -443.05499999999995 0.98250000000000004 1.2355000000000003 8053.9700000000003 0.38565000000000005 0.67500000000000016 0.14642857142857144 0.75000000000000011 0.90005000000000013 0.48765000000000008 0.50075000000000014 1.0000000180025095e-35 0.28825000000000006 0.061500000000000006 0.3585714285714286
decision_type=2 2 8 2 2 8 2 2 2 10 2 2 2 2 10 10 2 2 2 2 2 8 10
left_child=1 9 3 12 -4 -6 -7 8 -8 10 21 -11 -2 -13 16 -9 -5 -3 -19 -17 -21 -1 -10
right_child=2 17 4 14 5 6 7 15 22 11 -12 13 -14 -15 -16 19 -18 18 -20 20 -22 -23 -24
leaf_value=0.014224710743295663 0.023498342655582198 -0.01636135590868637 -0.0085455048246278354 0.061536460666176046 -0.019876390904179014 -0.020799872885615918 0.010746857627361115 0.041517171932350411 0.063355852782608885 0.0014822615409292475 0.0053669756732465847 -0.011889226565948718 -0.01016009840609901 0.065484489402437659 -0.006995091372239289 -0.0042486739105194495 -0.01168729599450369 -0.0090283586786912683 0.049459392099282178 0.048575626637573616 -0.0079706165653137002 -0.0083223193451307867 0.0047812837509775058
leaf_weight=13.013080690521745 15.365106225479396 68.599886341253296 43.474699151469395 9.8437891518697125 8.6662547981832159 6.4867610349319866 13.832021852722393 4.5863272969145319 8.110982478130607 10.155649123247711 125.57465856079943 1.2757222894579161 13.210613461909814 4.2391288648359478 2.5067430357448748 36.481944228289649 1.176826694747432 6.2609892918262613 2.4354059232864529 5.7742573416326177 6.558768002782017 156.94436887465417 2.9209575501736245
leaf_count=1230 658 9769 2145 344 663 367 519 161 327 1183 6669 119 638 483 88 1715 70 734 218 93 134 14261 111
internal_value=0.000602213 -0.00268175 0.00768071 0.0207169 0.00343068 0.00906642 0.0124159 0.0156186 0.0310551 -0.000117818 -0.00142687 0.021937 0.00829122 0.0491853 0.0425166 0.00756966 0.0531232 -0.0127411 0.0135363 0.00287166 0.021588 -0.0064506 0.0509608
internal_weight=567.495 388.499 178.996 42.1031 136.893 93.4183 84.752 78.2653 24.864 311.203 295.532 15.6705 28.5757 5.51485 13.5274 53.4013 11.0206 77.2963 8.6964 48.815 12.333 169.957 11.0319
internal_count=42699 34666 8033 1798 6235 4090 3427 3060 957 23945 22160 1785 1296 602 502 2103 414 10721 952 1942 227 15491 438
is_linear=0
shrinkage=0.03


Tree=90
num_leaves=24
num_cat=2
split_feature=47 88 105 43 88 116 6 6 133 13 5 34 50 47 69 117 128 29 46 1 58 2 37
split_gain=14.8287 10.1727 16.0418 8.94324 8.77812 11.2906 9.00667 9.45601 8.4563 7.33271 7.30327 9.98439 7.26556 7.23214 11.1702 10.2986 9.96079 10.5565 9.08726 11.082 7.34191 7.18448 7.05242
threshold=103.26500000000001 0 14.500000000000002 0.016375000000000004 1 0.1126984126984127 0.82450000000000012 0.95350000000000013 0.27429467084639503 0.15865000000000004 129650.00000000001 1478.7800000000002 1.0000000180025095e-35 57.935000000000009 1.7761675272518647 0.34848484848484856 -6149.7549999999992 0.28025000000000005 1.4235000000000002 2.3500000000000001 1.0000000180025095e-35 74.500000000000014 23.500000000000004
decision_type=2 1 8 2 1 10 8 8 8 2 2 2 2 2 2 8 2 2 2 8 2 2 2
left_child=1 2 21 -3 5 6 -2 12 13 10 -4 22 -8 14 -5 16 -15 18 19 -18 -17 -1 -12
right_child=4 3 9 8 -6 -7 7 -9 -10 -11 11 -13 -14 15 -16 20 17 -19 -20 -21 -22 -23 -24
leaf_value=0.053068668488479243 -0.015323561001709987 -0.0092820266498930635 -0.0060321897490023908 -0.0021355525140975742 -0.013174987364249604 -0.0056595281099793768 -0.0078210528254266855 0.0021178490222384873 -0.0023730877568113851 0.0024744315431953247 0.050277869865526362 0.00038341205822862962 0.075656643534317128 0.00057352683480537639 0.031647143566013482 -0.017104543461743137 -0.0012065953401791307 -0.001883141168653824 0.003258614488650809 0.075112236224617199 0.024493536466524694 -0.011179402213212709 -0.003811906653585424
leaf_weight=8.2318525763694179 1.9453525033313788 79.582800492178649 6.7943682374898371 62.864346421789378 72.810660667717457 17.884267125977203 0.69997310498729248 3.4763968735933313 158.77931961556897 84.339074715971947 11.187813298078256 7.9635522621683767 3.9270731182768941 8.0632282260339725 8.2075920631177706 9.1174277763348055 1.9693793577607728 4.0600008750334373 3.0922068636864415 8.5531080858781934 3.83993793465197 1.1211017018649716 2.2749523306265464
leaf_count=376 233 5663 479 3358 9048 1926 149 525 10089 5422 683 523 515 721 436 901 136 362 167 634 99 80 88
internal_value=0.000118042 0.00236569 0.00885935 -0.000539984 -0.0102108 0.00484065 0.0314095 0.043441 0.00205026 0.00708076 0.0197722 0.0277713 0.0644791 0.00837664 0.00252518 0.0184718 0.0287992 0.0403086 0.0515202 0.0629171 -0.00315014 0.0447548 0.0418269
internal_weight=570.786 470.042 121.913 348.129 100.744 27.9331 10.0488 8.10344 268.547 112.56 28.2207 21.4263 4.62705 109.767 71.0719 38.6953 25.7379 17.6747 13.6147 10.5225 12.9574 9.35295 13.4628
internal_count=42613 30217 7651 22566 12396 3348 1422 1189 16903 7195 1773 1294 664 6814 3794 3020 2020 1299 937 770 1000 456 771
cat_boundaries=0 1 2
cat_threshold=177635329 170398726
is_linear=0
shrinkage=0.03


Tree=91
num_leaves=24
num_cat=2
split_feature=94 7 105 145 47 88 73 73 121 128 51 69 69 33 40 99 105 0 108 61 112 133 46
split_gain=12.4847 12.0894 10.5519 10.5744 11.9306 10.8893 12.9123 14.5412 18.1544 11.2911 11.2815 10.0816 9.95977 9.94313 10.2189 9.36158 9.27942 9.20813 9.20602 9.10254 15.7828 9.55783 8.76019
threshold=0 0.093500000000000014 167.50000000000003 2.5000000000000004 71.27500000000002 1 0.28656971770744227 0.69951456310679616 2502.8350000000005 -4104.6849999999986 0.23395000000000002 0.1975526502824225 0.68288286793608666 100667.83000000002 0.14865000000000003 1098.9650000000004 44.500000000000007 59.500000000000007 9.5000000000000018 73.500000000000014 9.5000000000000018 0.53589743589743599 1.0945000000000003
decision_type=9 8 10 2 2 1 2 2 2 2 2 2 2 2 2 2 8 2 10 2 2 10 2
left_child=1 11 3 4 5 6 9 -8 10 -2 13 -1 -4 14 -9 -3 22 19 -11 20 -16 -22 -5
right_child=2 15 12 16 -6 -7 7 8 -10 18 -12 -13 -14 -15 17 -17 -18 -19 -20 -21 21 -23 -24
leaf_value=-0.014841824989228097 -0.0037934412364110893 -7.1684537554592975e-05 0.04159199983792667 0.026312790150850002 -0.012446615073474497 -0.0042843773277739545 -0.013822020571209835 -0.010916443657220738 -0.017353169145516992 0.08732070148455004 -0.0030407780854961384 0.049044893123573921 -0.010682074581544953 -0.012202171047617269 0.003304382500084844 0.025336973947640277 0.0007691496372831451 -0.0089594135155840263 -0.0081303710634989864 0.014225677123181443 0.12355415314525167 -0.0051036700457074346 -0.00052119406722778388
leaf_weight=1.7185515135060985 2.2372154348995537 37.002287907991558 8.0266682694200409 26.453307034447789 108.80126733914949 130.46460361802019 15.457649951567872 1.0999578991904915 6.2634455284569404 3.0174738664645697 4.3425130993127814 11.325672293547539 3.8571756484452626 1.3074033698067058 1.5699235282372646 18.151876126416028 164.18242179043591 0.83864751504734236 0.72190635418519367 2.5811732625588775 3.9785657573956996 0.40019467496313144 17.674172770231962
leaf_count=96 165 1914 482 583 16893 12021 1510 135 537 240 257 532 321 158 180 636 4774 112 70 170 401 46 425
internal_value=0.00169639 0.0116195 -0.000251416 -0.00098863 -0.00474963 0.000142203 0.0098806 0.00752469 0.0221919 0.0501374 0.037778 0.0397738 0.0255306 0.0510867 0.0596802 0.0088846 0.00411893 0.0684312 0.0724816 0.0762967 0.0928736 0.113882 0.0160085
internal_weight=571.474 68.1984 503.276 491.392 283.082 174.281 43.8161 37.8395 22.3818 5.9766 16.1184 13.0442 11.8838 11.7759 10.4685 55.1542 208.31 9.3685 3.73938 8.52986 5.94868 4.37876 44.1275
internal_count=42658 3178 39480 38677 32895 16002 3981 3506 1996 475 1459 628 803 1202 1044 2550 5782 909 310 797 627 447 1008
cat_boundaries=0 1 2
cat_threshold=100679707 688162825
is_linear=0
shrinkage=0.03


Tree=92
num_leaves=24
num_cat=1
split_feature=45 88 60 41 135 40 133 31 137 32 41 45 51 78 74 129 68 43 47 29 51 136 61
split_gain=12.8255 9.29733 10.2045 9.34128 11.2397 14.4992 10.4829 13.4271 9.13666 9.05425 8.65928 8.65355 9.20897 8.70356 8.13823 8.34384 8.01416 11.2106 8.67233 8.21506 8.10371 8.16622 11.2117
threshold=0.0095500000000000012 0 0.57425000000000015 2.7705000000000006 14519.185000000003 0.32745000000000007 1.0000000180025095e-35 1.0775000000000003 1.132050968869047 67.500000000000014 3.0005000000000002 0.24125000000000002 0.035550000000000005 0.099325000000000011 0.07528501101178911 -3071.3749999999995 0.30860943934114676 0.0072050000000000005 38.555000000000007 1.4083000000000003 0.090450000000000016 8053.9700000000003 35.500000000000007
decision_type=2 1 2 2 2 2 8 8 10 2 2 2 2 2 2 2 2 2 2 2 2 2 2
left_child=-1 11 8 9 6 -6 -5 10 -3 16 -8 12 13 -2 -13 -16 17 -4 20 -20 -18 22 -22
right_child=1 2 3 4 5 -7 7 -9 -10 -11 -12 14 -14 -15 15 -17 18 -19 19 -21 21 -23 -24
leaf_value=-0.019713118263635282 -0.016817425748500297 0.031857534036991361 0.055447836417788471 0.029956510352966988 0.070896635137345843 -0.0069682557980738722 0.07387890813235902 -0.00014329558443890522 -0.00015138755178484566 0.0094439917466255397 -0.01010039014349042 -0.0082900603661318767 -0.01662791338657146 0.028816914002743877 0.038482609258115891 0.0035441520701133722 -0.016921009478088087 0.0034940925884654715 -0.011979344878947404 0.024692701193728461 -0.0024646044092524865 -0.0054853665132877259 0.034383519089030992
leaf_weight=23.867043848382309 4.7017014513257873 19.469987264601514 2.1621727985329917 13.507997459266333 3.8115767969284198 2.896589822601527 1.7090386312920602 76.227438810514286 12.786858932580797 68.011051201727241 0.9628668485675006 25.793280652258545 62.255910329055041 7.1031445742119104 7.0044524744153049 20.929249516222626 11.812689703190697 40.30762873054482 114.34625105373561 3.9438233100809148 12.424889128189536 19.56312406854704 15.606437737587838
leaf_count=5324 704 764 145 785 228 158 85 5313 522 4544 73 573 6762 790 117 426 811 2604 9749 355 654 758 524
internal_value=0.000935696 0.00190459 0.00395861 0.0027896 0.0106349 0.0433961 0.00738766 0.00287869 0.0199009 3.6614e-05 0.0522471 -0.0046609 -0.0120801 0.0108382 0.00354176 0.0142909 -0.00292824 0.00851387 -0.00572724 -0.0103665 0.00354704 0.00910461 0.0189742
internal_weight=571.205 547.338 419.55 387.294 99.1155 6.70817 92.4073 78.8993 32.2568 288.178 2.67191 127.788 74.0608 11.8048 53.727 27.9337 220.167 42.4698 177.697 118.29 59.4071 47.5945 28.0313
internal_count=42768 37444 28072 26786 6642 386 6256 5471 1286 20144 158 9372 8256 1494 1116 543 15600 2749 12851 10104 2747 1936 1178
cat_boundaries=0 1
cat_threshold=826830848
is_linear=0
shrinkage=0.03


Tree=93
num_leaves=24
num_cat=2
split_feature=63 19 44 69 60 88 129 114 134 134 5 105 32 99 6 88 120 72 145 60 34 46 18
split_gain=13.7281 12.2055 13.531 13.437 11.0085 10.833 10.6504 9.56141 10.2692 9.51711 8.54289 8.36331 9.29495 8.5174 8.30583 7.92295 9.43524 10.2863 8.92997 8.79719 9.22791 9.19138 8.5864
threshold=1.0000000180025095e-35 54.500000000000007 0.12101500000000003 0.23435146021520292 0.83255000000000012 0 -3340.4899999999993 9.5000000000000018 4730.2250000000013 43785.035000000011 943400.00000000012 170.50000000000003 64.500000000000014 253.81000000000003 0.92650000000000021 1 7319.6150000000007 1.4500000000000002 1.5000000000000002 0.77685000000000015 510.35500000000008 0.99650000000000005 14.500000000000002
decision_type=2 2 2 2 2 1 2 2 2 2 2 10 2 2 8 1 2 2 2 2 2 2 2
left_child=1 2 10 -3 -5 -2 14 8 -6 -10 11 13 -13 -1 -4 16 18 -18 -15 20 21 -17 -19
right_child=5 3 6 4 7 -7 -8 -9 9 -11 -12 12 -14 15 -16 19 17 22 -20 -21 -22 -23 -24
leaf_value=-0.011746200307337099 -0.0045107174999498342 -0.014381150268897573 0.0074305065451755288 0.0027272955149529455 -0.008730990627824467 0.010053685438589061 0.002884567794338341 -0.010047946358225465 0.099198051637930024 -0.0069893473593779813 0.019559396858491781 -0.0074836457709507899 0.058423481623260866 -0.0029467823671107769 0.061255032542788156 -0.0047617705848309218 -0.0091160039941472325 0.055924686398521904 0.052450182373936838 -0.015618625179523515 -0.0060436722729944178 0.05511179436855803 -0.013394532649191337
leaf_weight=184.54569213511422 52.963666724041104 5.3441021083854165 5.7839134624227855 5.1369685141835344 0.80707340966910113 155.60534883802757 39.812264071544632 0.97975529893301416 3.5381940340157598 0.5899857582990079 9.2466414619702828 3.1990087272133669 1.6995037216693161 3.5017899856902677 3.8242772144731143 3.454753823811191 16.821527068968866 2.7653877136763176 6.4422515332698822 44.54062722553499 16.903419172856957 3.5353737701661885 1.4552373879123477
leaf_count=21214 1644 536 396 464 107 4738 2808 129 333 67 821 317 133 579 280 265 1391 181 235 4406 1208 227 89
internal_value=0.000905542 -0.00260962 -0.00384974 0.0212369 0.0380242 0.0070056 0.0104086 0.0602434 0.0730712 0.0866939 -0.00626708 -0.0072226 0.0256911 -0.00796609 0.0357166 -0.000856111 0.00819556 0.00211111 0.0357153 -0.00588947 0.00636622 0.0310441 0.0354018
internal_weight=572.497 363.928 347.532 16.3961 11.052 208.569 49.4205 5.91501 4.93525 4.12818 298.111 288.865 4.89851 283.966 9.60819 99.4204 30.9862 21.0422 9.94404 68.4342 23.8935 6.99013 4.22063
internal_count=42568 36186 34550 1636 1100 6382 3484 636 507 400 31066 30245 450 29795 676 8581 2475 1661 814 6106 1700 492 270
cat_boundaries=0 1 2
cat_threshold=17318962 67150230
is_linear=0
shrinkage=0.03


Tree=94
num_leaves=24
num_cat=1
split_feature=45 88 78 77 128 73 76 42 29 131 106 43 133 78 6 42 120 48 19 22 112 19 42
split_gain=12.2708 8.33712 9.15673 8.45217 10.3216 9.70493 9.5864 8.13109 7.5228 9.58423 9.72442 8.25333 7.92535 8.13039 7.46305 8.64123 9.30838 9.87093 8.15791 7.4762 11.1125 9.02766 7.35916
threshold=0.011350000000000001 0 0.064885000000000012 1.0000000180025095e-35 11269.249999999998 0.29358072721831519 1.0445500000000003 0.36705000000000004 0.25355000000000005 0.31909090909090915 2.5000000000000004 0.013475000000000003 0.10555555555555557 0.45392500000000008 0.69850000000000001 0.12315000000000002 3363.1350000000007 0.9105000000000002 20.500000000000004 587.50000000000011 14.500000000000002 2.5000000000000004 -0.71909999999999985
decision_type=2 1 2 2 2 2 2 2 2 8 10 2 10 2 10 2 2 2 2 10 2 2 2
left_child=-1 8 -3 4 14 7 -7 -6 -2 10 -10 -12 -13 -14 15 16 -4 -18 -19 20 -16 -21 -23
right_child=1 2 3 -5 5 6 -8 -9 9 -11 11 12 13 -15 19 -17 17 18 -20 21 -22 22 -24
leaf_value=-0.017325533626631723 -0.0090193583631496665 -0.021146731103974855 -0.0086681643719623905 0.0090735650151202267 0.075389126432814924 -0.017227841456249171 0.022784338960512684 -0.0092340580240837453 -0.017012030857988945 -0.007075697929381731 -0.0089132126450183671 -0.000767162338377836 0.056696581989895418 -0.011448117359288277 -0.0087417383046257003 -0.003597838714344632 -0.0037603780695706448 0.086588181819275675 0.0095040660708346023 0.024623537084616339 0.033545412465896429 0.024112745681674118 -0.014281812889111867
leaf_weight=28.406195275252685 96.026273540453985 10.123918474419041 3.5272511129733193 228.18175866780803 1.9680623938329547 6.9689631629735258 11.946198397781698 0.84355413913726796 4.0220630369149175 24.959789857268333 3.5562407677061882 3.7084935829043379 9.432301366934551 1.1316606171894807 11.675993900513278 16.492751711746678 2.5318340475205332 2.5998599203303456 2.4455388400238007 4.5059277976397416 7.7400613061618051 2.9721927491482338 83.308025141246617
leaf_count=6396 6571 1395 459 9104 191 755 948 55 301 1811 323 257 642 53 1209 1107 346 214 214 442 718 501 8557
internal_value=0.00122676 0.00226174 0.00434595 0.00539552 8.735e-05 0.0183814 0.00780482 0.0567151 -0.00364422 0.00543347 0.0191176 0.0281621 0.0373602 0.0487363 -0.00301876 0.0104421 0.0286613 0.0442197 0.0625293 -0.00651572 0.00967416 -0.0101121 -0.0124429
internal_weight=569.075 540.669 397.832 387.708 159.526 21.7268 18.9152 2.81162 142.837 46.8105 21.8508 17.8287 14.2725 10.564 137.799 27.5972 11.1045 7.57723 5.0454 110.202 19.4161 90.7861 86.2802
internal_count=42569 36173 26215 24820 15716 1949 1703 246 9958 3387 1576 1275 952 695 13767 2340 1233 774 428 11427 1927 9500 9058
cat_boundaries=0 1
cat_threshold=288518144
is_linear=0
shrinkage=0.03


Tree=95
num_leaves=24
num_cat=1
split_feature=77 88 134 11 64 43 76 105 145 78 131 31 29 107 0 32 131 8 68 42 10 37 133
split_gain=14.2171 9.51587 9.07788 8.93631 8.60931 10.672 10.095 9.9043 8.37056 7.70265 8.00588 7.34533 7.38644 7.32399 7.45301 7.12573 8.96911 7.72818 7.19529 7.49802 7.61169 7.12293 7.07761
threshold=1.0000000180025095e-35 0 5502.795000000001 3005.0000000000005 1.0000000180025095e-35 0.05087500000000001 0.19425000000000006 18.500000000000004 1.0000000180025095e-35 0.10186000000000002 0.32392686804451515 1.1985000000000003 0.063350000000000004 68.500000000000014 50.500000000000007 60.500000000000007 0.35067567567567576 1.5000000000000002 2.5205425104209147 -0.35834999999999995 0.90785000000000016 34.500000000000007 0.20526315789473687
decision_type=2 1 2 2 2 2 2 10 2 2 10 8 2 10 2 2 8 2 2 2 2 2 8
left_child=2 -2 -1 -3 5 6 7 9 11 -5 -11 12 -4 15 -15 -10 17 18 19 -17 21 -21 -9
right_child=1 3 8 4 -6 -7 -8 22 13 10 -12 -13 -14 14 -16 16 -18 -19 -20 20 -22 -23 -24
leaf_value=-0.015650270138665958 -0.0039009166065196244 0.031981563775098809 0.050492994483508892 -0.013215452227248008 0.017460068029667111 0.014435262349687249 -0.0045216032851458565 0.02630833268068505 -0.004519727680071097 0.0080238206572994797 0.066966277927088078 -0.011258789998618646 -0.010038371734627119 0.042330154757138111 -0.014402165397197929 -0.012704985681872429 -0.0061382518369526235 -0.0068915173747946829 -0.010024135326201266 0.057974385275794418 -0.011592295575563643 -0.010002983602591404 -0.023069079650677126
leaf_weight=52.192683153785765 80.693299980834126 11.330359906191005 1.7223516188096253 1.5209455268923218 49.07885284582153 54.134225483052433 113.6813179794699 2.1133581334725013 68.019067965913564 3.9901806393172574 4.3666791776195168 76.962544653797522 2.4819596633315086 5.6979050841182461 1.7276723301038144 1.4267797633074248 14.929073356091974 5.3374103424139312 2.3754442329518488 11.078529537189752 1.1938838069327165 0.95285904128104526 5.3826726628467441
leaf_count=6607 3819 608 335 218 908 2555 5130 153 4092 303 321 14375 482 247 103 121 879 264 133 551 62 43 413
internal_value=0.000630911 0.00472476 -0.0047913 0.00723116 0.00653866 0.00348865 -0.00118203 0.0188806 -0.0017385 0.036024 0.045807 -0.00897066 0.0230422 0.00353394 0.0288754 0.00124228 0.0114465 0.0227251 0.0317572 0.0389214 0.0454283 0.0519323 -0.00653914
internal_weight=572.39 326.292 246.098 245.599 234.268 185.189 131.055 17.3738 193.905 9.87781 8.35686 81.1669 4.20431 112.739 7.42558 105.313 37.294 22.3649 17.0275 14.6521 13.2253 12.0314 7.49603
internal_count=42722 14428 28294 10609 10001 9093 6538 1408 21687 842 624 15192 817 6495 350 6145 2053 1174 910 777 656 594 566
cat_boundaries=0 1
cat_threshold=269512746
is_linear=0
shrinkage=0.03


Tree=96
num_leaves=24
num_cat=1
split_feature=64 47 94 46 129 124 66 52 1 39 129 48 137 25 68 38 41 114 39 136 19 10 44
split_gain=12.001 12.2178 11.802 10.1035 11.5101 11.0428 9.32846 9.18913 11.3558 9.54483 8.93382 9.41885 8.43929 8.96999 8.31895 9.46722 8.07916 8.04123 7.67275 8.36695 7.38724 9.47469 7.37621
threshold=1.0000000180025095e-35 19.135000000000002 0 0.63950000000000007 -2580.6800000000003 871.97500000000002 0.029883194667482502 1.0000000180025095e-35 3.5500000000000003 0.065050000000000011 -5225.1799999999994 1.1275000000000002 1.9435709948674427 -1.0000000180025095e-35 2.5205425104209147 0.24555000000000002 2.6825000000000006 5.5000000000000009 0.13155000000000003 1672.7350000000004 53.500000000000007 0.17355000000000001 0.052455000000000009
decision_type=2 2 9 2 2 2 2 2 10 2 2 2 8 2 2 2 2 2 2 2 2 2 2
left_child=1 -1 3 4 -3 -5 -4 20 9 -9 -7 22 13 -6 15 18 17 -10 -2 -20 -8 -22 -12
right_child=14 2 6 5 12 10 7 8 16 -11 11 -13 -14 -15 -16 -17 -18 -19 19 -21 21 -23 -24
leaf_value=0.015610334012250624 0.0031954906387602709 -0.013973408264865797 0.043402895341171928 -0.019031622821165165 0.00085891798396972401 -0.016563894782110834 -0.0079231378671469777 0.028878736107291792 -0.015480513651400017 -0.020456460357423115 -0.00040115930161002358 0.0028126854655089392 -0.0086181350490192616 0.068074174277142213 -0.014237860812464866 0.004458789665947825 0.032651356553802663 0.017426799895143681 -0.0084760859868785263 0.040903716892405399 0.040658460190631705 -0.0039971046921749133 0.054206092589678866
leaf_weight=33.835683406097814 10.369405983248724 2.8473928100429466 1.6278330734930921 11.319122576853259 2.2960926746018213 5.3335042973048976 320.90561826783232 2.5132766305469003 9.4077793748583662 16.6908866497688 2.908424015855422 11.983595005469395 1.6954557402059443 6.9660392259247583 9.0425523535814119 44.036899304017425 13.160316640511153 14.312836783705277 2.8741957072634277 20.15368137229234 4.594872703542932 11.281441213563083 7.1018059554044157
leaf_count=1212 393 125 150 603 64 255 30372 211 800 1301 259 413 69 241 329 1186 910 1137 96 613 427 1129 312
internal_value=0.000609275 -0.00125438 -0.00259496 0.00843588 0.0325507 0.00383256 -0.00435413 -0.00504651 0.00603727 -0.011885 0.013955 0.0221197 0.044931 0.054523 0.0107647 0.0139694 0.0155008 0.00418661 0.0255494 0.0345556 -0.00691706 0.0120299 0.0409155
internal_weight=567.259 480.782 446.946 52.4514 13.805 38.6465 394.495 392.867 56.0851 19.2042 27.3273 21.9938 10.9576 9.26213 86.4767 77.4342 36.8809 23.7206 33.3973 23.0279 336.782 15.8763 10.0102
internal_count=42607 39990 38778 2341 499 1842 36437 36287 4359 1512 1239 984 374 305 2617 2288 2847 1937 1102 709 31928 1556 571
cat_boundaries=0 1
cat_threshold=2384461835
is_linear=0
shrinkage=0.03


Tree=97
num_leaves=24
num_cat=1
split_feature=94 48 105 7 7 66 51 133 74 45 45 13 131 7 23 41 41 125 43 132 32 112 35
split_gain=13.4362 12.0324 9.37026 8.62947 10.0386 9.01696 12.9461 9.17924 8.33533 8.33459 9.32891 12.043 10.2632 9.76763 8.07818 8.04102 7.84472 10.4818 8.06356 7.73358 8.27166 7.6765 7.47939
threshold=0 0.99250000000000005 67.500000000000014 0.14250000000000002 0.055500000000000008 0.61909059652741971 0.075850000000000015 0.29705882352941182 0.092436079545454561 0.053550000000000007 0.11685000000000002 0.41645000000000004 0.44058823529411767 0.34850000000000003 54.95000000000001 2.7755000000000005 2.4445000000000001 1332.3400000000004 0.042565000000000006 0.26136363636363641 78.500000000000014 18.500000000000004 0.39825000000000005
decision_type=9 2 10 10 8 2 2 10 2 2 2 2 10 8 2 2 2 2 2 8 2 2 2
left_child=9 22 -3 4 8 6 7 -5 -4 -1 13 12 -12 16 -13 -8 -11 -18 -19 20 -6 -7 -2
right_child=1 2 3 5 19 21 15 -9 -10 10 11 14 -14 -15 -16 -17 17 18 -20 -21 -22 -23 -24
leaf_value=-0.014225029460265279 -0.0095657541798264915 -0.0011789228610222396 0.055002138317536725 -0.0018330457441350545 -0.0024471905216032594 0.060681335971641784 -0.0036126444499884596 0.070265962699671711 -0.013244895653053979 0.0095983224067860799 -0.0057513097891504755 -0.00024158833084189345 0.027126561110058938 -0.013416469288895432 0.03992146391162648 0.025475649634487674 -0.0086921147220915661 0.10872784047775133 0.0068648937522195509 -0.019325985646282507 0.047646681879521063 -0.0063962999305417767 0.010675484491429356
leaf_weight=7.3682596562430254 162.94585635117255 220.27551550022326 2.7165632250253102 2.1476939492858937 13.085154528962446 4.9237341585103414 28.470528621226549 3.1886708200909197 1.4654507210943846 3.2380817949306193 33.844651118852198 6.1204179800115552 9.2345209042541665 1.5478666895069189 14.849142985884098 9.9924292762298119 0.7917599263601004 2.3044634321704511 1.1758352126926181 17.893980131484568 1.7724831940140564 1.5181976633612064 16.591944035608321
leaf_count=1162 18821 15040 136 200 678 273 1453 232 112 283 789 150 205 125 256 490 70 168 81 1068 79 83 798
internal_value=0.000675696 -0.00139976 0.00213247 0.0103385 -0.000722234 0.018186 0.0120617 0.0486595 0.0345392 0.0102744 0.0164767 0.0116472 0.00218727 0.0423428 0.0291987 0.00482999 0.0542397 0.0742261 0.0893778 -0.00695337 0.00847272 0.0471027 -0.00759816
internal_weight=567.463 486.988 307.45 87.1749 36.9336 50.2413 43.7993 5.33636 4.18201 80.475 73.1067 64.0487 43.0792 9.05801 20.9696 38.463 7.51014 4.27206 3.4803 32.7516 14.8576 6.44193 179.538
internal_count=42752 39463 19844 4804 2073 2731 2375 432 248 3289 2127 1400 994 727 406 1943 602 319 249 1825 757 356 19619
cat_boundaries=0 1
cat_threshold=102777867
is_linear=0
shrinkage=0.03


Tree=98
num_leaves=24
num_cat=1
split_feature=145 40 108 88 9 41 12 73 44 133 42 24 47 69 121 43 61 1 44 68 67 130 105
split_gain=9.97057 10.0461 9.03907 9.79461 9.01216 12.16 8.74618 9.83049 8.44727 8.06684 7.6448 7.56341 7.08641 9.08358 8.81445 9.16018 7.99323 7.34809 7.02041 6.98445 7.74706 7.64834 13.3708
threshold=1.0000000180025095e-35 0.43395000000000006 9.5000000000000018 0 457250.00000000006 2.5945000000000005 1.5000000000000002 1.9019138755980864 0.095745000000000011 0.30602006688963218 0.97165000000000001 185.00000000000003 40.435000000000009 0.40997516467530065 252.82500000000002 0.038535000000000007 128.50000000000003 3.2500000000000004 0.016425000000000006 2.4830555963541969 0.26767902727852549 -2313.1699999999996 38.500000000000007
decision_type=2 2 10 1 2 2 2 2 2 10 2 2 2 2 2 2 2 10 2 2 2 2 8
left_child=1 4 3 6 -1 -6 7 8 9 -2 -5 -11 16 14 -14 17 -3 -16 -13 20 21 22 -4
right_child=2 12 19 10 5 -7 -8 -9 -10 11 -12 18 13 -15 15 -17 -18 -19 -20 -21 -22 -23 -24
leaf_value=-0.0090752537300718694 0.012400307637591671 0.031649418405751355 0.059921851348551353 -0.0051386684739895125 -0.012462242134882309 0.061781567557602148 -0.0044502080671356605 -0.018110610224545954 0.0011248192715155314 -0.0093407195418957721 0.012781013496228595 -0.010874701729906311 -0.0067249729380700384 -0.01839061358125978 -0.0033701165515838782 -0.004202055939414571 -0.017293907458821232 0.07141544980588882 0.051581139835490508 -0.0086110899788456284 -0.0010944862411858256 0.010203674577503579 0.014798590475508067
leaf_weight=152.79957120446488 18.952440767083317 13.31707489164546 8.1781166926957685 167.72506308695301 2.9264100459404281 1.9123859568499026 22.215164982713759 4.8901502597145727 14.202224914915858 1.748638324439528 22.590015006717294 1.0916969771496976 9.1867713592946583 12.77333650854416 1.3239079052582372 3.4056002674624324 2.3768506341148159 2.9706433413084596 16.151860502548516 11.706840106286107 20.409559066873044 36.905445394106209 18.783447723370045
leaf_count=22941 641 1019 197 7592 400 269 838 213 421 61 416 72 1255 1831 146 381 126 300 635 424 702 1227 670
internal_value=0.00120211 -0.00410405 0.00415495 0.00130824 -0.00767063 0.0263671 0.00859419 0.0172928 0.0211591 0.0282259 -0.00256713 0.0413324 0.00809277 -0.000816712 0.0130161 0.0330989 0.02312 0.0546153 0.0469078 0.01196 0.0149509 0.0199559 0.0316784
internal_weight=568.543 202.993 365.551 269.567 157.638 4.8388 79.2522 57.037 52.1469 37.9446 190.315 18.9922 45.3542 29.6603 16.8869 7.70015 15.6939 4.29455 17.2436 95.9834 84.2766 63.867 26.9616
internal_count=42777 28668 14109 10889 23610 669 2881 2043 1830 1409 8008 768 5058 3913 2082 827 1145 446 707 3220 2796 2094 867
cat_boundaries=0 1
cat_threshold=110428420
is_linear=0
shrinkage=0.03


end of trees

feature_importances:
structuring_score=98
text_concealment_level=86
volume_spike_ratio_6m=66
pass_through_velocity_hours=62
verified_income_ratio=53
occupation=48
cash_and_crypto_exposure=47
kyc_document_completeness=45
cash_intensity_ratio=40
days_since_last_cash_deposit=39
years_at_employer=38
gambling_spend_ratio_90d=38
income_volatility_cv=37
txn_velocity_change_pct=37
kyc_deficiency_score=37
cash_to_total_volume_ratio=36
products_per_tenure_year=36
crypto_exposure_ratio_90d=34
aml_flag_count=34
merchant_category_entropy=32
tenure_to_age_ratio=32
foreign_event_ratio_180d=31
night_event_ratio_90d=31
dti_ratio=30
new_counterparty_ratio_90d=30
screening_hit_total=29
net_flow_180d=29
account_age_months=28
text_distress_level=28
months_since_last_delinquency=26
savings_to_income_ratio=26
outflow_velocity_ratio=25
kyc_refresh_overdue_days=24
text_concealment_confidence=24
credit_limit_to_income=23
payment_history_score=22
night_txn_ratio=22
offshore_entity_links=22
bureau_score=21
expected_vs_actual_turnover_ratio=21
net_flow_90d=21
night_event_ratio_180d=21
outflow_90d=21
balance_months_of_income=20
days_since_last_trigger_event=20
net_flow_30d=20
declared_annual_income=19
edd_required=19
complex_ownership_structure_flag=19
inflow_180d=19
age=18
outflow_30d=18
credit_utilization_ratio=17
txn_count_90d=17
cross_border_txn_count_90d=17
cross_border_txn_ratio=17
total_credit_limit=16
revolving_balance=16
pep_flag=16
sar_filed_prior=16
revolving_balance_to_income=16
pep_relationship=16
jurisdiction_risk_tier=16
max_abs_amount_90d=16
min_monthly_balance=15
balance_volatility=15
avg_txn_amount=15
high_risk_jurisdiction_exposure=14
days_since_last_event=14
event_count_180d=14
max_abs_amount_180d=14
outflow_180d=14
device_change_frequency_30d=13
min_balance_months_of_income=12
txn_volume_90d=11
beneficial_ownership_transparency=11
inflow_90d=11
avg_monthly_balance=10
inflow_30d=10
max_abs_amount_30d=10
wire_transfer_out_amount_90d=10
event_count_90d=9
event_count_velocity_ratio=8
country_of_residence=7
cash_deposit_amount_90d=7
crypto_transfer_amount_90d=7
foreign_event_ratio_30d=7
foreign_event_ratio_90d=7
night_event_ratio_30d=7
num_products_held=6
num_credit_inquiries_12m=6
loan_to_value=6
days_since_last_missed_payment=6
num_open_loans=5
max_days_past_due_24m=5
collateral_coverage_ratio=5
crypto_vasp_exposure_flag=5
distinct_counterparty_countries_90d=5
text_distress_confidence=5
dependents_count=4
large_cash_deposits_90d=4
adverse_media_hits_12m=4
source_of_funds_verified=4
overdraft_days_per_event=4
inquiries_per_open_loan=4
overdraft_days_12m=3
distinct_counterparty_countries_180d=3
income_months_missing_12m=2
delinquencies_30d_12m=2
prior_default_flag=2
vpn_or_high_risk_ip_flag=2
sanctions_screen_hits=2
delinquency_severity=2
cash_deposit_count_90d=2
event_count_30d=2
trigger_event_count_90d=2
overdraft_events_12m=1
source_of_funds_declared=1
crypto_transfer_count_90d=1
distinct_counterparty_countries_30d=1
wire_transfer_out_count_90d=1

parameters:
[boosting: gbdt]
[objective: binary]
[metric: auc]
[tree_learner: serial]
[device_type: cpu]
[data_sample_strategy: bagging]
[data: ]
[valid: ]
[num_iterations: 3000]
[learning_rate: 0.03]
[num_leaves: 24]
[num_threads: 0]
[seed: 42]
[deterministic: 1]
[force_col_wise: 0]
[force_row_wise: 0]
[histogram_pool_size: -1]
[max_depth: -1]
[min_data_in_leaf: 40]
[min_sum_hessian_in_leaf: 0.001]
[bagging_fraction: 0.8]
[pos_bagging_fraction: 1]
[neg_bagging_fraction: 1]
[bagging_freq: 1]
[bagging_seed: 400]
[bagging_by_query: 0]
[feature_fraction: 0.75]
[feature_fraction_bynode: 1]
[feature_fraction_seed: 30056]
[extra_trees: 0]
[extra_seed: 12879]
[early_stopping_round: 0]
[early_stopping_min_delta: 0]
[first_metric_only: 0]
[max_delta_step: 0]
[lambda_l1: 0]
[lambda_l2: 2]
[linear_lambda: 0]
[min_gain_to_split: 0]
[drop_rate: 0.1]
[max_drop: 50]
[skip_drop: 0.5]
[xgboost_dart_mode: 0]
[uniform_drop: 0]
[drop_seed: 17869]
[top_rate: 0.2]
[other_rate: 0.1]
[min_data_per_group: 200]
[max_cat_threshold: 8]
[cat_l2: 25]
[cat_smooth: 200]
[max_cat_to_onehot: 4]
[top_k: 20]
[monotone_constraints: ]
[monotone_constraints_method: basic]
[monotone_penalty: 0]
[feature_contri: ]
[forcedsplits_filename: ]
[refit_decay_rate: 0.9]
[cegb_tradeoff: 1]
[cegb_penalty_split: 0]
[cegb_penalty_feature_lazy: ]
[cegb_penalty_feature_coupled: ]
[path_smooth: 0]
[interaction_constraints: ]
[verbosity: -1]
[saved_feature_importance_type: 0]
[use_quantized_grad: 0]
[num_grad_quant_bins: 4]
[quant_train_renew_leaf: 0]
[stochastic_rounding: 1]
[linear_tree: 0]
[max_bin: 255]
[max_bin_by_feature: ]
[min_data_in_bin: 3]
[bin_construct_sample_cnt: 200000]
[data_random_seed: 175]
[is_enable_sparse: 1]
[enable_bundle: 1]
[use_missing: 1]
[zero_as_missing: 0]
[feature_pre_filter: 1]
[pre_partition: 0]
[two_round: 0]
[header: 0]
[label_column: ]
[weight_column: ]
[group_column: ]
[ignore_column: ]
[categorical_feature: 87,88,89,90,91,92,93,94,95,96,97,98]
[forcedbins_filename: ]
[precise_float_parser: 0]
[parser_config_file: ]
[objective_seed: 16083]
[num_class: 1]
[is_unbalance: 0]
[scale_pos_weight: 1]
[sigmoid: 1]
[boost_from_average: 1]
[reg_sqrt: 0]
[alpha: 0.9]
[fair_c: 1]
[poisson_max_delta_step: 0.7]
[tweedie_variance_power: 1.5]
[lambdarank_truncation_level: 30]
[lambdarank_norm: 1]
[label_gain: ]
[lambdarank_position_bias_regularization: 0]
[eval_at: ]
[multi_error_top_k: 1]
[auc_mu_weights: ]
[num_machines: 1]
[local_listen_port: 12400]
[time_out: 120]
[machine_list_filename: ]
[machines: ]
[gpu_platform_id: -1]
[gpu_device_id: -1]
[gpu_device_id_list: ]
[gpu_use_dp: 0]
[num_gpu: 1]

end of parameters

pandas_categorical:[["corporate", "private_banking", "retail", "sme", "__missing__", "__unknown__"], ["accountant", "art_antiques_dealer", "casino_operator", "civil_servant", "construction_contractor", "consultant", "crypto_trader", "factory_worker", "financial_analyst", "import_export_trader", "jewellery_dealer", "lawyer", "logistics_manager", "military_officer", "money_service_operator", "nonprofit_director", "nurse", "physician", "politician_aide", "real_estate_agent", "restaurant_owner", "retail_shop_owner", "retired", "sales_representative", "software_engineer", "student", "taxi_driver", "teacher", "truck_driver", "unemployed", "__missing__", "__unknown__"], ["business_owner", "retired", "salaried", "self_employed", "student", "unemployed", "__missing__", "__unknown__"], ["bachelor", "doctorate", "high_school", "master", "vocational", "__missing__", "__unknown__"], ["divorced", "married", "single", "widowed", "__missing__", "__unknown__"], ["branch", "mobile", "online", "relationship_manager", "__missing__", "__unknown__"], ["citizen", "non_resident", "permanent_resident", "temporary_visa", "__missing__", "__unknown__"], ["ae", "af", "au", "bz", "ca", "ch", "cy", "de", "fr", "gb", "hk", "ht", "il", "jp", "ky", "ly", "mm", "mt", "ng", "nl", "pa", "ru", "sc", "sg", "ss", "sy", "tr", "ua", "us", "vg", "vu", "ye", "za", "__missing__", "__unknown__"], ["close_associate", "family_member", "none", "self", "__missing__", "__unknown__"], ["business_income", "crypto_disposal", "gift", "inheritance", "investment_returns", "loan_proceeds", "property_sale", "salary", "undeclared", "__missing__", "__unknown__"], ["clear", "opaque", "partial", "__missing__", "__unknown__"], ["high", "low", "medium", "__missing__", "__unknown__"]]
